marca,modelo,ano_min,ano_max,anos_distintos,versoes,fonte
ABARTH,1000,1958,1970,4,BIALBERO|TC CORSA,the-oldtimers.com
ABARTH,1000 BIALBERO,1961,1961,1,GT COUPE,the-oldtimers.com
ABARTH,1000 GT,1964,1964,1,SPIDER PININFARINA,the-oldtimers.com
ABARTH,103 GT,1953,1953,1,COUPE GHIA,the-oldtimers.com
ABARTH,124,1971,1975,5,RALLY|RALLY 1.8,the-oldtimers.com
ABARTH,1300,1960,1970,11,ABARTH|SCORPIONE COUPE,the-oldtimers.com
ABARTH,1500,1952,1952,1,COUPE BIPOSTO,the-oldtimers.com
ABARTH,1600,1959,1963,4,COUPE|COUPE ALLEMANO|GT COUPE|SPIDER ALLEMANO,the-oldtimers.com
ABARTH,2000,1964,1969,2,COUPE SPECIALE,the-oldtimers.com
ABARTH,205,1951,1951,1,A BERLINETTA GT,the-oldtimers.com
ABARTH,207,1955,1955,1,A CORSA BOANO SPIDER,the-oldtimers.com
ABARTH,208,1955,1955,1,A SPIDER BOANO,the-oldtimers.com
ABARTH,209,1955,1955,1,A COUPE BOANO,the-oldtimers.com
ABARTH,210,1955,1955,1,A SPIDER BOANO,the-oldtimers.com
ABARTH,2200,1959,1961,3,COUPE|SPIDER,the-oldtimers.com
ABARTH,2400,1961,1962,2,ALLEMANO COUPE|CABRIOLET|COUPE,the-oldtimers.com
ABARTH,500,1957,1959,3,COUPE PININFARINA|ZAGATO,the-oldtimers.com
ABARTH,595,1963,1971,6,,the-oldtimers.com
ABARTH,600,1955,1962,8,,the-oldtimers.com
ABARTH,700,1960,1966,7,BIALBERO|BIALBERO CORSA BECCARIS|BIALBERO COUPE RECORD MONZA,the-oldtimers.com
ABARTH,750,1956,1965,10,215A COUPE|BIALBERO|COUPE SESTRIERE|SALOON|SPIDER ALLEMANO|VIOTTI|ZAGATO|ZAGATO SESTRIERE COUPE,the-oldtimers.com
ABARTH,800,1960,1960,1,SCORPIONE COUPE ALLEMANO,the-oldtimers.com
ABARTH,850,1959,1960,2,COUPE RECORD MONZA|RECORD MONZA,the-oldtimers.com
ABARTH,A 112,1969,1986,18,AUTOBIANCHI,the-oldtimers.com
ABARTH,BIALBERO,1959,1959,1,,the-oldtimers.com
ABARTH,COUPE,1955,1961,3,RECORD MONZA|SESTRIERE|SESTRIERE 800|SPORT 2000 GHIA,the-oldtimers.com
ABARTH,LANCIA 037,1983,1985,3,,the-oldtimers.com
ABARTH,MONO 1000,1963,1966,4,,the-oldtimers.com
ABARTH,MONOMILLE,1961,1961,1,,the-oldtimers.com
ABARTH,OT,1963,1969,7,1000 COUPE PININFARINA|1000 SPIDER BERTONE|2000 BERLINA|2000 COUPE AMERICA|BERLINA,the-oldtimers.com
ABARTH,RENAULT,1954,1959,6,FREGATE|FREGATE 2000,the-oldtimers.com
ABARTH,SIMCA,1954,1954,1,GT COUPE,the-oldtimers.com
ABARTH,SPIDER,1959,1960,2,RIVIERA|RIVIERA 800,the-oldtimers.com
ABARTH,STOLA,1998,1998,1,MONOTIPO,the-oldtimers.com
AC,2-LITRE,1948,1958,7,,the-oldtimers.com
AC,427,1965,1965,1,,the-oldtimers.com
AC,428,1967,1975,7,AUTOMATIC|CONVERTIBLE|COUPE,the-oldtimers.com
AC,ACE,1953,1986,7,2.0 TURBO|2.6 ZEPHYR|BRISTOL 2000,the-oldtimers.com
AC,ACECA,1954,1965,11,,the-oldtimers.com
AC,ACECA-BRISTOL,1956,1956,1,,the-oldtimers.com
AC,COBRA,1961,1985,8,4.9 MK IV|MK IV,the-oldtimers.com
AC,GREYHOUND,1959,1963,5,,the-oldtimers.com
ACURA,CL-X,1995,1995,1,CONCEPT,the-oldtimers.com
ACURA,INTEGRA,1986,1995,10,1.5 3 DOOR|1.5 3 DOOR AUTOMATIC|1.5 5 DOOR|1.5 5 DOOR AUTOMATIC|1.6 3 DOOR|1.6 3 DOOR AUTOMATIC|1.6 5 DOOR|1.6 5 DOOR AUTOMATIC|1.6 COUPE|1.6 SEDAN|1.7 COUPE|1.7 SEDAN|1.8 COUPE|1.8 SEDAN|GS-R SEDAN,the-oldtimers.com
ACURA,LEGEND,1986,1995,7,AUTOMATIC|COUPE|COUPE AUTOMATIC|SEDAN,the-oldtimers.com
ACURA,NSX,1991,1995,5,T TWIN TURBO LIMITED,the-oldtimers.com
ACURA,VIGOR,1992,1995,4,,the-oldtimers.com
ADLER,10 28 PS,1909,1912,4,,the-oldtimers.com
ADLER,10 50 PS,1925,1927,3,,the-oldtimers.com
ADLER,11 18 PS,1907,1910,4,,the-oldtimers.com
ADLER,12 30 PS,1914,1914,1,,the-oldtimers.com
ADLER,12 34 12 40 PS,1921,1924,4,,the-oldtimers.com
ADLER,13 30 PS,1909,1912,4,,the-oldtimers.com
ADLER,15 40 PS,1913,1914,2,,the-oldtimers.com
ADLER,18 60 PS,1921,1924,4,,the-oldtimers.com
ADLER,18 80 PS,1925,1927,3,,the-oldtimers.com
ADLER,19 45 PS,1909,1912,4,,the-oldtimers.com
ADLER,2 LITER,1938,1940,3,,the-oldtimers.com
ADLER,20 50 PS,1912,1914,3,,the-oldtimers.com
ADLER,23 50 PS,1909,1912,4,,the-oldtimers.com
ADLER,24 28 PS,1904,1905,2,,the-oldtimers.com
ADLER,25 55 PS,1913,1914,2,,the-oldtimers.com
ADLER,25 LITER,1937,1938,2,,the-oldtimers.com
ADLER,25 LITER SPORT,1938,1939,2,,the-oldtimers.com
ADLER,30 70 PS,1911,1914,4,,the-oldtimers.com
ADLER,35 80 PS,1911,1914,4,,the-oldtimers.com
ADLER,4 8 PS,1906,1907,2,,the-oldtimers.com
ADLER,45 PS,1900,1903,4,,the-oldtimers.com
ADLER,5 9 PS,1907,1909,3,,the-oldtimers.com
ADLER,6 22 PS,1922,1923,2,,the-oldtimers.com
ADLER,6 25 PS,1925,1928,4,,the-oldtimers.com
ADLER,8 12 8 14 PS,1904,1906,3,,the-oldtimers.com
ADLER,8 15 PS,1907,1910,4,,the-oldtimers.com
ADLER,8 PS,1901,1903,3,,the-oldtimers.com
ADLER,9 24 9 30 PS,1921,1924,4,,the-oldtimers.com
ADLER,9 24 PS,1913,1914,2,,the-oldtimers.com
ADLER,ACHTZYLINDER,1933,1934,2,,the-oldtimers.com
ADLER,ADLER LANDAULET,1911,1911,1,,the-oldtimers.com
ADLER,DIPLOMAT,1934,1938,5,,the-oldtimers.com
ADLER,FAVORIT,1929,1933,5,,the-oldtimers.com
ADLER,FAVORIT 2U,1933,1934,2,,the-oldtimers.com
ADLER,K 5 13 PS,1911,1920,10,,the-oldtimers.com
ADLER,K 7 15 PS,1910,1913,4,,the-oldtimers.com
ADLER,KL 6 16 PS,1913,1920,8,,the-oldtimers.com
ADLER,KL 7 17 PS,1910,1913,4,,the-oldtimers.com
ADLER,PRIMUS 15 A,1932,1934,3,,the-oldtimers.com
ADLER,PRIMUS 17 A,1933,1936,4,,the-oldtimers.com
ADLER,PRIMUS 17 E,1937,1938,2,,the-oldtimers.com
ADLER,STANDARD 6,1927,1928,2,,the-oldtimers.com
ADLER,STANDARD 6 3U,1933,1934,2,,the-oldtimers.com
ADLER,STANDARD 6 A S,1928,1934,7,,the-oldtimers.com
ADLER,STANDARD 8,1928,1933,6,,the-oldtimers.com
ADLER,TRUMPF 15 AV,1932,1934,3,,the-oldtimers.com
ADLER,TRUMPF 17 AV,1933,1936,4,,the-oldtimers.com
ADLER,TRUMPF 17 EV,1936,1938,3,,the-oldtimers.com
ADLER,TRUMPF JUNIOR 1G E,1934,1941,8,,the-oldtimers.com
ADLER,TRUMPF JUNIOR SPORT,1935,1937,3,,the-oldtimers.com
ADLER,TRUMPF SPORT,1933,1935,3,,the-oldtimers.com
ADLER,VIS-A-VIS,1900,1903,4,,the-oldtimers.com
AERO,150,1945,1947,3,,the-oldtimers.com
AERO,30,1934,1947,14,,the-oldtimers.com
AERO,50,1936,1942,7,,the-oldtimers.com
AERO,MINOR II,1946,1951,6,,the-oldtimers.com
ALFA ROMEO,145,1994,1995,2,1.9 D,the-oldtimers.com
ALFA ROMEO,146,1995,1995,1,TI,the-oldtimers.com
ALFA ROMEO,155,1992,1995,4,1.6 T.SPARK|1.8 T.SPARK|1.9 DIESEL|2.5 D|2.5 V6|Q4|V6 TI,the-oldtimers.com
ALFA ROMEO,158 159 ALFETTA,1938,1951,8,,the-oldtimers.com
ALFA ROMEO,164,1987,1995,9,2.0 T.SPARK|2.0 TURBO|3.0 V6|3.0 V6 AUTOMATIC|3.0 V6 SUPER|CLOVERLEAF|SUPER|TS SUPER|TURBO DIESEL|TURBO DIESEL SUPER|V6 TURBO,the-oldtimers.com
ALFA ROMEO,175,1967,1967,1,GT AM,the-oldtimers.com
ALFA ROMEO,1750,1967,1972,6,BERLINA|GT AM|GTV|SPIDER VELOCE,the-oldtimers.com
ALFA ROMEO,179,1980,1980,1,RACE CAR,the-oldtimers.com
ALFA ROMEO,1900,1950,1959,10,BERLINA|C|COUPE|SPRINT,the-oldtimers.com
ALFA ROMEO,2000,1958,1989,7,BERLINA|SPIDER|SPIDER VELOCE,the-oldtimers.com
ALFA ROMEO,2500,1948,1951,4,SS PININ FARINA,the-oldtimers.com
ALFA ROMEO,2600,1961,1968,8,DE LUXE|SPIDER|SPRINT|SZ,the-oldtimers.com
ALFA ROMEO,33,1967,1995,17,1.3 SPORTWAGON|1.3 SPORTWAGON 4X4|1.5 GIARDINETTA|1.5 IE|1.7 IE|1.7 IE QUADRIFOGLIO VERDE 4|1.7 IE SPORTWAGON QV4|1.7 SPORTWAGON|1.8 SPORTWAGON TD INTERCOOLER|1.8 TD ECO|RACE|RACE 2|SPORT WAGON|SPORT WAGON 1.7|SPORTWAGON|STRADALE|TI|TT RACE CAR,the-oldtimers.com
ALFA ROMEO,33 RACE,1968,1974,4,,the-oldtimers.com
ALFA ROMEO,33 STRADALE,1967,1969,3,,the-oldtimers.com
ALFA ROMEO,33 TT,1975,1979,4,RACE CAR,the-oldtimers.com
ALFA ROMEO,6C,1938,1954,17,2500 FRECCIA DORO|2500 SPORT|2500 SUPER SPORT CORSA|SUPER SPORT CORSA,the-oldtimers.com
ALFA ROMEO,75,1985,1992,8,1.6 IE|1.8 TURBO|1.8 TURBO QUADRIFOGLIO|2.0 D|2.0 TURBO DIESEL|2.4 D|2.4 TURBO DIESEL|3.0 AUTOMATIC|3.0 V6|V6|V6 AUTOMATIC|V6 GREEN CLOVERLEAF,the-oldtimers.com
ALFA ROMEO,8C,1931,1939,9,2900B,the-oldtimers.com
ALFA ROMEO,90,1984,1987,4,2.0 V6|2.4 D|2.4 TURBO DIESEL|GOLD CLOVERLEAF,the-oldtimers.com
ALFA ROMEO,ALFA,1984,1984,1,,the-oldtimers.com
ALFA ROMEO,ALFA 6,1979,1986,8,2.5 D,the-oldtimers.com
ALFA ROMEO,ALFASUD,1971,1989,19,1.2 GIARDINETTA|1.3 GIARDINETTA|1.3 SPRINT|1.4 GIARDINETTA|1.5 GIARDINETTA|1.5 SC|1.5 SPRINT|1.5 TI QV|1.7 SPRINT|1300 SPRINT|BERLINA|BERLINA SUPER|CAIMANO|GIARDINETTA|SPRINT|SPRINT 1.3|SPRINT 1.3 COUPE|SPRINT TI|SPRINT VELOCE 1.3 COUPE|SPRINT VELOCE 1.5 COUPE|TI,the-oldtimers.com
ALFA ROMEO,ALFETTA,1972,1987,16,2.0 D|2.4 D|COUPE 1.6|COUPE 1.8|GTV|GTV 1.8 TWIN SPARK|GTV 2000|TURBODELTA,the-oldtimers.com
ALFA ROMEO,AR 51,1952,1954,3,,the-oldtimers.com
ALFA ROMEO,ARNA,1983,1987,5,,the-oldtimers.com
ALFA ROMEO,BERLINA,1970,1977,8,,the-oldtimers.com
ALFA ROMEO,CAIMANO,1971,1971,1,,the-oldtimers.com
ALFA ROMEO,CARABO,1968,1968,1,,the-oldtimers.com
ALFA ROMEO,COUPE,1969,1969,1,,the-oldtimers.com
ALFA ROMEO,CUNEO,1971,1971,1,,the-oldtimers.com
ALFA ROMEO,DISCO VOLANTE,1952,1952,1,SPIDER 1900,the-oldtimers.com
ALFA ROMEO,EAGLE,1975,1975,1,SPIDER-COUPE,the-oldtimers.com
ALFA ROMEO,GIULIA,1962,1977,13,1.6 SPRINT SPECIAL|1.6 SUPER|1.8 D|1300 SUPER|1300 TI SUPER|1600 GTA|1600 SPIDER|1600 SPIDER DUETTO|1600 SPRINT SPECIAL|1600 SS|1600 SUPER|1600S|NUOVA SUPER 1300|NUOVA SUPER 1600|SUPER|TZ|TZ2,the-oldtimers.com
ALFA ROMEO,GIULIETTA,1954,1984,16,1300 SZ|2.0 TURBODELTA|BERLINA 1300|BERLINA 1300 TI|SPIDER|SPIDER VELOCE|SPRINT|SPRINT 1300|SPRINT SPECIALE|SPRINT VELOCE|TURBO D,the-oldtimers.com
ALFA ROMEO,GP 158,1950,1950,1,,the-oldtimers.com
ALFA ROMEO,GP 159,1951,1956,6,,the-oldtimers.com
ALFA ROMEO,GRADUATE,1987,1987,1,,the-oldtimers.com
ALFA ROMEO,GT,1966,1977,12,1.3 JUNIOR|1.3 JUNIOR Z|1.6 JUNIOR|1600 JUNIOR|1600 JUNIOR Z|JUNIOR|JUNIOR 1300|VELOCE,the-oldtimers.com
ALFA ROMEO,GTA,1967,1972,6,1300 JUNIOR,the-oldtimers.com
ALFA ROMEO,GTV,1967,1995,22,2.0 TS,the-oldtimers.com
ALFA ROMEO,GTV6,1981,1984,2,,the-oldtimers.com
ALFA ROMEO,JUNIOR,1968,1975,8,Z|Z 1.6,the-oldtimers.com
ALFA ROMEO,MONTREAL,1970,1977,8,,the-oldtimers.com
ALFA ROMEO,NAVAJO,1976,1976,1,,the-oldtimers.com
ALFA ROMEO,PROTEO,1991,1991,1,,the-oldtimers.com
ALFA ROMEO,RZ,1992,1994,3,,the-oldtimers.com
ALFA ROMEO,SCARABEO,1966,1966,1,,the-oldtimers.com
ALFA ROMEO,SPIDER,1958,1997,34,1300 JUNIOR|DUETTO 1750 VELOCE|INJECTION|VELOCE,the-oldtimers.com
ALFA ROMEO,SPORTIVA,1956,1956,1,,the-oldtimers.com
ALFA ROMEO,SPRINT,1976,1988,3,1.7 QV|QUADROFOGLIO VERDE,the-oldtimers.com
ALFA ROMEO,SZ,1989,1991,3,,the-oldtimers.com
ALLARD,21C PALM BEACH,1952,1956,5,,the-oldtimers.com
ALLARD,21Z PALM BEACH,1952,1956,5,,the-oldtimers.com
ALLARD,72XK PALM BEACH,1956,1960,5,,the-oldtimers.com
ALLARD,72Z PALM BEACH,1956,1960,5,,the-oldtimers.com
ALLARD,GRAN TURISMO,1957,1960,4,,the-oldtimers.com
ALLARD,J1,1946,1947,2,,the-oldtimers.com
ALLARD,J2,1949,1954,6,,the-oldtimers.com
ALLARD,J2R,1956,1956,1,,the-oldtimers.com
ALLARD,J2X,1951,1954,4,,the-oldtimers.com
ALLARD,K1,1946,1950,5,,the-oldtimers.com
ALLARD,K2,1950,1953,4,,the-oldtimers.com
ALLARD,K3,1952,1956,5,,the-oldtimers.com
ALLARD,L,1946,1950,5,,the-oldtimers.com
ALLARD,M,1947,1950,4,,the-oldtimers.com
ALLARD,M2,1951,1951,1,,the-oldtimers.com
ALLARD,M2X,1951,1952,2,,the-oldtimers.com
ALLARD,P1,1949,1952,4,,the-oldtimers.com
ALLARD,P2,1952,1956,5,,the-oldtimers.com
ALLARD,SAFARI,1952,1952,1,,the-oldtimers.com
ALLARD,V12,1938,1939,2,,the-oldtimers.com
ALLARD,V8,1937,1939,3,,the-oldtimers.com
ALPINA,B 10,1981,1989,2,BI-TURBO,the-oldtimers.com
ALPINA,B3,1993,1993,1,,the-oldtimers.com
ALPINE,A 106,1955,1961,7,,the-oldtimers.com
ALPINE,A 108,1958,1965,8,,the-oldtimers.com
ALPINE,A 110,1961,1977,17,,the-oldtimers.com
ALPINE,A 310,1971,1984,14,,the-oldtimers.com
ALPINE,GTA A 610,1984,1995,12,,the-oldtimers.com
ALVIS,10 30,1920,1923,4,,the-oldtimers.com
ALVIS,11 40,1921,1923,3,,the-oldtimers.com
ALVIS,12 40,1922,1925,4,,the-oldtimers.com
ALVIS,12 50,1923,1932,10,,the-oldtimers.com
ALVIS,12 60,1931,1932,2,,the-oldtimers.com
ALVIS,12 70,1938,1940,3,,the-oldtimers.com
ALVIS,12 75,1928,1931,4,,the-oldtimers.com
ALVIS,12 80,1926,1926,1,,the-oldtimers.com
ALVIS,14.75,1927,1929,3,,the-oldtimers.com
ALVIS,312 LITRE,1935,1936,2,,the-oldtimers.com
ALVIS,4.3 LITRE,1937,1940,4,,the-oldtimers.com
ALVIS,CRESTED EAGLE,1933,1940,8,,the-oldtimers.com
ALVIS,FIREBIRD,1935,1939,5,,the-oldtimers.com
ALVIS,FIREFLY,1933,1934,2,,the-oldtimers.com
ALVIS,SILVER CREST,1937,1940,4,,the-oldtimers.com
ALVIS,SILVER EAGLE,1929,1936,8,,the-oldtimers.com
ALVIS,SPEED 20,1932,1936,5,,the-oldtimers.com
ALVIS,SPEED 25,1936,1940,5,,the-oldtimers.com
ALVIS,TA 14,1946,1950,5,,the-oldtimers.com
ALVIS,TA 21,1950,1953,4,,the-oldtimers.com
ALVIS,TB 14,1948,1950,3,,the-oldtimers.com
ALVIS,TB 21,1950,1953,4,,the-oldtimers.com
ALVIS,TC 108 G,1955,1958,4,,the-oldtimers.com
ALVIS,TC 21,1953,1955,3,,the-oldtimers.com
ALVIS,TD,1958,1959,2,21 AUTOMATIC,the-oldtimers.com
ALVIS,TD 21,1958,1963,6,,the-oldtimers.com
ALVIS,TE 21,1964,1966,3,,the-oldtimers.com
ALVIS,TF 21,1966,1967,2,,the-oldtimers.com
ALVIS,ULSTER T T,1928,1929,2,,the-oldtimers.com
AMC,AMBASSADOR,1958,1974,17,,the-oldtimers.com
AMC,AMX,1968,1970,3,,the-oldtimers.com
AMC,GREMLIN,1970,1978,9,,the-oldtimers.com
AMC,HORNET,1970,1977,8,,the-oldtimers.com
AMC,JAVELIN,1967,1974,8,,the-oldtimers.com
AMC,MATADOR,1970,1978,9,,the-oldtimers.com
AMC,PACER,1975,1979,5,,the-oldtimers.com
AMILCAR,C4,1922,1922,1,,the-oldtimers.com
AMILCAR,C6,1927,1927,1,,the-oldtimers.com
AMILCAR,C8,1929,1929,1,,the-oldtimers.com
AMILCAR,CC,1922,1922,1,,the-oldtimers.com
AMILCAR,CGS,1924,1924,1,,the-oldtimers.com
AMILCAR,CGSS,1926,1926,1,,the-oldtimers.com
AMILCAR,COMPOUND,1938,1938,1,,the-oldtimers.com
AMILCAR,CS,1925,1925,1,,the-oldtimers.com
AMILCAR,CS8,1930,1930,1,,the-oldtimers.com
AMILCAR,E,1923,1923,1,,the-oldtimers.com
AMILCAR,M,1928,1928,1,,the-oldtimers.com
AMILCAR,PEGASE,1934,1934,1,,the-oldtimers.com
AMPHICAR,770,1961,1968,8,,the-oldtimers.com
ARMSTRONG-SIDDELEY,12 PLUS,1936,1939,4,,the-oldtimers.com
ARMSTRONG-SIDDELEY,15 6,1928,1934,7,,the-oldtimers.com
ARMSTRONG-SIDDELEY,16,1938,1941,4,,the-oldtimers.com
ARMSTRONG-SIDDELEY,18 50,1925,1926,2,,the-oldtimers.com
ARMSTRONG-SIDDELEY,20 25,1936,1940,5,,the-oldtimers.com
ARMSTRONG-SIDDELEY,EIGHTEEN,1921,1925,5,,the-oldtimers.com
ARMSTRONG-SIDDELEY,FIFTEEN,1927,1929,3,,the-oldtimers.com
ARMSTRONG-SIDDELEY,FOUR-FOURTEEN,1923,1929,7,,the-oldtimers.com
ARMSTRONG-SIDDELEY,HURRICANE 16,1945,1953,9,,the-oldtimers.com
ARMSTRONG-SIDDELEY,HURRICANE 18,1945,1953,9,,the-oldtimers.com
ARMSTRONG-SIDDELEY,LANCASTER 16,1945,1952,8,,the-oldtimers.com
ARMSTRONG-SIDDELEY,LANCASTER 18,1945,1952,8,,the-oldtimers.com
ARMSTRONG-SIDDELEY,LONG 17,1935,1939,5,,the-oldtimers.com
ARMSTRONG-SIDDELEY,SAPPHIRE 234,1955,1958,4,,the-oldtimers.com
ARMSTRONG-SIDDELEY,SAPPHIRE 236,1955,1957,3,,the-oldtimers.com
ARMSTRONG-SIDDELEY,SAPPHIRE 346,1952,1958,7,,the-oldtimers.com
ARMSTRONG-SIDDELEY,SHORT 17,1935,1938,4,,the-oldtimers.com
ARMSTRONG-SIDDELEY,SIDDELEY SPECIAL,1933,1937,5,,the-oldtimers.com
ARMSTRONG-SIDDELEY,STAR SAPPHIRE,1958,1960,3,,the-oldtimers.com
ARMSTRONG-SIDDELEY,STAR SAPPHIRE MK II,1960,1960,1,,the-oldtimers.com
ARMSTRONG-SIDDELEY,TEMPEST,1946,1949,4,,the-oldtimers.com
ARMSTRONG-SIDDELEY,THIRTY,1919,1931,13,,the-oldtimers.com
ARMSTRONG-SIDDELEY,TWELVE,1929,1937,9,,the-oldtimers.com
ARMSTRONG-SIDDELEY,TWENTY,1926,1936,11,,the-oldtimers.com
ARMSTRONG-SIDDELEY,TYPHOON,1946,1949,4,,the-oldtimers.com
ARMSTRONG-SIDDELEY,WHITLEY 18,1949,1953,5,,the-oldtimers.com
ARNOLT-BRISTOL,ARNOLT-BRISTOL,1953,1959,7,,the-oldtimers.com
ASTON MARTIN,15 98,1937,1939,3,,the-oldtimers.com
ASTON MARTIN,2-LITRE SPORTS,1948,1950,3,,the-oldtimers.com
ASTON MARTIN,DB2,1950,1957,8,,the-oldtimers.com
ASTON MARTIN,DB3,1957,1959,3,,the-oldtimers.com
ASTON MARTIN,DB4,1958,1963,6,,the-oldtimers.com
ASTON MARTIN,DB5,1963,1965,3,,the-oldtimers.com
ASTON MARTIN,DB6,1966,1968,3,VANTAGE|VOLANTE,the-oldtimers.com
ASTON MARTIN,DBS,1967,1972,6,,the-oldtimers.com
ASTON MARTIN,LAGONDA,1976,1986,11,V8 AUTOMATIC,the-oldtimers.com
ASTON MARTIN,V8,1969,1989,21,,the-oldtimers.com
ASTON MARTIN,V8 VOLANTE,1978,1989,11,AUTOMATIC,the-oldtimers.com
ASTON MARTIN,V8 ZAGATO,1986,1990,5,,the-oldtimers.com
ASTON MARTIN,VIRAGE,1989,2000,12,,the-oldtimers.com
AUDI,100,1969,1994,26,,the-oldtimers.com
AUDI,200,1968,1994,27,,the-oldtimers.com
AUDI,4000,1980,1987,8,CS|S,the-oldtimers.com
AUDI,50,1974,1978,5,,the-oldtimers.com
AUDI,5000,1978,1983,6,,the-oldtimers.com
AUDI,80,1966,1977,8,VARIANT,the-oldtimers.com
AUDI,90,1968,1991,9,,the-oldtimers.com
AUDI,COUPE,1984,1984,1,2.2 AUTOMATIC,the-oldtimers.com
AUDI,FOX,1973,1979,7,GL|GLE|LS,the-oldtimers.com
AUDI,QUATTRO,1980,1991,12,,the-oldtimers.com
AUDI,S2,1990,1995,6,,the-oldtimers.com
AUDI,TYP C,1912,1921,10,,the-oldtimers.com
AUDI,V8,1988,1993,6,,the-oldtimers.com
AUDI,VARIANT,1965,1972,8,,the-oldtimers.com
AUSTIN,10 HP,1942,1947,5,,the-oldtimers.com
AUSTIN,1300,1967,1967,1,SALOON,the-oldtimers.com
AUSTIN,16,1945,1949,3,,the-oldtimers.com
AUSTIN,1800,1972,1975,3,,the-oldtimers.com
AUSTIN,2200,1972,1972,1,,the-oldtimers.com
AUSTIN,3,1970,1971,2,LITRE,the-oldtimers.com
AUSTIN,3-LITRE,1967,1969,3,,the-oldtimers.com
AUSTIN,7,1959,1959,1,,the-oldtimers.com
AUSTIN,8,1941,1947,6,HP,the-oldtimers.com
AUSTIN,A,1951,1961,3,1.5 D 60 CAMBRIDGE,the-oldtimers.com
AUSTIN,A 110,1948,1964,5,MK II,the-oldtimers.com
AUSTIN,A 125,1947,1954,8,,the-oldtimers.com
AUSTIN,A 135,1954,1959,3,PRINCESS|PRINCESS LIMOUSINE|PRINCESS MARK IV,the-oldtimers.com
AUSTIN,A 30,1952,1955,4,,the-oldtimers.com
AUSTIN,A 35,1957,1957,1,,the-oldtimers.com
AUSTIN,A 40,1949,1967,12,CAMBRIDGE|DORSET|FARINA MK1|MK II|SOMERSET|SOMERSET COUPE|SPORT CONVERTIBLE,the-oldtimers.com
AUSTIN,A 55,1954,1961,5,CAMBRIDGE|CAMBRIDGE MK II,the-oldtimers.com
AUSTIN,A 60,1961,1967,5,CAMBRIDGE,the-oldtimers.com
AUSTIN,A 70,1948,1952,4,HEREFORD,the-oldtimers.com
AUSTIN,A 90,1948,1966,12,ATLANTIC|SPORTS SALOON|WESTMINSTER,the-oldtimers.com
AUSTIN,A 95,1957,1959,3,,the-oldtimers.com
AUSTIN,A 99,1960,1963,4,,the-oldtimers.com
AUSTIN,A135,1950,1958,2,PRINCESS,the-oldtimers.com
AUSTIN,ALLEGRO,1972,1983,11,1.3 ESTATE|1.5 AUTOMATIC|1.7 AUTOMATIC|ESTATE,the-oldtimers.com
AUSTIN,AMBASSADOR,1982,1984,3,2.0 AUTOMATIC|AUTOMATIC,the-oldtimers.com
AUSTIN,MAESTRO,1983,1990,6,1.3 CITY|1.6 AUTOMATIC,the-oldtimers.com
AUSTIN,MARINA,1972,1981,7,AUTOMATIC,the-oldtimers.com
AUSTIN,MAXI,1969,1980,8,1750 AUTOMATIC|HLS|L,the-oldtimers.com
AUSTIN,MINI CLUBMAN,1969,1969,1,,the-oldtimers.com
AUSTIN,MINI COOPER,1961,1964,2,1275S,the-oldtimers.com
AUSTIN,MINI METRO,1980,1980,1,1.3 S,the-oldtimers.com
AUSTIN,MINI SKY,1989,1989,1,,the-oldtimers.com
AUSTIN,MONTEGO,1984,1994,9,2.0 D BREAK|2.0 EFI|2.0 TURBO DSL|BREAK,the-oldtimers.com
AUSTIN,PRINCESS,1951,1982,16,LIMOUSINE,the-oldtimers.com
AUSTIN-HEALEY,100,1952,1958,6,S|SIX,the-oldtimers.com
AUSTIN-HEALEY,3000,1959,1960,2,,the-oldtimers.com
AUSTIN-HEALEY,3000 MK II,1961,1962,2,,the-oldtimers.com
AUSTIN-HEALEY,3000 MK III,1963,1967,5,,the-oldtimers.com
AUSTIN-HEALEY,SPORTS CONVERTIBLE,1953,1958,6,,the-oldtimers.com
AUSTIN-HEALEY,SPRITE,1958,1971,9,MK III|MK IV|MK V,the-oldtimers.com
AUSTIN-HEALEY,TICKFORD,1952,1957,6,SALOON,the-oldtimers.com
AUSTRO-DAIMLER,ADR,1927,1934,8,,the-oldtimers.com
AUTOBIANCHI,A 112,1969,1985,17,ABARTH,the-oldtimers.com
AUTOBIANCHI,BIANCHINA,1957,1976,20,CABRIOLET|CABRIOLET 500|GIARDINIERA|GIARDINIERA 500|PANORAMICA|PANORAMICA 0.5,the-oldtimers.com
AUTOBIANCHI,PRIMULA,1964,1970,7,COUPE,the-oldtimers.com
AUTOBIANCHI,STELLINA,1964,1965,2,,the-oldtimers.com
AUVERLAND,A3,1990,1995,6,1.9 D|L,the-oldtimers.com
AUVERLAND,A4,1990,1990,1,,the-oldtimers.com
AVANTI,AVANTI,1965,1989,25,6.6 AUTOMATIC|AUTOMATIC|II LIMOUSINE,the-oldtimers.com
AWZ,IFA F8,1949,1955,7,,the-oldtimers.com
AWZ,IFA F9,1950,1953,4,,the-oldtimers.com
AWZ,P50,1958,1962,5,,the-oldtimers.com
AWZ,P70,1955,1959,5,,the-oldtimers.com
BAKER,BAKER,1904,1914,11,,the-oldtimers.com
BARKAS,B 1000,1961,1991,31,,the-oldtimers.com
BARKAS,IFA P2M,1952,1958,7,,the-oldtimers.com
BARKAS,V 901 2,1954,1961,8,,the-oldtimers.com
BEIJING,BJ 2020,1991,1995,5,KUANGCAO|KUANGCAO 2.4,the-oldtimers.com
BEIJING,BJ 2021,1985,1995,11,4.0 CHEROKEE|CHEROKEE,the-oldtimers.com
BEIJING,BJ 212,1964,1993,5,,the-oldtimers.com
BENTLEY,412 LITRE,1927,1931,5,SUPERCHARGED,the-oldtimers.com
BENTLEY,AZURE,1995,1995,1,,the-oldtimers.com
BENTLEY,BROOKLANDS,1992,1998,7,,the-oldtimers.com
BENTLEY,CONTINENTAL,1988,1995,2,R,the-oldtimers.com
BENTLEY,MARK VI,1946,1953,8,SALOON,the-oldtimers.com
BENTLEY,MK V,1941,1941,1,,the-oldtimers.com
BENTLEY,MULSANNE,1980,1987,8,TURBO|TURBO R,the-oldtimers.com
BENTLEY,PETERSEN DARTMOOR,1951,1951,1,,the-oldtimers.com
BENTLEY,R TYPE CONTINENTAL,1952,1955,4,R TYPE,the-oldtimers.com
BENTLEY,S1,1955,1958,4,CONTINENTAL,the-oldtimers.com
BENTLEY,S2,1959,1962,4,CONTINENTAL,the-oldtimers.com
BENTLEY,T,1977,1981,5,,the-oldtimers.com
BENTLEY,T2,1978,1978,1,,the-oldtimers.com
BENTLEY,TURBO,1990,1995,3,R|S,the-oldtimers.com
BERKELEY,B,1959,1959,1,,the-oldtimers.com
BERKELEY,B 95,1959,1959,1,,the-oldtimers.com
BERKELEY,FOURSOME,1958,1959,2,,the-oldtimers.com
BERKELEY,QB,1959,1959,1,,the-oldtimers.com
BERKELEY,SPORTS,1957,1957,1,,the-oldtimers.com
BERKELEY,TWOSOME,1956,1961,6,,the-oldtimers.com
BITTER,CD,1973,1979,7,,the-oldtimers.com
BITTER,DIPLOMAT,1974,1979,6,CD,the-oldtimers.com
BITTER,SC,1979,1986,8,AUTOMATIC|COUPE|SEDAN|SEDAN 3.9|SPIDER|SPIDER 3.9,the-oldtimers.com
BITTER,TYPE III,1988,1988,1,,the-oldtimers.com
BIZZARRINI,A3C,1964,1968,4,,the-oldtimers.com
BIZZARRINI,GT,1966,1971,6,EUROPA,the-oldtimers.com
BIZZARRINI,MANTA,1968,1973,6,,the-oldtimers.com
BMW,00 SERIES NEW CLASS,1962,1972,11,2000 COUPE TI|2000 CS,the-oldtimers.com
BMW,02 SERIES,1966,1977,12,2002 CABRIOLET|2002 TI|2002 TII|2002 TOURING|2002 TURBO|BAUR TARGA,the-oldtimers.com
BMW,2004,1973,1973,1,,the-oldtimers.com
BMW,2800 CS,1968,1971,4,E 9,the-oldtimers.com
BMW,3 15PS,1927,1931,5,,the-oldtimers.com
BMW,3 SERIES,1975,2000,26,E 21|E 21 315|E 21 316|E 21 318|E 21 320|E 21 323|E 21 325|E 21 333|E 30|E 30 316|E 30 318|E 30 320|E 30 323|E 30 324|E 30 325|E 30 333|E 36|E 36 316|E 36 318|E 36 320|E 36 325|E 36 330,the-oldtimers.com
BMW,3.0 CS,1971,1975,5,E 9,the-oldtimers.com
BMW,3.3,1973,1976,2,L|LI,the-oldtimers.com
BMW,303,1933,1934,2,,the-oldtimers.com
BMW,3200 CS,1962,1965,4,,the-oldtimers.com
BMW,328,1936,1940,5,,the-oldtimers.com
BMW,340,1949,1954,6,,the-oldtimers.com
BMW,5 SERIES,1972,1995,24,E 12|E 12 518|E 12 520|E 12 525|E 12 528|E 12 530|E 28|E 28 525|E 28 528|E 34 518|E 34 520|E 34 525|E 34 528|E 34 530|E 34 535|E 34 538|E 34 540|E 34 545,the-oldtimers.com
BMW,501,1952,1962,11,,the-oldtimers.com
BMW,502,1954,1964,11,,the-oldtimers.com
BMW,503,1956,1959,4,,the-oldtimers.com
BMW,507,1956,1959,4,,the-oldtimers.com
BMW,6 SERIES,1976,1989,14,E 24|E 24 628|E 24 628 CSI|E 24 630|E 24 633|E 24 633 CSI,the-oldtimers.com
BMW,600,1957,1959,3,,the-oldtimers.com
BMW,7 SERIES,1977,1994,17,E 23 725|E 23 728|E 23 730|E 23 733|E 23 735|E 32|E 32 730|E 32 740|E 32 745|E 32 750,the-oldtimers.com
BMW,700,1959,1965,7,,the-oldtimers.com
BMW,8 SERIES,1989,1999,11,E 31|E 31 840|E 31 850|E 31 854|E 31 856,the-oldtimers.com
BMW,B7,1978,1978,1,TURBO S,the-oldtimers.com
BMW,CLS,1995,1995,1,,the-oldtimers.com
BMW,COUPE,1975,1975,1,3 LITRI,the-oldtimers.com
BMW,ISETTA,1955,1962,8,,the-oldtimers.com
BMW,M1,1972,1981,5,PROCAR,the-oldtimers.com
BMW,M12,1991,1991,1,NAZCA,the-oldtimers.com
BMW,M3,1985,1995,11,EVOLUTION|SPORTS EVOLUTION|US-VERSION,the-oldtimers.com
BMW,M5,1980,1995,12,E28|E34,the-oldtimers.com
BMW,M6,1983,1988,6,635 CSI|CSI,the-oldtimers.com
BMW,NEW SIX,1968,1977,10,E 3,the-oldtimers.com
BMW,TOURING,1971,1974,4,,the-oldtimers.com
BMW,TURBO CONCEPT CAR,1972,1972,1,,the-oldtimers.com
BMW,VERITAS RENNSPORTWAGEN,1949,1949,1,,the-oldtimers.com
BMW,Z1,1986,1991,6,,the-oldtimers.com
BMW,Z3,1995,1995,1,,the-oldtimers.com
BMW,Z8,2000,2003,4,,the-oldtimers.com
BORGWARD,2000,1938,1939,2,,the-oldtimers.com
BORGWARD,230,1967,1970,4,,the-oldtimers.com
BORGWARD,2300,1939,1942,4,,the-oldtimers.com
BORGWARD,ARABELLA,1959,1961,3,,the-oldtimers.com
BORGWARD,HANSA,1949,1958,10,,the-oldtimers.com
BORGWARD,ISABELLA,1954,1962,9,,the-oldtimers.com
BORGWARD,P 100,1959,1961,3,,the-oldtimers.com
BRENNABOR,A1 35 8 PS,1905,1911,7,,the-oldtimers.com
BRENNABOR,AK 10 45 PS,1927,1930,4,,the-oldtimers.com
BRENNABOR,AL 10 45 PS,1927,1930,4,,the-oldtimers.com
BRENNABOR,B 5 12 PS,1911,1913,3,,the-oldtimers.com
BRENNABOR,C 4 20,1931,1933,3,,the-oldtimers.com
BRENNABOR,C 6 18 PS,1910,1912,3,,the-oldtimers.com
BRENNABOR,D 10 20,1910,1911,2,,the-oldtimers.com
BRENNABOR,D 10 24,1910,1911,2,,the-oldtimers.com
BRENNABOR,D 4 22,1933,1933,1,,the-oldtimers.com
BRENNABOR,E 8 38 PS,1933,1933,1,,the-oldtimers.com
BRENNABOR,F 10 28 PS,1911,1914,4,,the-oldtimers.com
BRENNABOR,F 10 45 PS,1933,1933,1,,the-oldtimers.com
BRENNABOR,G 8 22 PS,1910,1914,5,,the-oldtimers.com
BRENNABOR,IDEAL,1929,1933,5,,the-oldtimers.com
BRENNABOR,IDEAL EXTRA,1930,1933,4,,the-oldtimers.com
BRENNABOR,JUWEL,1929,1932,4,,the-oldtimers.com
BRENNABOR,JUWEL FRONT,1931,1931,1,,the-oldtimers.com
BRENNABOR,L 6 18 PS,1911,1914,4,,the-oldtimers.com
BRENNABOR,M 6 16 PS,1914,1914,1,,the-oldtimers.com
BRENNABOR,P 8 24 PS,1919,1925,7,,the-oldtimers.com
BRENNABOR,P 8 32 PS,1925,1927,3,,the-oldtimers.com
BRENNABOR,R 6 25 PS,1925,1928,4,,the-oldtimers.com
BRENNABOR,S 6 20 PS,1922,1925,4,,the-oldtimers.com
BRENNABOR,Z 6 25 PS,1927,1929,3,,the-oldtimers.com
BRICKLIN,SV-1,1974,1975,2,,the-oldtimers.com
BRISTOL,400,1948,1951,3,,the-oldtimers.com
BRISTOL,401,1948,1952,5,,the-oldtimers.com
BRISTOL,402,1949,1949,1,,the-oldtimers.com
BRISTOL,403,1953,1955,3,,the-oldtimers.com
BRISTOL,404,1953,1953,1,,the-oldtimers.com
BRISTOL,405,1954,1958,5,,the-oldtimers.com
BRISTOL,406,1958,1961,4,ZAGATO,the-oldtimers.com
BRISTOL,407,1961,1962,2,,the-oldtimers.com
BRISTOL,408,1963,1965,3,,the-oldtimers.com
BRISTOL,409,1965,1967,3,,the-oldtimers.com
BRISTOL,410,1969,1969,1,,the-oldtimers.com
BRISTOL,411,1969,1975,6,MK IV,the-oldtimers.com
BRISTOL,412,1976,1982,7,,the-oldtimers.com
BRISTOL,450,1946,1951,6,,the-oldtimers.com
BRISTOL,603,1976,1976,1,,the-oldtimers.com
BRISTOL,BEAUFIGHTER,1982,1993,12,,the-oldtimers.com
BRISTOL,BLENHEIM,1993,1995,3,,the-oldtimers.com
BRISTOL,BRIGAND,1982,1982,1,TURBO,the-oldtimers.com
BRISTOL,BRITANNIA,1980,1980,1,,the-oldtimers.com
BRITISH LEYLAND,PRINCESS,1975,1981,7,,the-oldtimers.com
BSA,LIGHT 6 SALOON,1934,1936,3,,the-oldtimers.com
BSA,SCOUT,1935,1939,5,,the-oldtimers.com
BSA,TEN SALOON,1932,1936,5,,the-oldtimers.com
BUESSING,ZU-550,1903,1903,1,,the-oldtimers.com
BUGATTI,251,1955,1955,1,,the-oldtimers.com
BUGATTI,EB 110,1991,1995,5,CYAN|PROTOTYPE|SS|SUPER SPORT,the-oldtimers.com
BUGATTI,EB 112,1993,1993,1,,the-oldtimers.com
BUGATTI,ID 90,1990,1990,1,,the-oldtimers.com
BUGATTI,TYPE 101,1951,1956,6,,the-oldtimers.com
BUGATTI,TYPE 23,1920,1926,7,BRESCIA,the-oldtimers.com
BUGATTI,TYPE 40,1926,1930,5,,the-oldtimers.com
BUGATTI,TYPE 41,1927,1933,7,,the-oldtimers.com
BUGATTI,TYPE 57,1934,1940,7,,the-oldtimers.com
BUGATTI,TYPE 68,1941,1946,5,,the-oldtimers.com
BUGATTI,TYPE 73,1947,1952,5,,the-oldtimers.com
BUICK,40,1941,1958,15,,the-oldtimers.com
BUICK,70,1954,1954,1,ROADMASTER,the-oldtimers.com
BUICK,CENTURION,1970,1974,5,,the-oldtimers.com
BUICK,CENTURY,1936,1995,35,196 COUPE|196 SEDAN|196 STATION WAGON|2.2 COUPE|2.2 SEDAN|2.2 STATION WAGON|2.5 COUPE|2.5 SEDAN|2.5 STATION WAGON|2.8 COUPE|2.8 SEDAN|2.8 STATION WAGON|231 COUPE|231 SEDAN|231 STATION WAGON|265 COUPE|265 SEDAN|265 STATION WAGON|3.0 COUPE|3.0 SEDAN|3.0 STATION WAGON|3.1 SEDAN|3.1 STATION WAGON|3.3 COUPE|3.3 SEDAN|3.3 STATION WAGON|3.8 COUPE|3.8 SEDAN|3.8 STATION WAGON|301 COUPE|301 SEDAN|301 STATION WAGON|305 COUPE|305 SEDAN|305 STATION WAGON|350 COUPE|350 SEDAN|350 STATION WAGON|4.3 DIESEL COUPE|4.3 DIESEL SEDAN|4.3 DIESEL STATION WAGON|403 STATION WAGON|455 COUPE|455 SEDAN|455 STATION WAGON|CONVERTIBLE|COUPE|SEDAN|STATION WAGON|TURBO COUPE,the-oldtimers.com
BUICK,ELECTRA,1964,1990,18,5.7 D,the-oldtimers.com
BUICK,ESTATE,1976,1989,13,5.0 WAGON|5.7 D WAGON|6.6 WAGON|WAGON,the-oldtimers.com
BUICK,GS,1969,1974,5,,the-oldtimers.com
BUICK,INVICTA,1959,1962,3,,the-oldtimers.com
BUICK,LESABRE,1951,1995,21,5.7 D|COUPE|LIMITED THIN PILLAR SEDAN,the-oldtimers.com
BUICK,PARK AVENUE,1992,1995,4,ULTRA,the-oldtimers.com
BUICK,REATTA,1988,1991,3,,the-oldtimers.com
BUICK,REGAL,1977,1995,11,GNX|GRAND NATIONAL,the-oldtimers.com
BUICK,RIVIERA,1963,1995,21,COUPE,the-oldtimers.com
BUICK,ROADMASTER,1990,1995,6,5.7 WAGON|WAGON,the-oldtimers.com
BUICK,SKYHAWK,1977,1989,12,,the-oldtimers.com
BUICK,SKYLARK,1970,1990,11,CUSTOM|GS|SPORTWAGON,the-oldtimers.com
BUICK,WILDCAT,1985,1985,1,CONCEPT,the-oldtimers.com
CADILLAC,59,1959,1959,1,,the-oldtimers.com
CADILLAC,60,1941,1942,2,,the-oldtimers.com
CADILLAC,61,1941,1944,4,,the-oldtimers.com
CADILLAC,62,1941,1964,22,CONVERTIBLE|COUPE|SEDAN,the-oldtimers.com
CADILLAC,6239D,1956,1956,1,,the-oldtimers.com
CADILLAC,ALLANTE,1986,1993,6,,the-oldtimers.com
CADILLAC,AURORA,1990,1990,1,,the-oldtimers.com
CADILLAC,BIARRITZ,1958,1963,6,CONVERTIBLE,the-oldtimers.com
CADILLAC,BROUGHAM,1959,1992,21,,the-oldtimers.com
CADILLAC,CALAIS,1965,1975,10,COUPE|SEDAN,the-oldtimers.com
CADILLAC,CIMARRON,1981,1989,9,,the-oldtimers.com
CADILLAC,DEVILLE,1958,1995,34,CONVERTIBLE|COUPE|SEDAN,the-oldtimers.com
CADILLAC,ELDORADO,1953,1995,35,5.7 D|BROUGHAM|CONVERTIBLE|COUPE,the-oldtimers.com
CADILLAC,FLEETWOOD,1957,1993,8,75 BROUGHAM,the-oldtimers.com
CADILLAC,PARK AVENUE,1961,1963,3,,the-oldtimers.com
CADILLAC,SEVILLE,1958,1995,22,5.7 D|STS,the-oldtimers.com
CADILLAC,SIXTY,1958,1970,8,SPECIAL,the-oldtimers.com
CADILLAC,SOLITAIRE,1989,1989,1,CONCEPT,the-oldtimers.com
CATERHAM,1700,1985,1986,2,SUPER SPRINT,the-oldtimers.com
CATERHAM,21,1995,1995,1,1.6 SUPER SPORT,the-oldtimers.com
CATERHAM,SEVEN,1994,1994,1,HPC,the-oldtimers.com
CATERHAM,SUPER 7,1991,1995,3,1600 GT|1600 GT SPRINT|JPE,the-oldtimers.com
CHAMPION,250,1950,1951,2,,the-oldtimers.com
CHAMPION,250 S,1950,1951,2,,the-oldtimers.com
CHAMPION,400,1950,1953,4,,the-oldtimers.com
CHAMPION,400 H,1953,1954,2,,the-oldtimers.com
CHAMPION,500 G,1953,1955,3,,the-oldtimers.com
CHAMPION,CH-1,1949,1949,1,,the-oldtimers.com
CHAMPION,CH-2,1949,1950,2,,the-oldtimers.com
CHAMPION,ZF,1946,1946,1,,the-oldtimers.com
CHECKER,AEROBUS,1969,1974,6,,the-oldtimers.com
CHECKER,TOWN,1964,1966,2,CUSTOM|CUSTOM 3.8|CUSTOM 4.6|CUSTOM 5.4,the-oldtimers.com
CHEVROLET,2103,1949,1949,1,,the-oldtimers.com
CHEVROLET,5700,1954,1954,1,,the-oldtimers.com
CHEVROLET,AEROVETTE,1973,1973,1,CONCEPT,the-oldtimers.com
CHEVROLET,APV,1989,1994,6,,the-oldtimers.com
CHEVROLET,ASTRO,1985,1995,11,VAN,the-oldtimers.com
CHEVROLET,ASTROVETTE,1978,1978,1,CONCEPT,the-oldtimers.com
CHEVROLET,BEL AIR,1953,1960,7,DELRAY BISCAYNE|DELRAY BISCAYNE 4.6|DELRAY BISCAYNE 5.7|NOMAD|NOMAD 4.6,the-oldtimers.com
CHEVROLET,BERETTA,1987,1995,9,2.2 AUTOMATIC|2.8 AUTOMATIC|3.1 AUTOMATIC|AUTOMATIC|GT|GTZ,the-oldtimers.com
CHEVROLET,BISCAYNE,1972,1972,1,AUTOMATIC,the-oldtimers.com
CHEVROLET,BLAZER,1972,1995,24,2.5 S10|2.8 S10|2.8 S10 AUTOMATIC|4.3 S10|4.3 S10 AUTOMATIC|6.2 D|S 10|S-10|S10|S10 AUTOMATIC|XT,the-oldtimers.com
CHEVROLET,C-10,1970,1970,1,,the-oldtimers.com
CHEVROLET,CAMARO,1967,1995,28,CALIFORNIA|IROC Z|SS|Z28,the-oldtimers.com
CHEVROLET,CAPRICE,1965,1995,26,5.0 WAGON|5.7 D WAGON|5.7 WAGON|CLASSIC|POLICE MODEL|WAGON,the-oldtimers.com
CHEVROLET,CAVALIER,1991,1995,4,2.4 AUTOMATIC|2.4 CABRIOLET|2.4 CABRIOLET AUTOMATIC|2.4 COUPE|2.4 COUPE AUTOMATIC|AUTOMATIC|CABRIOLET|CABRIOLET AUTOMATIC|CONVERTIBLE|CONVERTIBLE AUTOMATIC|COUPE|COUPE AUTOMATIC|LS|LS CONVERTIBLE|SEDAN|SEDAN AUTOMATIC|Z 24,the-oldtimers.com
CHEVROLET,CELEBRITY,1981,1989,9,EUROSPORT,the-oldtimers.com
CHEVROLET,CHEVELLE,1967,1972,4,COUPE|HARDTOP|MALIBU CONVERTIBLE|MALIBU SS|SEDAN|SS,the-oldtimers.com
CHEVROLET,CHEVETTE,1980,1980,1,,the-oldtimers.com
CHEVROLET,CITATION,1977,1982,6,,the-oldtimers.com
CHEVROLET,CITATION II,1984,1984,1,,the-oldtimers.com
CHEVROLET,COMODORO,1970,1970,1,,the-oldtimers.com
CHEVROLET,CORSICA,1987,1995,9,2.2 AUTOMATIC|2.8 AUTOMATIC|3.1 AUTOMATIC|AUTOMATIC|LT,the-oldtimers.com
CHEVROLET,CORVAIR,1959,1969,11,,the-oldtimers.com
CHEVROLET,CORVETTE,1953,1995,42,427 L68|5.4 C1|5.4 C2|5.7 C3|6.5 C2|7.0 C3|AUTOMATIC|C1|C2|C3|C4|C4 AUTOMATIC|CERV III|CONVERTIBLE|G 572|GRAND SPORT|LT1|SLEDGEHAMMER|STINGRAY|STINGRAY 327|STINGRAY 350|TEMPEST|ZR-1,the-oldtimers.com
CHEVROLET,DELUXE,1952,1952,1,,the-oldtimers.com
CHEVROLET,DEVILLE,1972,1972,1,V8,the-oldtimers.com
CHEVROLET,EL CAMINO,1971,1980,3,SPORT COUPE,the-oldtimers.com
CHEVROLET,EXPRESS,1988,1988,1,,the-oldtimers.com
CHEVROLET,GRAND BLAZER,1972,1989,17,,the-oldtimers.com
CHEVROLET,HALF-TON,1955,1956,2,,the-oldtimers.com
CHEVROLET,IMPALA,1958,1994,16,4.4 ESTATE|5.0 ESTATE|ESTATE|SS,the-oldtimers.com
CHEVROLET,K-20,1979,1979,1,,the-oldtimers.com
CHEVROLET,LUMINA,1989,1994,6,3.4 AUTOMATIC|Z34,the-oldtimers.com
CHEVROLET,MALIBU,1977,1982,6,4.4 ESTATE|5.0 ESTATE|ESTATE,the-oldtimers.com
CHEVROLET,MONTE CARLO,1970,1995,16,COUPE|LS|Z34,the-oldtimers.com
CHEVROLET,MONZA,1977,1982,6,,the-oldtimers.com
CHEVROLET,NOMAD,1955,1972,8,,the-oldtimers.com
CHEVROLET,NOVA,1968,1991,10,5.0 AUTOMATIC,the-oldtimers.com
CHEVROLET,PICKUP,1947,1976,15,,the-oldtimers.com
CHEVROLET,S-10,1993,1993,1,,the-oldtimers.com
CHEVROLET,SPRINT,1984,1988,4,,the-oldtimers.com
CHEVROLET,SS,1991,1991,1,,the-oldtimers.com
CHEVROLET,SUBURBAN,1946,1995,22,6.5 D|6.5 D AUTOMATIC|7.4 AUTOMATIC|DIESEL,the-oldtimers.com
CHEVROLET,TRACKER,1995,1995,1,,the-oldtimers.com
CHEVROLET,VEGA,1969,1974,6,,the-oldtimers.com
CHEVROLET,XP 882,1973,1973,1,CONCEPT,the-oldtimers.com
CHEVROLET,XP 897 GT,1973,1973,1,CONCEPT,the-oldtimers.com
CHEVROLET,XP 898,1973,1973,1,CONCEPT,the-oldtimers.com
CHRYSLER,160,1970,1980,11,2.0 AUTOMATIC,the-oldtimers.com
CHRYSLER,1609,1976,1980,5,1.8 AUTOMATIC|1.9 DIESEL|2.0 AUTOMATIC|2.0 D|AUTOMATIC,the-oldtimers.com
CHRYSLER,1610,1977,1977,1,,the-oldtimers.com
CHRYSLER,300,1955,1970,2,C|H,the-oldtimers.com
CHRYSLER,AVENGER,1977,1981,5,1.6 AUTOMATIC|AUTOMATIC,the-oldtimers.com
CHRYSLER,C,1956,1956,1,,the-oldtimers.com
CHRYSLER,CENTURA,1970,1977,7,AUTOMATIC,the-oldtimers.com
CHRYSLER,CHARGER,1971,1975,5,4.0 VH|4.0 VJ|4.3 VH|4.3 VJ|5.2 VH|5.2 VJ|5.6 VH|5.9 VJ|VH|VJ,the-oldtimers.com
CHRYSLER,CIRRUS,1995,1995,1,LXI,the-oldtimers.com
CHRYSLER,CONCORDE,1993,1995,3,,the-oldtimers.com
CHRYSLER,CONQUEST,1986,1989,4,,the-oldtimers.com
CHRYSLER,CORDOBA,1970,1982,10,,the-oldtimers.com
CHRYSLER,DART,1957,1957,1,,the-oldtimers.com
CHRYSLER,DAYTONA,1985,1993,5,LASER,the-oldtimers.com
CHRYSLER,DODGE 3700,1977,1977,1,,the-oldtimers.com
CHRYSLER,DODGE PHOENIX,1969,1970,2,,the-oldtimers.com
CHRYSLER,E,1982,1982,1,2.2 CLASS|2.6 CLASS,the-oldtimers.com
CHRYSLER,ES,1986,1994,7,,the-oldtimers.com
CHRYSLER,EXECUTIVE,1983,1984,2,,the-oldtimers.com
CHRYSLER,GRAND VOYAGER,1974,1994,4,LX 3.3 AUTOMATIC,the-oldtimers.com
CHRYSLER,GS,1990,1990,1,TURBO 2,the-oldtimers.com
CHRYSLER,IMPERIAL,1955,1961,7,C 70|C70,the-oldtimers.com
CHRYSLER,LASER,1983,1986,4,,the-oldtimers.com
CHRYSLER,LE BARON,1977,1994,18,2.2 GTS|2.5 GTS|3.0 CABRIOLET|CABRIOLET|GTS|SPORT,the-oldtimers.com
CHRYSLER,LIMOUSINE,1983,1986,4,,the-oldtimers.com
CHRYSLER,MILLENIUM,1989,1989,1,CONCEPT,the-oldtimers.com
CHRYSLER,NEON,1993,1995,3,,the-oldtimers.com
CHRYSLER,NEW YORKER,1951,1992,26,BROUGHAM|BROUGHAM 7.2|FIFTH AVENUE,the-oldtimers.com
CHRYSLER,NEWPORT,1968,1981,7,,the-oldtimers.com
CHRYSLER,SEBRING,1995,1995,1,LX|LXI,the-oldtimers.com
CHRYSLER,SEDAN,1972,1977,6,5.9 CH|5.9 CJ|CH|CJ,the-oldtimers.com
CHRYSLER,TC,1987,1992,5,,the-oldtimers.com
CHRYSLER,THUNDERBOLT,1941,1941,1,,the-oldtimers.com
CHRYSLER,TOWN  COUNTRY,1942,1995,12,,the-oldtimers.com
CHRYSLER,VALIANT,1971,1978,7,4.0 VH|4.0 VJ|4.0 VK|4.3 VH|4.3 VJ|4.3 VK|5.2 VH|5.2 VJ|5.2 VK|LANCER|VH|VJ|VK,the-oldtimers.com
CHRYSLER,VIPER,1989,1995,7,,the-oldtimers.com
CHRYSLER,VOYAGER,1988,1995,8,,the-oldtimers.com
CHRYSLER,WINDSOR,1950,1955,5,,the-oldtimers.com
CISITALIA,202,1946,1952,7,SC,the-oldtimers.com
CITROEN,11,1941,1957,15,FAMILIALE|FAMILIALE 1.9|FAMILIALE 1900,the-oldtimers.com
CITROEN,15,1941,1957,17,,the-oldtimers.com
CITROEN,2CV,1948,1990,43,AZ|FOURGONETTE|SAHARA,the-oldtimers.com
CITROEN,7,1944,1944,1,A 1300|A 1500|A 1600,the-oldtimers.com
CITROEN,7A,1941,1946,5,,the-oldtimers.com
CITROEN,ACTIVA,1988,1988,1,,the-oldtimers.com
CITROEN,AK 350,1963,1969,7,,the-oldtimers.com
CITROEN,AMI,1961,1976,16,6 BREAK|BREAK 6,the-oldtimers.com
CITROEN,AVENTURE,1986,1986,1,,the-oldtimers.com
CITROEN,AX,1987,1995,9,1.4 D|1.5 D|10 TEN|10I TEN|11 TZX|11I TZX|14 RD|4X4|GT|GTI,the-oldtimers.com
CITROEN,AXEL,1984,1989,6,,the-oldtimers.com
CITROEN,BIJOU,1960,1960,1,,the-oldtimers.com
CITROEN,BX,1982,1993,12,1.6 BREAK|1.8 D|1.8 D BREAK|1.9 BREAK|1.9 D|1.9 D BREAK|14 RE|17 BREAK TZD|19 GTI|19 GTI 4X4|19 TGD|4 TC|BREAK,the-oldtimers.com
CITROEN,C,1985,1995,4,15 1.8 D,the-oldtimers.com
CITROEN,C 15,1984,1994,10,,the-oldtimers.com
CITROEN,CX,1974,1990,17,2.5 BREAK|2.5 D|2.5 D BREAK|2.5 PRESTIGE|20 BERLINE|20 BREAK|20 FAMILIALE|22 SAFARI|2400 PALLAS INJECTION C-MATIC|2400 SUPER|2400 SUPER C-MATIC|2400 SUPER SAFARI|25 DIESEL|25 GTI|25 GTI TURBO|25 PALLAS|25 PALLAS AUTOMATIC|25 PRESTIGE AUTOMATIC|25 TURBO DIESEL|BREAK|BREAK 25 DIESEL TURBO|PRESTIGE|PRESTIGE INJECTION,the-oldtimers.com
CITROEN,DS,1955,1974,19,19 SAFARI|CABRIOLET|FAMILIALE|PALLAS|SAFARI,the-oldtimers.com
CITROEN,DYANE,1968,1975,7,,the-oldtimers.com
CITROEN,DYANE 4,1969,1969,1,,the-oldtimers.com
CITROEN,DYANE 6,1967,1968,2,WEEKEND,the-oldtimers.com
CITROEN,ECO 2000,1984,1984,1,,the-oldtimers.com
CITROEN,EOLE,1986,1986,1,,the-oldtimers.com
CITROEN,GS,1970,1977,8,BIROTOR|CLUB BERLINE|CLUB BERLINE C-MATIC|CLUB BREAK|PALLAS,the-oldtimers.com
CITROEN,GSA,1979,1986,7,X1 BERLINE,the-oldtimers.com
CITROEN,ID 19,1956,1956,1,,the-oldtimers.com
CITROEN,KARIN,1980,1980,1,,the-oldtimers.com
CITROEN,LN,1976,1984,7,,the-oldtimers.com
CITROEN,LNA,1978,1985,2,,the-oldtimers.com
CITROEN,MEHARI,1968,1988,21,,the-oldtimers.com
CITROEN,MINI-ZUP,1972,1972,1,,the-oldtimers.com
CITROEN,RALLY RAID,1990,1995,6,,the-oldtimers.com
CITROEN,ROSALIE,1932,1938,7,,the-oldtimers.com
CITROEN,SM,1970,1975,6,,the-oldtimers.com
CITROEN,TRACTION AVANT,1934,1956,23,,the-oldtimers.com
CITROEN,VISA,1978,1988,11,1.1 CABRIOLET|1.4 CABRIOLET|1.6 CABRIOLET|1.8 D|1.8 D CABRIOLET|CABRIOLET|CLUB|GTI,the-oldtimers.com
CITROEN,XANAE,1994,1994,1,,the-oldtimers.com
CITROEN,XANTIA,1993,1995,3,1.6 LX|1.8 BREAK|1.8 LX|1.8 SX|1.8I BREAK|1.9 D BREAK|1.9 VSX TURBO DIESEL|2.0 HDI|2.0 HDI BREAK|2.0 VSX|2.0I SX BREAK|2.0I SX BREAK AUTOMATIC|2.0I SX ESTATE|2.1 D|BREAK,the-oldtimers.com
CITROEN,XM,1989,1995,6,2.0I|2.0I BREAK TURBO|2.0I ESTATE|2.1 D|2.4 D|3.0I V6|3.0I V6 AUTOMATIC|3.0I V6 ESTATE|BREAK|SED TURBO,the-oldtimers.com
CITROEN,ZX,1991,1992,2,1.6I|1.9 D ADVANTAGE|1.9 D TURBO|2.0I VOLCANE|REFLEX|VOLCANE,the-oldtimers.com
CLEVELAND,40 45 HP,1908,1909,2,,the-oldtimers.com
CLEVELAND,C,1905,1905,1,,the-oldtimers.com
CLEVELAND,D,1906,1906,1,,the-oldtimers.com
CLEVELAND,F,1906,1906,1,,the-oldtimers.com
CLEVELAND,F-H,1907,1907,1,,the-oldtimers.com
CLEVELAND,H,1907,1907,1,,the-oldtimers.com
CORD,810,1936,1937,2,,the-oldtimers.com
CORD,812,1936,1937,2,,the-oldtimers.com
DACIA,1100,1968,1971,4,,the-oldtimers.com
DACIA,1300,1973,1979,7,,the-oldtimers.com
DACIA,1310,1983,1990,8,,the-oldtimers.com
DACIA,1320,1987,1991,5,,the-oldtimers.com
DAEWOO,ARCADIA,1993,1995,3,,the-oldtimers.com
DAEWOO,BROUGHAM,1993,1995,3,,the-oldtimers.com
DAEWOO,MAEPSY-NA,1982,1985,4,,the-oldtimers.com
DAEWOO,NO 1,1995,1995,1,,the-oldtimers.com
DAEWOO,PRINCE,1994,1995,2,,the-oldtimers.com
DAF,44,1966,1972,7,,the-oldtimers.com
DAF,46,1974,1976,3,,the-oldtimers.com
DAF,600,1959,1963,5,,the-oldtimers.com
DAF,66,1972,1975,4,L,the-oldtimers.com
DAF,750,1962,1962,1,,the-oldtimers.com
DAF,DAFFODIL,1961,1967,5,,the-oldtimers.com
DAIHATSU,APPLAUSE,1989,1995,7,1.6 XI|4WD|AUTOMATIC,the-oldtimers.com
DAIHATSU,BEE,1951,1956,5,,the-oldtimers.com
DAIHATSU,CHARADE,1979,1993,12,1.0 CS|1.0 CX TURBO|1.0 DIESEL|1.3 GXI|DIESEL|SEDAN SG|TURBO|TURBODIESEL,the-oldtimers.com
DAIHATSU,CHARMANT,1974,1988,15,1.3 STATION WAGON|1.4 STATION WAGON|1.6 AUTOMATIC|1.6 STATION WAGON|1.6 STATION WAGON AUTOMATIC|STATION WAGON,the-oldtimers.com
DAIHATSU,COMPAGNO,1963,1970,7,BELURIN A800|SPIDER,the-oldtimers.com
DAIHATSU,CONSORTE,1969,1975,7,1200 S,the-oldtimers.com
DAIHATSU,CUORE,1985,1990,6,,the-oldtimers.com
DAIHATSU,DELTA,1976,1982,7,,the-oldtimers.com
DAIHATSU,DOMINO,1990,1995,6,,the-oldtimers.com
DAIHATSU,FELLOW,1970,1970,1,MAX|MAX GL HARDTOP|MAX SS,the-oldtimers.com
DAIHATSU,FEROZA,1992,1995,3,1.6I SX,the-oldtimers.com
DAIHATSU,FOURTRAK TDX,1993,1993,1,,the-oldtimers.com
DAIHATSU,LEEZA,1986,1989,2,TURBO|TURBO INJECTION,the-oldtimers.com
DAIHATSU,MIRA,1990,1990,1,,the-oldtimers.com
DAIHATSU,OPTI,1992,1992,1,AUTOMATIC|CL AUTOMATIC|CX AUTOMATIC,the-oldtimers.com
DAIHATSU,ROCKY,1984,1995,12,2.8 D|2.8 D WAGON|WAGON,the-oldtimers.com
DAIHATSU,TAFT,1975,1984,10,2.5 D|2.8 D,the-oldtimers.com
DAIMLER,250 V8,1967,1969,3,,the-oldtimers.com
DAIMLER,4.2,1984,1984,1,,the-oldtimers.com
DAIMLER,CONQUEST,1953,1954,2,CENTURY,the-oldtimers.com
DAIMLER,DE 27,1946,1946,1,,the-oldtimers.com
DAIMLER,DE 36,1946,1946,1,,the-oldtimers.com
DAIMLER,DK,1956,1956,1,400 LIMOUSINE,the-oldtimers.com
DAIMLER,ONE-O-FOUR,1955,1955,1,,the-oldtimers.com
DATSUN,1000,1966,1966,1,,the-oldtimers.com
DATSUN,100A CHERRY,1970,1970,1,ESTATE,the-oldtimers.com
DATSUN,1200,1970,1970,1,,the-oldtimers.com
DATSUN,1600,1969,1969,1,,the-oldtimers.com
DATSUN,1800,1968,1968,1,,the-oldtimers.com
DATSUN,240Z,1970,1973,4,AUTOMATIC,the-oldtimers.com
DATSUN,260Z,1974,1978,5,22|22 AUTOMATIC|AUTOMATIC,the-oldtimers.com
DATSUN,280,1977,1983,4,C|ZX|ZX 2 SEATS|ZX TURBO,the-oldtimers.com
DATSUN,280Z,1975,1978,4,22|22 AUTOMATIC|AUTOMATIC,the-oldtimers.com
DATSUN,FAIRLADY,1959,1970,12,,the-oldtimers.com
DATSUN,LAUREL,1973,1979,2,2.4 AUTOMATIC|200 L COUPE,the-oldtimers.com
DATSUN,VIOLET,1976,1976,1,140J|160J,the-oldtimers.com
DE DION BOUTON,TORPEDO,1909,1909,1,,the-oldtimers.com
DE SOTO,ADVENTURER,1956,1960,5,,the-oldtimers.com
DE SOTO,AIRFLOW,1934,1936,3,,the-oldtimers.com
DE SOTO,AIRSTREAM,1935,1936,2,,the-oldtimers.com
DE SOTO,CUSTOM,1946,1952,7,,the-oldtimers.com
DE SOTO,DELUXE,1946,1952,7,,the-oldtimers.com
DE SOTO,FIREDOME,1952,1959,8,,the-oldtimers.com
DE SOTO,FIREFLITE,1955,1960,6,,the-oldtimers.com
DE SOTO,FIRESWEEP,1957,1959,3,,the-oldtimers.com
DE SOTO,PACESETTER,1956,1961,6,,the-oldtimers.com
DE SOTO,POWERMASTER,1953,1954,2,,the-oldtimers.com
DE SOTO,SERIES K-SA,1929,1932,4,,the-oldtimers.com
DE SOTO,SERIES S,1937,1942,6,,the-oldtimers.com
DE SOTO,SERIES SC-SD,1933,1934,2,,the-oldtimers.com
DE TOMASO,BIGUA,1993,1993,1,,the-oldtimers.com
DE TOMASO,DEAUVILLE,1971,1985,15,,the-oldtimers.com
DE TOMASO,GUARA,1993,1995,3,,the-oldtimers.com
DE TOMASO,LONGCHAMP,1973,1989,17,CABRIOLET|GTS,the-oldtimers.com
DE TOMASO,MANGUSTA,1967,1970,4,,the-oldtimers.com
DE TOMASO,PANTERA,1970,1995,26,GT5|GT5 S|GTS|L,the-oldtimers.com
DE TOMASO,VALLELUNGA,1965,1966,2,,the-oldtimers.com
DELAGE,D8,1929,1940,12,,the-oldtimers.com
DELAHAYE,134,1933,1946,14,,the-oldtimers.com
DELAHAYE,135,1935,1954,20,,the-oldtimers.com
DELAHAYE,168,1938,1940,3,,the-oldtimers.com
DELAHAYE,175,1948,1950,3,,the-oldtimers.com
DELAHAYE,178,1948,1951,4,,the-oldtimers.com
DELAHAYE,235,1951,1954,4,,the-oldtimers.com
DELOREAN,DMC-12,1981,1983,3,,the-oldtimers.com
DIXI,3 15,1927,1927,1,,the-oldtimers.com
DIXI,3 15 DA,1928,1929,2,,the-oldtimers.com
DIXI,3 15 DA1,1929,1929,1,,the-oldtimers.com
DIXI,3 15 DA2,1929,1932,4,,the-oldtimers.com
DKW,3-6 MONZA,1957,1957,1,,the-oldtimers.com
DKW,600,1958,1958,1,,the-oldtimers.com
DKW,COUPE,1954,1954,1,,the-oldtimers.com
DKW,F 1000,1964,1975,12,D,the-oldtimers.com
DKW,F 102,1964,1966,3,,the-oldtimers.com
DKW,F 11,1963,1965,3,,the-oldtimers.com
DKW,F 89,1950,1955,6,ESTATE,the-oldtimers.com
DKW,F 91,1952,1955,3,,the-oldtimers.com
DKW,F 93,1955,1959,5,,the-oldtimers.com
DKW,JUNIOR,1959,1963,5,800S,the-oldtimers.com
DKW,MUNGA,1954,1968,15,,the-oldtimers.com
DKW,REICHKLASSE F8,1941,1942,2,,the-oldtimers.com
DKW,SCHNELLASTER,1949,1962,13,,the-oldtimers.com
DKW,UNIVERSAL,1954,1957,4,,the-oldtimers.com
DODGE,600,1982,1988,7,,the-oldtimers.com
DODGE,ASPEN,1975,1980,6,3.7 COUPE|5.2 COUPE|5.9 COUPE|COUPE,the-oldtimers.com
DODGE,AVENGER,1995,1995,1,ES COUPE|SPORT,the-oldtimers.com
DODGE,CARAVAN,1990,1995,6,,the-oldtimers.com
DODGE,CHALLENGER,1969,1972,4,5.2 CONVERTIBLE|5.6 CONVERTIBLE|6.3 CONVERTIBLE|7.0 CONVERTIBLE|7.2 CONVERTIBLE|CONVERTIBLE,the-oldtimers.com
DODGE,CHARGER,1967,1986,7,RT,the-oldtimers.com
DODGE,COLT,1984,1992,8,2.0 VISTA|VISTA,the-oldtimers.com
DODGE,CONQUEST,1984,1986,3,,the-oldtimers.com
DODGE,CORONET,1968,1969,2,,the-oldtimers.com
DODGE,CUSTOM,1954,1955,2,,the-oldtimers.com
DODGE,DAKOTA,1995,1995,1,3.9 AUTOMATIC,the-oldtimers.com
DODGE,DART,1968,1972,5,4.5 GT CONVERTIBLE|DEMON,the-oldtimers.com
DODGE,DAYTONA,1983,1991,7,ES|IROC RT|SHELBY Z|TURBO,the-oldtimers.com
DODGE,DYNASTY,1987,1992,5,,the-oldtimers.com
DODGE,GRAND CARAVAN,1990,1995,6,,the-oldtimers.com
DODGE,INTREPID,1993,1995,3,ES 3.5,the-oldtimers.com
DODGE,LANCER,1984,1989,6,,the-oldtimers.com
DODGE,MAGNUM,1978,1978,1,XE,the-oldtimers.com
DODGE,MIRADA,1979,1983,5,,the-oldtimers.com
DODGE,MONACO,1967,1992,4,V8,the-oldtimers.com
DODGE,NEON,1994,1994,1,SPORT,the-oldtimers.com
DODGE,OMNI,1977,1990,14,,the-oldtimers.com
DODGE,POLARA,1961,1968,3,2 DOOR FAST TOP,the-oldtimers.com
DODGE,RAM,1990,1993,4,3.9 PICKUP|5.2 PICKUP|5.9 D PICKUP|5.9 PICKUP|PICKUP,the-oldtimers.com
DODGE,SHADOW,1985,1990,6,SHELBY CSX,the-oldtimers.com
DODGE,SPIRIT,1988,1995,8,,the-oldtimers.com
DODGE,STEALTH,1990,1995,5,RT TURBO,the-oldtimers.com
DODGE,STRATUS,1994,1994,1,,the-oldtimers.com
DODGE,VIPER,1989,1995,6,RT|RT 10 ROADSTER|VM02,the-oldtimers.com
DODGE,WC 51,1942,1945,4,,the-oldtimers.com
DONKERVOORT,D8,1992,1995,4,,the-oldtimers.com
DONKERVOORT,S7,1983,1983,1,,the-oldtimers.com
DONKERVOORT,S8,1985,1995,11,A,the-oldtimers.com
DUESENBERG,MODEL A,1921,1927,7,,the-oldtimers.com
DUESENBERG,MODEL J,1929,1937,9,,the-oldtimers.com
DUESENBERG,MODEL X,1926,1927,2,,the-oldtimers.com
DURANT,40,1929,1929,1,,the-oldtimers.com
DURANT,407,1930,1931,2,,the-oldtimers.com
DURANT,55,1928,1928,1,,the-oldtimers.com
DURANT,60,1929,1929,1,,the-oldtimers.com
DURANT,612,1930,1931,2,,the-oldtimers.com
DURANT,614,1930,1931,2,,the-oldtimers.com
DURANT,621,1932,1932,1,,the-oldtimers.com
DURANT,65,1928,1928,1,,the-oldtimers.com
DURANT,75,1928,1928,1,,the-oldtimers.com
DURANT,A-22,1921,1926,6,,the-oldtimers.com
DURANT,B-22,1922,1924,3,,the-oldtimers.com
EAGLE,SUMMIT,1988,1994,7,1.5 SEDAN|1.6 SEDAN|1.8 WAGON|HB|SEDAN|SEDAN 1.5|WAGON,the-oldtimers.com
EAGLE,TALON,1989,1994,5,,the-oldtimers.com
EDSEL,BERMUDA,1958,1958,1,,the-oldtimers.com
EDSEL,CITATION,1958,1958,1,,the-oldtimers.com
EDSEL,CORSAIR,1958,1959,2,,the-oldtimers.com
EDSEL,PACER,1958,1958,1,,the-oldtimers.com
EDSEL,RANGER,1958,1958,1,,the-oldtimers.com
EDSEL,ROUNDUP,1958,1958,1,,the-oldtimers.com
EMW,321,1945,1950,6,,the-oldtimers.com
EMW,326,1946,1947,2,,the-oldtimers.com
EMW,327,1952,1955,4,,the-oldtimers.com
EMW,340,1949,1955,7,,the-oldtimers.com
ERMINI,357 SPORT,1954,1955,2,,the-oldtimers.com
ESSEX,SUPER SIX,1928,1931,4,,the-oldtimers.com
FACEL VEGA,EXCELLENCE,1958,1964,7,,the-oldtimers.com
FACEL VEGA,FACEL 6,1964,1964,1,,the-oldtimers.com
FACEL VEGA,FACEL II,1962,1964,3,,the-oldtimers.com
FACEL VEGA,FACEL III,1963,1964,2,,the-oldtimers.com
FACEL VEGA,FACELLIA,1960,1962,3,,the-oldtimers.com
FACEL VEGA,FV,1954,1958,5,,the-oldtimers.com
FACEL VEGA,HK,1959,1962,4,,the-oldtimers.com
FAIRTHORPE,ATOM,1955,1955,1,MARK II|MARK III,the-oldtimers.com
FAIRTHORPE,ATOMATA,1957,1957,1,,the-oldtimers.com
FAIRTHORPE,ELECTRINA,1960,1960,1,,the-oldtimers.com
FAIRTHORPE,ELECTRON,1957,1960,2,MINOR,the-oldtimers.com
FAIRTHORPE,ROCKETTE,1962,1962,1,,the-oldtimers.com
FAIRTHORPE,TX-GT,1968,1968,1,,the-oldtimers.com
FAIRTHORPE,TX-S,1969,1969,1,,the-oldtimers.com
FAIRTHORPE,ZETA,1959,1959,1,,the-oldtimers.com
FERRARI,125,1947,1950,4,F1|S,the-oldtimers.com
FERRARI,126,1982,1984,3,C2|C3|C4,the-oldtimers.com
FERRARI,156,1957,1963,5,F1|F2,the-oldtimers.com
FERRARI,158,1964,1964,1,F1,the-oldtimers.com
FERRARI,159,1947,1947,1,S,the-oldtimers.com
FERRARI,166,1948,1953,6,F2|INTER|MM,the-oldtimers.com
FERRARI,195,1950,1954,5,INTER|SPORT,the-oldtimers.com
FERRARI,196,1961,1961,1,SP,the-oldtimers.com
FERRARI,206,1966,1966,1,SP,the-oldtimers.com
FERRARI,208,1975,1989,10,2.0 S|GT 4|GTB|GTB TURBO|S|S 2.0|TURBO,the-oldtimers.com
FERRARI,212,1951,1957,7,EXPORT|INTER,the-oldtimers.com
FERRARI,225,1952,1952,1,S|SPORT SPIDER,the-oldtimers.com
FERRARI,246,1957,1974,9,F1|GT|GTS,the-oldtimers.com
FERRARI,250,1952,1967,16,GT|GT BERLINETTA|GT CABRIOLET|GT CALIFORNIA|GT CONVERTIBLE|GT COUPE PININFARINA|GT COUPE SPECIALE|GT PININFARINA COUPE|GT TOUR DE FRANCE|GTE|GTO|LM|MILLE MIGLIA|TESTAROSSA,the-oldtimers.com
FERRARI,255,1952,1957,6,S,the-oldtimers.com
FERRARI,256,1959,1960,2,F1,the-oldtimers.com
FERRARI,275,1964,1968,5,GT B4|GTB|GTS,the-oldtimers.com
FERRARI,288,1984,1984,1,GTO,the-oldtimers.com
FERRARI,306,1976,1976,1,GT RAINBOW,the-oldtimers.com
FERRARI,308,1973,1985,13,GT4|GT4 22|GTB|GTB QV|GTBI|GTS|GTS QV|QUATTROVALVOLE,the-oldtimers.com
FERRARI,312,1966,1980,9,B2|B3|F1|P|T|T3|T4|T5,the-oldtimers.com
FERRARI,328,1984,1990,7,GTB|GTS,the-oldtimers.com
FERRARI,330,1963,1968,6,AMERICA|GT|GTC,the-oldtimers.com
FERRARI,340,1950,1958,9,AMERICA|AMERICA SPIDER|F1|MEXICO|MM|SPIDER,the-oldtimers.com
FERRARI,342,1952,1953,2,AMERICA,the-oldtimers.com
FERRARI,348,1988,1992,5,TS TARGA,the-oldtimers.com
FERRARI,365,1967,1978,12,BB|CALIFORNIA|GT 22|GT4|GT4 22|GT4 BB|GT4 BB BOXER|GTB|GTB DAYTONA|GTC|GTC 4|GTS,the-oldtimers.com
FERRARI,375,1950,1955,5,AMERICA|INDY|MILLE MIGLIA,the-oldtimers.com
FERRARI,3Z,1971,1971,1,,the-oldtimers.com
FERRARI,400,1959,1985,15,GT CABRIOLET|GTS|GTS AUTOMATIC|I|I AUTOMATIC|SUPERAMERICA,the-oldtimers.com
FERRARI,410,1955,1959,5,SUPERAMERICA|SUPERAMERICA II,the-oldtimers.com
FERRARI,412,1958,1995,8,GT|MI|T2,the-oldtimers.com
FERRARI,456,1992,1993,2,GT|GT AUTOMATIC|GT ESTATE|GT ESTATE AUTOMATIC|GT SPYDER|M GTA,the-oldtimers.com
FERRARI,500,1952,1966,11,F2|MONDIAL|SUPERFAST|TESTAROSSA,the-oldtimers.com
FERRARI,512,1965,1995,12,BB|BBI|BBI TURBO|F1|M|M 4.9|S|TR,the-oldtimers.com
FERRARI,553,1953,1954,2,F1|F2,the-oldtimers.com
FERRARI,625,1954,1954,1,F1,the-oldtimers.com
FERRARI,735,1955,1955,1,LM,the-oldtimers.com
FERRARI,750,1955,1955,1,MONZA,the-oldtimers.com
FERRARI,801,1957,1957,1,F1,the-oldtimers.com
FERRARI,850,1960,1960,1,,the-oldtimers.com
FERRARI,C62,1991,1991,1,,the-oldtimers.com
FERRARI,D 50,1955,1955,1,,the-oldtimers.com
FERRARI,DINO,1958,1974,8,206 GT|246 GT|246 GTS,the-oldtimers.com
FERRARI,F1 156,1985,1985,1,,the-oldtimers.com
FERRARI,F1 86,1986,1986,1,,the-oldtimers.com
FERRARI,F1 88,1988,1988,1,,the-oldtimers.com
FERRARI,F1 89,1989,1989,1,,the-oldtimers.com
FERRARI,F1 90,1990,1990,1,,the-oldtimers.com
FERRARI,F1 93,1993,1993,1,,the-oldtimers.com
FERRARI,F333,1994,1995,2,SP,the-oldtimers.com
FERRARI,F355,1994,1999,6,BERLINETTA|F1 SPIDER|GTS,the-oldtimers.com
FERRARI,F40,1987,1992,6,GTE,the-oldtimers.com
FERRARI,F50,1995,1997,3,,the-oldtimers.com
FERRARI,F512,1994,1995,2,M,the-oldtimers.com
FERRARI,F55,1995,1995,1,,the-oldtimers.com
FERRARI,GTO,1964,1987,3,EVOLUZIONE,the-oldtimers.com
FERRARI,MONDIAL,1980,1993,14,3.2 CABRIOLET|CABRIOLET|QV|T CABRIOLET,the-oldtimers.com
FERRARI,MYTHOS,1989,1989,1,CONCEPT,the-oldtimers.com
FERRARI,P2,1965,1967,3,,the-oldtimers.com
FERRARI,P5,1965,1965,1,,the-oldtimers.com
FERRARI,PININ,1980,1980,1,,the-oldtimers.com
FERRARI,TESTAROSSA,1984,1990,7,CONVERTIBLE|SPIDER,the-oldtimers.com
FIAT,1100,1948,1962,11,1100S COUPE|TV SPIDER,the-oldtimers.com
FIAT,1200,1955,1960,5,CABRIOLET|SPYDER,the-oldtimers.com
FIAT,124,1966,1981,16,BREAK|COUPE 1800|SPECIAL T|SPIDER 1400|SPIDER 1600|SPIDER 1800|SPORT SPIDER,the-oldtimers.com
FIAT,125,1967,1973,6,SALOON,the-oldtimers.com
FIAT,126,1972,1995,23,,the-oldtimers.com
FIAT,127,1971,1985,14,1.3 D|L|PANORAMA|PANORAMA 1.3 D|SPORT,the-oldtimers.com
FIAT,128,1969,1980,11,1100 SL COUPE|COUPE|COUPE 1.3|ESTATE|PANORAMA|RALLYE,the-oldtimers.com
FIAT,130,1969,1976,8,3.2 AUTOMATIC|AUTOMATIC|COUPE|OPERA|SALOON AUTOMATIC,the-oldtimers.com
FIAT,1300,1961,1964,4,,the-oldtimers.com
FIAT,131,1974,1984,11,1.6 AUTOMATIC|2.4 D|ABARTH|PANORAMA|PANORAMA 1.6|PANORAMA 2.0|PANORAMA 2.0 AUTOMATIC|PANORAMA 2.0 DIESEL|PANORAMA 2.0 DIESEL AUTOMATIC|PANORAMA 2.4 D|PANORAMA 2.4 D AUTOMATIC,the-oldtimers.com
FIAT,132,1972,1977,3,1800 ES|2000 GLS|DIESEL 2000|DIESEL 2500,the-oldtimers.com
FIAT,133,1974,1979,6,,the-oldtimers.com
FIAT,1400,1950,1958,9,1.9 D|B|D 1.9,the-oldtimers.com
FIAT,1500,1949,1963,5,1600 CABRIOLET|CABRIOLET|E|S,the-oldtimers.com
FIAT,1600,1956,1963,2,CABRIOLET,the-oldtimers.com
FIAT,1800,1959,1959,1,B,the-oldtimers.com
FIAT,1900,1952,1958,7,B,the-oldtimers.com
FIAT,2100,1959,1959,1,COUPE VIGNALE,the-oldtimers.com
FIAT,2300,1961,1968,8,COUPE S,the-oldtimers.com
FIAT,500,1936,1975,39,ABARTH|B|BREAK|C TOPOLINO|GAMINE|GIARDINIERA|TOPOLINO,the-oldtimers.com
FIAT,600,1955,1969,15,JOLLY|MULTIPLA|MULTIPLA 0.8,the-oldtimers.com
FIAT,750,1949,1959,2,BERLINA ABARTH|MM TOPOLINO,the-oldtimers.com
FIAT,850,1961,1973,10,BERLINA ABARTH|COUPE|COUPE MK II|COUPE MK III|SPORT COUPE,the-oldtimers.com
FIAT,8V,1952,1952,1,COUPE,the-oldtimers.com
FIAT,ABARTH,1982,1982,1,VOLUMETRICO 131,the-oldtimers.com
FIAT,ARGENTA,1981,1986,6,2.4 D,the-oldtimers.com
FIAT,BARCHETTA,1995,1995,1,,the-oldtimers.com
FIAT,BERLINE,1961,1964,4,SPECIALE|SPECIALE 2.3|SPECIALE 2300,the-oldtimers.com
FIAT,BRAVA,1995,1995,1,,the-oldtimers.com
FIAT,BRAVO,1995,1995,1,1.4 SX|1.8 HLX|100 SX|JTD 105 SX|TD 75 SX,the-oldtimers.com
FIAT,CABRIOLET,1961,1966,6,,the-oldtimers.com
FIAT,CAMPAGNOLA,1951,1984,31,1.9 D|1.9D|2.0 D|2.4 D|2000D|D,the-oldtimers.com
FIAT,CINQUECENTO,1991,1995,5,LUCCIOLA,the-oldtimers.com
FIAT,COUPE,1965,1995,3,TURBO,the-oldtimers.com
FIAT,CROMA,1985,1989,3,2.0 TDI|2.5 TD|2000 TURBO|IE SUPER,the-oldtimers.com
FIAT,DINO,1966,1973,8,COUPE|SPIDER 2.0|SPIDER 2.4,the-oldtimers.com
FIAT,ESV,1971,1971,1,2000 LIBRE|2500 LIBRE,the-oldtimers.com
FIAT,GRAND BREAK,1961,1966,6,,the-oldtimers.com
FIAT,MIRAFIORI,1975,1979,3,1300 CL|1600 CL|SPORT,the-oldtimers.com
FIAT,OT,1966,1966,1,1300 COUPE ABARTH,the-oldtimers.com
FIAT,PANDA,1980,1995,16,1300 D|4X4,the-oldtimers.com
FIAT,PUNTO,1993,1995,3,1.2 CABRIOLET|1.6 CABRIOLET|1.7 D|55 LX|75 ELX|CABRIOLET|CABRIOLET ELX|GT|TD SX,the-oldtimers.com
FIAT,REGATA,1983,1988,6,1.5 WEEKEND|1.6 WEEKEND|1.7 D|1.7 D WEEKEND|1.9 D WEEKEND|TURBO DIESEL SUPER|WEEKEND,the-oldtimers.com
FIAT,RITMO,1978,1987,9,1.7 D|1.9 D|CABRIOLET,the-oldtimers.com
FIAT,SAMANTHA,1967,1969,3,,the-oldtimers.com
FIAT,STRADA,1978,1982,3,105 TC|ABARTH 125 TC,the-oldtimers.com
FIAT,TEMPRA,1990,1995,6,1.4 WEEKEND|1.6 WEEKEND|1.8 IE SX|1.8 IE SX WEEKEND|1.9 D|1.9 D BREAK|1.9 D SX|1.9 TDS WEEKEND|2.0 BREAK|2.0 SUITE|BREAK,the-oldtimers.com
FIAT,TIPO,1988,1991,2,1.4 S|1.6 DGT|1.8 IE|1.9 DS DGT|2.0 AUTOMATICA|2.0 IE|DS|TURBO DSX,the-oldtimers.com
FIAT,ULYSSE,1994,1995,2,1.9 D,the-oldtimers.com
FIAT,UNO,1983,1995,13,1.0 FIRE|1.3 D|1.3 DIESEL|1.4 D|1.4 TURBO D|1.5 S SELECTA|1.7 D|45 FORMULA|45 TREND|45S FIRE|60 S|60 SELECTA|60 SX|70 SX IE|70SX|TURBO IE,the-oldtimers.com
FIAT,V8,1953,1955,3,,the-oldtimers.com
FIAT,VIVACE,1981,1995,14,,the-oldtimers.com
FIAT,X1-9,1972,1977,2,,the-oldtimers.com
FORD,12 M,1952,1970,12,COMBI|G13 1500|KOMBI|KOMBI 1500,the-oldtimers.com
FORD,17,1958,1971,6,M|M 1.8|M 2.0|M 2.3|M 2.6,the-oldtimers.com
FORD,17M,1957,1959,2,,the-oldtimers.com
FORD,2000,1977,1977,1,L|L ESTATE,the-oldtimers.com
FORD,AEROSTAR,1986,1995,10,V6,the-oldtimers.com
FORD,ANGLIA,1948,1967,15,105 E|ESTATE|TORINO,the-oldtimers.com
FORD,ASPIRE,1993,1995,3,,the-oldtimers.com
FORD,BRONCO,1977,1989,13,,the-oldtimers.com
FORD,BRONCO II,1983,1989,7,,the-oldtimers.com
FORD,C 100,1981,1982,2,,the-oldtimers.com
FORD,CAPRI,1962,1990,22,1.6 TURBO|116E|1300 GT|1600 GT|1600 L|1600 LS|1600 S|1700 GT|2.0 LASER|2.3 AUTOMATIC|2.8 INJECTION|2.8I SPECIAL|2000 S|2300 GT|2600 GT|2600 RS|3000 E|3000 S X-PACK|AUTOMATIC|II|II 1.3|II 1.6|II 1.6 AUTOMATIC|II 2.0|II 2.0 AUTOMATIC|II 3.0|II 3.0 AUTOMATIC|III|III 1.3|III 1.6|III 1.6 AUTOMATIC|III 2.0|III 2.0 AUTOMATIC|III 2.3|III 2.8|III 3.0|III 3.0 AUTOMATIC|S|TICKFORD TURBO,the-oldtimers.com
FORD,COIN,1974,1974,1,CONCEPT,the-oldtimers.com
FORD,CONSUL,1950,1966,15,CAPRI|CLASSIC|CORTINA,the-oldtimers.com
FORD,CONTOUR,1993,1995,3,2.5 CLIPPER|CLIPPER,the-oldtimers.com
FORD,CORSAIR,1965,1992,10,1.7 V4|2.4 AUTOMATIC|AUTOMATIC,the-oldtimers.com
FORD,CORTINA,1961,1982,20,1.3 ESTATE|1.6 SUPER ESTATE|1300 ESTATE|1600 ESTATE|1600 ESTATE AUTOMATIC|1600 GHIA|1600 GHIA ESTATE|1600 GL|1600 GL ESTATE|1600 GT|1600 LS|1600 LS ESTATE|2.0 AUTOMATIC|2.0 ESTATE|2.0 ESTATE AUTOMATIC|2.3 AUTOMATIC|2000 GL|2000 GT|2300 GL|4.1 AUTOMATIC|AUTOMATIC,the-oldtimers.com
FORD,COUGAR,1977,1982,5,,the-oldtimers.com
FORD,COURIER,1985,1995,11,1.8 D,the-oldtimers.com
FORD,CRESTLINE,1952,1955,4,,the-oldtimers.com
FORD,CROWN VICTORIA,1978,1992,13,,the-oldtimers.com
FORD,CUSTOM,1949,1972,4,,the-oldtimers.com
FORD,EDSEL RANGER,1957,1960,4,,the-oldtimers.com
FORD,ESCORT,1956,1995,30,1.1 C|1.1 C ESTATE|1.1 ESTATE|1.1 STATION WAGON|1.1 TURNIER|1.3 GL|1.3 L ESTATE|1.3 STATION WAGON|1.3 STATION WAGON AUTOMATIC|1.3 TURNIER|1.3 TURNIER AUTOMATIC|1.4 L ESTATE|1.4I|1.6 CABRIOLET|1.6 CLIPPER|1.6 D|1.6 D WAGON|1.6 GL|1.6 GL ESTATE|1.6 GL ESTATE GL AUTOMATIC|1.6 LX|1.6 TURNIER|1.6 TURNIER AUTOMATIC|1.8 CABRIOLET|1.8 CLIPPER|1.8 D|1.8 D CLIPPER|1.8 D WAGON|1.8 DIESEL|1.8 ESTATE DIESEL|1.8I|1.8I ESTATE|1100 ESTATE|1100 POPULAR|1100 SALOON|1300 ESTATE|1300 GT|1300 SPORT|1600 GHIA|2.0 TURNIER|AUTOMATIC|CABRIOLET|CLIPPER|DIESEL|ESTATE DIESEL|MEXICO|RS 1600|RS 1800|RS 2000|RS COSWORTH|RS TURBO|STATION WAGON|TURNIER|WAGON|XR3|XR3I,the-oldtimers.com
FORD,EXPLORER,1992,1995,4,,the-oldtimers.com
FORD,F,1948,1956,6,,the-oldtimers.com
FORD,FAIRLANE,1955,1995,29,4.1 AUTOMATIC|4.9 AUTOMATIC|AUTOMATIC|RETRACTABLE,the-oldtimers.com
FORD,FALCON,1960,1995,23,3.9 AUTOMATIC|4.0 AUTOMATIC|4.9 AUTOMATIC|5.8 AUTOMATIC|AUTOMATIC,the-oldtimers.com
FORD,FESTIVA,1987,1992,6,,the-oldtimers.com
FORD,FIESTA,1976,1995,20,1.6 D|1.6 DIESEL|1.6 SI|1.8 D|1100 GHIA|1400 GHIA|950 POPULAR|RS 1800|RS TURBO|S|XR2|XR2I,the-oldtimers.com
FORD,FK,1953,1966,14,,the-oldtimers.com
FORD,FOCUS,1993,1993,1,,the-oldtimers.com
FORD,GALAXIE,1958,1974,17,500 HARDTOP|SKYLINER,the-oldtimers.com
FORD,GALAXY,1995,1995,1,1.9 D,the-oldtimers.com
FORD,GRAN TORINO,1972,1972,1,HARDTOP|SEDAN|SPORT|SQUIRE|STATION WAGON,the-oldtimers.com
FORD,GRANADA,1972,1992,19,2.0 MK II|2.0 MK III|2.0 MK III AUTOMATIC|2.0 MK III STATION WAGON|2.0 MK III STATION WAGON AUTOMATIC|2.0I|2.0I ESTATE|2.1 DIESEL|2.3 DIESEL|2.3 MK II|2.3 MK III|2.3 MK III AUTOMATIC|2.3 MK III STATION WAGON|2.3 MK III STATION WAGON AUTOMATIC|2.4I GHIA|2.5 D MK III|2.5 D MK III STATION WAGON|2.5 GL TURBO DIESEL SALOON|2.8 MK II|2.8 MK III|2.8 MK III AUTOMATIC|2.8 MK III STATION WAGON|2.8 MK III STATION WAGON AUTOMATIC|2.8I|2.9I GHIA|2000 ESTATE|2800 GHIA S|2800I GHIA|2800I GLS ESTATE|3.0 GL ESTATE|MK II|MK II STATION WAGON|MK III|MK III STATION WAGON|MK III STATION WAGON AUTOMATIC|SALOON AUTOMATIC|SCORPIO 4X4|SCORPIO COSWORTH,the-oldtimers.com
FORD,GT,1983,1984,2,,the-oldtimers.com
FORD,GT 40,1964,1972,8,MK II|MK III|MK IV,the-oldtimers.com
FORD,GT 70,1971,1971,1,,the-oldtimers.com
FORD,LASER,1980,1994,14,1.5 AUTOMATIC|1.6 AUTOMATIC|1.8 AUTOMATIC|AUTOMATIC,the-oldtimers.com
FORD,LIMITED,1977,1982,5,WAGON,the-oldtimers.com
FORD,LOTUS CORTINA,1966,1966,1,,the-oldtimers.com
FORD,LTD,1972,1979,6,II S HARDTOP|SEDAN,the-oldtimers.com
FORD,MAVERICK,1970,1977,8,,the-oldtimers.com
FORD,MEGASTAR II,1977,1977,1,CONCEPT,the-oldtimers.com
FORD,METEOR,1982,1989,8,1.5 AUTOMATIC|1.6 AUTOMATIC|AUTOMATIC,the-oldtimers.com
FORD,MODEL T,1908,1927,20,,the-oldtimers.com
FORD,MONARCH,1977,1982,6,,the-oldtimers.com
FORD,MONDEO,1993,1995,2,1.6 LX ESTATE|1.8 LX|1.8 LX ESTATE,the-oldtimers.com
FORD,MUSTANG,1965,1995,25,4.6 AUTOMATIC|AUTOMATIC|BOSS|BOSS 351|COBRA JET|CONVERTIBLE|CONVERTIBLE AUTOMATIC|GT|GT 500|MACH 1|MACH 1 289|MACH 1 302|MACH 1 351|SVO,the-oldtimers.com
FORD,ORION,1982,1994,13,1.3 GL|1.6 DIESEL|1.6 L AUTOMATIC|1.6I GHIA|1.8 DIESEL|DIESEL,the-oldtimers.com
FORD,PILOT,1947,1947,1,,the-oldtimers.com
FORD,POPULAR,1953,1962,10,,the-oldtimers.com
FORD,PREFECT,1948,1961,10,105 E,the-oldtimers.com
FORD,PROBE,1981,1995,9,GT|III|LX,the-oldtimers.com
FORD,RANCHERO,1968,1979,3,4000 AUTOMATIC,the-oldtimers.com
FORD,RANGER,1983,1995,10,3.0 AUTOMATIC|4.0 AUTOMATIC|AUTOMATIC,the-oldtimers.com
FORD,ROYALE,1993,1995,3,STATION,the-oldtimers.com
FORD,RS 200,1985,1990,5,,the-oldtimers.com
FORD,SCORPIO,1990,1995,6,2.0I|2.5 D|2.5 D CLIPPER|2.9 CLIPPER|CLIPPER,the-oldtimers.com
FORD,SIERRA,1982,1993,12,1.6 ESTATE|1.6 GHIA|1.8 D|1.8 D WAGON|2.0 GHIA|2.0 WAGON|2.0I|2.0I TWIN CAM STATION WAGON|2.0I TWIN CAM STATION WAGON GHIA|2.3 D|2.3 D WAGON|2.3 GL AUTOMATIC|2.3 WAGON|2300 GL DIESEL|2300 GL DIESEL ESTATE|COSWORTH RS500|RS COSWORTH|SAPPHIRE 2.0I XR TWIN CAM|SAPPHIRE 2000 E|SAPPHIRE RS COSWORTH|WAGON|XR 4I|XR 4X4,the-oldtimers.com
FORD,SKYLINER,1958,1963,5,,the-oldtimers.com
FORD,STATION WAGON,1961,1961,1,,the-oldtimers.com
FORD,TAUNUS,1941,1982,25,1.3 STATION WAGON|1.3 TURNIER|1.6 AUTOMATIC|1.6 TURNIER|1.6 TURNIER AUTOMATIC|1.8 17M|12 M|12M|17 M|2.0 AUTOMATIC|2.0 TURNIER|2.0 TURNIER AUTOMATIC|2.3 AUTOMATIC|2.3 TURNIER|2.3 TURNIER AUTOMATIC|20 M|STATION WAGON|TURNIER,the-oldtimers.com
FORD,TAURUS,1985,1992,8,2.5 WAGON|3.8 WAGON|SHO|WAGON|WAGON 2.5,the-oldtimers.com
FORD,TELSTAR,1982,1990,9,AUTOMATIC,the-oldtimers.com
FORD,TEMPO,1983,1994,12,2.3 AUTOMATIC|2300 AUTOMATIC|3.0 AUTOMATIC|AUTOMATIC|DIESEL|DIESEL AUTOMATIC,the-oldtimers.com
FORD,THUNDERBIRD,1954,1995,24,HARDTOP|SC|TURBO|V6|V8,the-oldtimers.com
FORD,TORINO,1971,1976,4,HARDTOP|HARDTOP AUTOMATIC|SEDAN|STATION WAGON|STATION WAGON AUTOMATIC,the-oldtimers.com
FORD,TRACER,1994,1995,2,,the-oldtimers.com
FORD,VEDETTE,1950,1958,9,,the-oldtimers.com
FORD,VERSAILLES,1993,1995,3,,the-oldtimers.com
FORD,WINDSTAR,1994,1995,2,,the-oldtimers.com
FORD,ZEPHYR,1950,1971,15,2.0 V4|2.6 V6,the-oldtimers.com
FORD,ZODIAC,1956,1965,9,AUTOMATIC,the-oldtimers.com
FRAMO,PICCOLO VH 200,1935,1935,1,,the-oldtimers.com
FRAMO,PICCOLO VH 300,1934,1935,2,,the-oldtimers.com
FRAMO,STROMER FP 200,1933,1933,1,,the-oldtimers.com
GAZ,10.73,1941,1946,6,,the-oldtimers.com
GAZ,22,1962,1970,2,,the-oldtimers.com
GAZ,24,1970,1982,13,AUTOMATIC|VOLGA|VOLGA 2.3 D|VOLGA 2.3 DIESEL|VOLGA 3.0,the-oldtimers.com
GAZ,24.10,1985,1992,8,,the-oldtimers.com
GAZ,61,1941,1941,1,,the-oldtimers.com
GAZ,M-20,1946,1957,11,,the-oldtimers.com
GAZ,M1,1941,1942,2,,the-oldtimers.com
GAZ,M20,1947,1958,2,,the-oldtimers.com
GAZ,VOLGA,1970,1970,1,,the-oldtimers.com
GINETTA,G,1991,1991,1,,the-oldtimers.com
GINETTA,G10,1965,1965,1,,the-oldtimers.com
GINETTA,G11,1966,1966,1,,the-oldtimers.com
GINETTA,G12,1966,1966,1,,the-oldtimers.com
GINETTA,G15,1968,1974,7,,the-oldtimers.com
GINETTA,G21,1970,1971,2,S,the-oldtimers.com
GINETTA,G27,1990,1995,5,,the-oldtimers.com
GINETTA,G3,1961,1961,1,,the-oldtimers.com
GINETTA,G32,1986,1991,3,1.9I|ROADSTER,the-oldtimers.com
GINETTA,G33,1990,1995,6,,the-oldtimers.com
GINETTA,G4,1960,1982,2,,the-oldtimers.com
GINETTA,G40,1995,1995,1,,the-oldtimers.com
GLAS,1004,1962,1968,7,,the-oldtimers.com
GLAS,1204,1962,1968,7,,the-oldtimers.com
GLAS,1300 GT 1700 GT,1964,1968,5,,the-oldtimers.com
GLAS,1304,1962,1968,7,,the-oldtimers.com
GLAS,1700,1964,1967,4,,the-oldtimers.com
GLAS,1700 TS,1965,1967,3,,the-oldtimers.com
GLAS,2600 V8,1966,1968,3,,the-oldtimers.com
GLAS,3000 V8,1966,1968,3,,the-oldtimers.com
GLAS,GLAS ISAR,1958,1965,8,,the-oldtimers.com
GLAS,GOGGOMOBIL T250,1954,1969,16,,the-oldtimers.com
GLAS,GOGGOMOBIL T300,1957,1969,13,,the-oldtimers.com
GLAS,GOGGOMOBIL T400,1957,1969,13,,the-oldtimers.com
GMC,FIREBIRD,1956,1956,1,,the-oldtimers.com
GMC,JIMMY,1972,1991,20,6.2 D|S 15|S 15 2.2 DIESEL|S 15 2.2 DIESEL AUTOMATIC|S 15 2.5|S 15 2.8|S 15 2.8 AUTOMATIC|S 15 4.3|S 15 4.3 AUTOMATIC|S 15 AUTOMATIC,the-oldtimers.com
GMC,PICKUP,1947,1955,9,,the-oldtimers.com
GMC,SAFARI,1995,1995,1,,the-oldtimers.com
GMC,SIERRA,1977,1977,1,,the-oldtimers.com
GMC,SUBURBAN,1972,1991,20,6.2 D,the-oldtimers.com
GMC,TYPHOON,1992,1994,3,,the-oldtimers.com
GOGGOMOBIL,T250,1955,1969,15,,the-oldtimers.com
GOGGOMOBIL,TRANSPORTER TL,1957,1965,9,,the-oldtimers.com
GOLIATH,GP 1100,1957,1958,2,,the-oldtimers.com
GOLIATH,GP 700,1950,1957,8,,the-oldtimers.com
GOLIATH,GP 900,1955,1957,3,,the-oldtimers.com
GRAF  STIFT,C 12,1938,1938,1,,the-oldtimers.com
GRAF  STIFT,G 35 G 36 G 8,1935,1938,4,,the-oldtimers.com
GRAF  STIFT,MF 6,1934,1936,3,,the-oldtimers.com
GRAF  STIFT,S 3,1925,1931,7,,the-oldtimers.com
GRAF  STIFT,SP 5,1924,1933,10,,the-oldtimers.com
GRAF  STIFT,SP 7,1927,1929,3,,the-oldtimers.com
GRAF  STIFT,SP 8,1930,1936,7,,the-oldtimers.com
GRAF  STIFT,SP 9,1937,1938,2,,the-oldtimers.com
GRAF  STIFT,SP6,1934,1935,2,,the-oldtimers.com
GRAF  STIFT,SR 2,1921,1924,4,,the-oldtimers.com
GRAF  STIFT,SR 3,1924,1926,3,,the-oldtimers.com
GRAF  STIFT,SR 4,1926,1928,3,,the-oldtimers.com
GRAF  STIFT,V8,1936,1937,2,,the-oldtimers.com
GRAF  STIFT,VK 1,1920,1924,5,,the-oldtimers.com
GRAF  STIFT,VK 2,1926,1930,5,,the-oldtimers.com
GUTBROD,GUTBROD SUPERIOR,1950,1954,5,,the-oldtimers.com
HANOMAG,11 4 23 PS,1932,1934,3,,the-oldtimers.com
HANOMAG,13 LITER TYP 13,1938,1941,4,,the-oldtimers.com
HANOMAG,15 6 32 PS,1933,1934,2,,the-oldtimers.com
HANOMAG,53 3 16 PS,1930,1931,2,,the-oldtimers.com
HANOMAG,63 4 20 PS,1930,1931,2,,the-oldtimers.com
HANOMAG,900 3 18 PS,1932,1934,3,,the-oldtimers.com
HANOMAG,DIESEL TYP 19 K,1939,1940,2,,the-oldtimers.com
HANOMAG,GARANT TYP 11 35,1935,1936,2,,the-oldtimers.com
HANOMAG,GARANT TYP 11 36,1936,1938,3,,the-oldtimers.com
HANOMAG,GARANT TYP 11 4,1934,1935,2,,the-oldtimers.com
HANOMAG,KURIER TYP 11 K,1934,1938,5,,the-oldtimers.com
HANOMAG,N 53 3 17 PS,1931,1932,2,,the-oldtimers.com
HANOMAG,N 63 4 23 PS,1931,1932,2,,the-oldtimers.com
HANOMAG,P 2 10 PS,1925,1928,4,,the-oldtimers.com
HANOMAG,P 3 16 PS,1929,1930,2,,the-oldtimers.com
HANOMAG,PARTNER,1951,1951,1,,the-oldtimers.com
HANOMAG,REKORD DIESEL TYP D 19 A,1937,1938,2,,the-oldtimers.com
HANOMAG,REKORD TYP 15 K,1934,1938,5,,the-oldtimers.com
HANOMAG,STURM TYP 22 K,1934,1936,3,,the-oldtimers.com
HANOMAG,STURM TYP 23 K,1936,1939,4,,the-oldtimers.com
HANOMAG,STURM TYP 23 KI,1936,1939,4,,the-oldtimers.com
HANSA,3500,1937,1938,2,,the-oldtimers.com
HEALEY,ABBOTT,1950,1954,5,,the-oldtimers.com
HEALEY,DUNCAN,1948,1948,1,,the-oldtimers.com
HEALEY,ELLIOTT,1946,1950,5,,the-oldtimers.com
HEALEY,SILVERSTONE,1949,1950,2,,the-oldtimers.com
HEALEY,TICKFORD,1950,1954,5,,the-oldtimers.com
HEALEY,WESTLAND,1946,1950,4,,the-oldtimers.com
HEINKEL,KABINE,1960,1966,7,,the-oldtimers.com
HILLMAN,10 HP,1910,1910,1,,the-oldtimers.com
HILLMAN,11 HP,1915,1927,12,,the-oldtimers.com
HILLMAN,12 15 HP,1908,1913,6,,the-oldtimers.com
HILLMAN,13 25 HP,1914,1914,1,,the-oldtimers.com
HILLMAN,14 HP,1925,1930,5,,the-oldtimers.com
HILLMAN,25 HP,1909,1913,5,,the-oldtimers.com
HILLMAN,40 HP,1907,1911,5,,the-oldtimers.com
HILLMAN,80,1936,1938,3,,the-oldtimers.com
HILLMAN,9 HP,1913,1915,3,,the-oldtimers.com
HILLMAN,AVENGER,1970,1981,12,,the-oldtimers.com
HILLMAN,HAWK,1936,1937,2,,the-oldtimers.com
HILLMAN,HUNTER,1966,1979,14,,the-oldtimers.com
HILLMAN,HUSKY,1954,1963,10,,the-oldtimers.com
HILLMAN,IMP,1963,1976,14,,the-oldtimers.com
HILLMAN,MINX,1932,1970,39,,the-oldtimers.com
HILLMAN,SIXTEEN,1934,1937,4,,the-oldtimers.com
HILLMAN,VORTIC,1930,1930,1,,the-oldtimers.com
HILLMAN,WIZARD,1931,1933,3,,the-oldtimers.com
HOLDEN,APOLLO,1989,1992,4,AUTOMATIC,the-oldtimers.com
HOLDEN,ASTRA,1984,1987,3,1.6 AUTOMATIC|AUTOMATIC,the-oldtimers.com
HOLDEN,BARINA,1985,1994,10,1.0 AUTOMATIC|1.3 AUTOMATIC|AUTOMATIC,the-oldtimers.com
HOLDEN,BELMONT,1968,1976,8,2.1 HK|3.0 HK|3.0 HT|3.3 HJ|3.3 HQ|4.1 HJ|4.1 HJ AUTOMATIC|4.1 HQ|5.0 HJ|5.0 HJ AUTOMATIC|5.0 HK|5.0 HQ|5.0 HQ AUTOMATIC|5.0 HT|HJ|HK|HQ|HT|HT 2.6,the-oldtimers.com
HOLDEN,BROUGHAM,1968,1969,2,HK,the-oldtimers.com
HOLDEN,CAMIRA,1982,1989,8,JB|JB AUTOMATIC|JD|JD 1.8|JD 1.8 AUTOMATIC|JD AUTOMATIC|JE|JE AUTOMATIC,the-oldtimers.com
HOLDEN,COMMODORE,1980,1995,16,VC|VC 2.8|VC 2.8 AUTOMATIC|VC 3.3|VC 3.3 AUTOMATIC|VC 4.1|VC 5.0|VH|VH 2.8|VH 2.8 AUTOMATIC|VH 3.3|VH 4.1|VH AUTOMATIC|VK|VK 3.3|VK 3.3 AUTOMATIC|VK 5.0|VK 5.0 AUTOMATIC|VK AUTOMATIC|VL|VL 3.0|VL 3.0 AUTOMATIC|VL 5.0|VL AUTOMATIC|VN|VN 5.0|VN 5.0 AUTOMATIC|VN AUTOMATIC|VN SS|VP|VP 5.0|VP 5.0 AUTOMATIC|VP AUTOMATIC|VR|VR 5.0|VR AUTOMATIC,the-oldtimers.com
HOLDEN,DROVER,1985,1987,3,,the-oldtimers.com
HOLDEN,EH,1964,1966,3,PREMIER,the-oldtimers.com
HOLDEN,EJ,1963,1964,2,,the-oldtimers.com
HOLDEN,EK,1961,1966,6,,the-oldtimers.com
HOLDEN,FB SPECIAL,1960,1965,6,,the-oldtimers.com
HOLDEN,FC,1959,1960,2,SEDAN,the-oldtimers.com
HOLDEN,FE,1956,1959,4,SEDAN,the-oldtimers.com
HOLDEN,FJ,1953,1958,5,,the-oldtimers.com
HOLDEN,FX,1948,1953,6,,the-oldtimers.com
HOLDEN,GEMINI,1975,1990,16,RB|RB AUTOMATIC|TD|TD AUTOMATIC|TE|TE AUTOMATIC|TE DIESEL|TF|TF AUTOMATIC|TF DIESEL|TG|TG AUTOMATIC|TG DIESEL|TX|TX AUTOMATIC,the-oldtimers.com
HOLDEN,GTS,1977,1979,3,5.0 HZ|5.0 HZ AUTOMATIC|HZ|HZ AUTOMATIC,the-oldtimers.com
HOLDEN,HB,1967,1972,6,,the-oldtimers.com
HOLDEN,HD,1966,1966,1,,the-oldtimers.com
HOLDEN,HR,1967,1967,1,,the-oldtimers.com
HOLDEN,KINGSWOOD,1977,1980,3,4.1 HZ|4.1 HZ AUTOMATIC|5.0 HZ|5.0 HZ AUTOMATIC|HZ,the-oldtimers.com
HOLDEN,MONARO,1968,1974,7,3.0 HK|3.0 HT|3.3 HQ|4.1 HQ|4.1 HT|5.0 HK|5.0 HK AUTOMATIC|5.0 HQ|5.0 HQ AUTOMATIC|5.4 HK|5.7 HQ|5.7 HQ AUTOMATIC|5.7 HT|HK|HQ|HT|HT 5.0,the-oldtimers.com
HOLDEN,NOVA,1989,1995,7,1.6 AUTOMATIC|1.8 AUTOMATIC|1.8 SEDAN|1.8 SEDAN AUTOMATIC|AUTOMATIC|SEDAN|SEDAN AUTOMATIC,the-oldtimers.com
HOLDEN,STATESMAN,1971,1995,18,4.1 HT|5.0 HT|5.0 HT AUTOMATIC|5.7 HT|5.7 HT AUTOMATIC|HJ|HJ AUTOMATIC|HT|HX|HX AUTOMATIC|VQ|VQ 5.0|VR|VR 5.0|VS|VS 3.8|VS 5.0|WB,the-oldtimers.com
HOLDEN,SUNBIRD,1976,1978,3,LX|LX 1.9|LX 1.9 AUTOMATIC|LX 2.8|LX 3.3|LX 3.3 AUTOMATIC|LX 4.1|LX 4.1 AUTOMATIC|LX 5.0|LX 5.0 AUTOMATIC|LX AUTOMATIC,the-oldtimers.com
HOLDEN,TORANA,1970,1976,6,LC 4|LC 4 1.6|LC 4 1.6 AUTOMATIC|LC 6|LC 6 2.8|LC 6 3.0|LH|LH 2.8|LH 3.3|LH 3.3 AUTOMATIC|LH 4.1|LH 4.1 AUTOMATIC|LH 5.0|LH 5.0 AUTOMATIC|LH AUTOMATIC|LJ 4|LJ 4 1.3|LJ 4 1.6|LJ 4 1.6 AUTOMATIC|LJ 4 1.8|LJ 4 1.8 AUTOMATIC,the-oldtimers.com
HOLDEN,UTE,1973,1973,1,,the-oldtimers.com
HONDA,1300,1970,1975,6,COUPE,the-oldtimers.com
HONDA,145,1973,1975,3,COUPE|COUPE 1.4,the-oldtimers.com
HONDA,ACCORD,1976,1995,20,1.6 AUTOMATIC|1.6 COUPE|1.6 COUPE AUTOMATIC|1.8 COUPE|1800 EX-L|1800 GF|1800 GL|1800 SL|2.0 EX|2.0 EXI|2.0 LS|2.0I AERODECK|2.0I ES AERODECK|2.0I S|2.2 AERODECK|2.2 EXI|2.2I ES AERODECK|AERODECK|COUPE|COUPE DX|DX HATCHBACK|LXI COUPE|LXI HATCHBACK|SEDAN DX|VIGOUR|VIGOUR AUTOMATIC,the-oldtimers.com
HONDA,ARGENTO VIVA,1995,1995,1,CONCEPT,the-oldtimers.com
HONDA,BALLADE,1980,1983,4,1.5 AUTOMATIC|AUTOMATIC,the-oldtimers.com
HONDA,CIVIC,1972,1994,20,1.3 AUTOMATIC|1.5I|1.5I HATCHBACK|1.6 LS|1.6I VT|AUTOMATIC|CR-X 1.5|CRX 1.6I-16|CRX 1.6I-VT|CRX ESI|LSI SEDAN|VTI,the-oldtimers.com
HONDA,CONCERTO,1988,1994,7,1.6I,the-oldtimers.com
HONDA,CRX,1991,1995,5,SI,the-oldtimers.com
HONDA,F1,1964,1965,2,,the-oldtimers.com
HONDA,HP-X,1984,1984,1,CONCEPT,the-oldtimers.com
HONDA,INTEGRA,1986,1995,10,1.5 COUPE|1.5 COUPE AUTOMATIC|1.5 SEDAN|1.5 SEDAN AUTOMATIC|1.6 COUPE|1.6 SEDAN|1.6I|1.7 COUPE|1.7 SEDAN|1.8 COUPE|1.8 SEDAN|COUPE|COUPE AUTOMATIC|EX-16 COUPE|EX-16 SEDAN|SEDAN|SEDAN AUTOMATIC|SI COUPE|SI COUPE AUTOMATIC|SI SEDAN|SI SEDAN AUTOMATIC|TYPE R,the-oldtimers.com
HONDA,JAZZ,1984,1986,3,,the-oldtimers.com
HONDA,LEGEND,1986,1995,10,2.0 TURBO|2.7 AUTOMATIC|2.7 COUPE|COUPE|SEDAN,the-oldtimers.com
HONDA,LIFE,1971,1975,5,,the-oldtimers.com
HONDA,N III,1970,1970,1,360 T|DE LUXE,the-oldtimers.com
HONDA,NSX,1988,1995,7,AUTOMATIC|R,the-oldtimers.com
HONDA,PRELUDE,1978,1995,18,2.0I|2.2I VTEC|2.3I|AUTOMATIC|EX|XT COUPE,the-oldtimers.com
HONDA,QUINTET,1982,1984,3,,the-oldtimers.com
HONDA,S500,1962,1964,3,,the-oldtimers.com
HONDA,S600,1964,1970,7,,the-oldtimers.com
HONDA,S800,1967,1970,4,CABRIOLET,the-oldtimers.com
HONDA,SHUTTLE,1988,1995,6,2.2I ES,the-oldtimers.com
HONDA,STEP WAGON,1995,1995,1,,the-oldtimers.com
HONDA,TODAY,1994,1995,2,,the-oldtimers.com
HONDA,Z,1970,1975,6,0.6 AUTOMATIC|COUPE,the-oldtimers.com
HORCH,10 30 PS,1910,1911,2,,the-oldtimers.com
HORCH,10 M 20 10 35 PS,1922,1924,3,,the-oldtimers.com
HORCH,10 M 25 10 50 PS,1924,1926,3,,the-oldtimers.com
HORCH,10-16 PS,1902,1904,3,,the-oldtimers.com
HORCH,12 6 LITER TYP 600 670,1931,1935,4,,the-oldtimers.com
HORCH,14-20 PS,1905,1910,5,,the-oldtimers.com
HORCH,15 30 PS,1910,1914,5,,the-oldtimers.com
HORCH,18 25 PS,1904,1909,6,,the-oldtimers.com
HORCH,18 50 PS,1914,1922,9,,the-oldtimers.com
HORCH,22-30 PS,1903,1903,1,,the-oldtimers.com
HORCH,23 50 PS,1905,1910,6,,the-oldtimers.com
HORCH,25 60 PS,1909,1914,6,,the-oldtimers.com
HORCH,26 65 PS,1907,1910,4,,the-oldtimers.com
HORCH,4-15 PS,1900,1903,4,,the-oldtimers.com
HORCH,6 18 PS,1911,1920,10,,the-oldtimers.com
HORCH,8 24 PS,1911,1922,12,,the-oldtimers.com
HORCH,8 3 LITER TYP 430,1931,1932,2,,the-oldtimers.com
HORCH,8 4 LITER TYP 410 440 710,1931,1933,3,,the-oldtimers.com
HORCH,8 45 LITER TYP 420 450 470 720 750 750B,1931,1935,5,,the-oldtimers.com
HORCH,8 5 LITER TYP 480 500 500A 500B 780 780B,1931,1935,5,,the-oldtimers.com
HORCH,8 TYP 303 304 12 60 PS,1926,1927,2,,the-oldtimers.com
HORCH,8 TYP 305 306 913 65 PS0,1927,1928,2,,the-oldtimers.com
HORCH,8 TYP 350 375 400 405 16 80 PS,1928,1931,4,,the-oldtimers.com
HORCH,830,1933,1934,2,,the-oldtimers.com
HORCH,830B,1935,1935,1,,the-oldtimers.com
HORCH,830BK 830BL,1935,1936,2,,the-oldtimers.com
HORCH,830BL 930V,1937,1940,4,,the-oldtimers.com
HORCH,850 850 SPORT,1935,1937,3,,the-oldtimers.com
HORCH,851 853 853A 855 951 951A,1937,1940,4,,the-oldtimers.com
HORCH,H 17 45 PS,1910,1920,10,,the-oldtimers.com
HORCH,K 12 30 PS,1910,1911,2,,the-oldtimers.com
HORCH,O 14 40 PS,1912,1922,11,,the-oldtimers.com
HORCH,PONY 5 14 PS,1914,1914,1,,the-oldtimers.com
HORCH,S 33 80 PS,1914,1922,9,,the-oldtimers.com
HOTCHKISS,411,1933,1937,5,,the-oldtimers.com
HOTCHKISS,413,1933,1937,5,,the-oldtimers.com
HOTCHKISS,686,1933,1939,6,,the-oldtimers.com
HOTCHKISS,ANJOU,1950,1954,5,,the-oldtimers.com
HOTCHKISS,GREGOIRE,1950,1953,4,,the-oldtimers.com
HUDSON,COMMODORE,1949,1949,1,,the-oldtimers.com
HUDSON,HORNET,1951,1953,3,,the-oldtimers.com
HUDSON,ITALIA COUPE,1954,1954,1,,the-oldtimers.com
HUDSON,METROPOLITAN,1954,1961,7,,the-oldtimers.com
HUDSON,SUPER JET,1953,1953,1,,the-oldtimers.com
HUDSON,SUPER WASP,1953,1953,1,,the-oldtimers.com
HUMBER,HAWK,1948,1962,4,II|III|MARK VI,the-oldtimers.com
HUMBER,PULLMAN,1948,1953,3,MK III,the-oldtimers.com
HUMBER,SCEPTRE,1963,1976,11,,the-oldtimers.com
HUMBER,SUPER SNIPE,1948,1964,9,III|IV|V,the-oldtimers.com
HUMMER,H1,1983,1983,1,,the-oldtimers.com
HUPMOBILE,20 20-C 20-E,1909,1913,5,,the-oldtimers.com
HUPMOBILE,32,1912,1915,4,,the-oldtimers.com
HUPMOBILE,A,1926,1929,4,,the-oldtimers.com
HUPMOBILE,B,1932,1932,1,,the-oldtimers.com
HUPMOBILE,C,1930,1932,3,,the-oldtimers.com
HUPMOBILE,D,1935,1936,2,,the-oldtimers.com
HUPMOBILE,E,1925,1928,4,,the-oldtimers.com
HUPMOBILE,E ES,1938,1939,2,,the-oldtimers.com
HUPMOBILE,F,1932,1934,3,,the-oldtimers.com
HUPMOBILE,G,1936,1937,2,,the-oldtimers.com
HUPMOBILE,H,1930,1939,5,,the-oldtimers.com
HUPMOBILE,I,1932,1934,3,,the-oldtimers.com
HUPMOBILE,J,1934,1935,2,,the-oldtimers.com
HUPMOBILE,K,1915,1915,1,,the-oldtimers.com
HUPMOBILE,K KK,1933,1934,2,,the-oldtimers.com
HUPMOBILE,L,1932,1932,1,,the-oldtimers.com
HUPMOBILE,M,1928,1929,2,,the-oldtimers.com
HUPMOBILE,N,1916,1937,4,,the-oldtimers.com
HUPMOBILE,O,1935,1936,2,,the-oldtimers.com
HUPMOBILE,R,1918,1939,9,,the-oldtimers.com
HUPMOBILE,S,1930,1932,3,,the-oldtimers.com
HUPMOBILE,SKYLARK,1940,1941,2,,the-oldtimers.com
HUPMOBILE,T,1934,1935,2,,the-oldtimers.com
HUPMOBILE,U V,1930,1932,3,,the-oldtimers.com
HUPMOBILE,W,1934,1935,2,,the-oldtimers.com
HYUNDAI,ACCENT,1994,1994,1,1.3 LSI,the-oldtimers.com
HYUNDAI,EXCEL,1990,1992,3,,the-oldtimers.com
HYUNDAI,LANTRA,1991,1995,5,1.5 GLS|1.6 CDI|1.8 CD|1.8 GT,the-oldtimers.com
HYUNDAI,MARCIA,1994,1995,2,AUTOMATIC,the-oldtimers.com
HYUNDAI,PONY,1974,1995,11,1.3 GL|1.3 LS|1.3 SALOON|1.5 GLS|1.5 SALOON|COUPE|WAGON,the-oldtimers.com
HYUNDAI,SCOUPE,1991,1995,5,GT|LS,the-oldtimers.com
HYUNDAI,SONATA,1988,1994,4,3.0 V6,the-oldtimers.com
HYUNDAI,STELLAR,1984,1984,1,1600 GSL,the-oldtimers.com
IFA,F8,1948,1955,8,,the-oldtimers.com
IFA,F9,1949,1956,8,,the-oldtimers.com
IFA,P 240,1956,1959,4,,the-oldtimers.com
IMPERIAL,CROWN,1955,1973,19,,the-oldtimers.com
IMPERIAL,LEBARON,1957,1975,19,,the-oldtimers.com
INFINITI,G20,1990,1995,6,,the-oldtimers.com
INFINITI,J30,1992,1995,4,,the-oldtimers.com
INFINITI,Q45,1989,1995,7,,the-oldtimers.com
INNOCENTI,950,1960,1963,4,SPORT,the-oldtimers.com
INNOCENTI,990,1982,1992,11,1.0 D,the-oldtimers.com
INNOCENTI,A 40,1964,1967,3,S,the-oldtimers.com
INNOCENTI,A40S,1965,1965,1,,the-oldtimers.com
INNOCENTI,C,1967,1970,4,COUPE,the-oldtimers.com
INNOCENTI,ELBA,1995,1995,1,1.7 DIESEL ECO,the-oldtimers.com
INNOCENTI,IM 3,1963,1970,8,,the-oldtimers.com
INNOCENTI,J4,1964,1973,10,,the-oldtimers.com
INNOCENTI,KORAL,1991,1993,3,,the-oldtimers.com
INNOCENTI,MILLE,1995,1995,1,,the-oldtimers.com
INNOCENTI,MINI,1965,1982,18,T,the-oldtimers.com
INNOCENTI,TURBO DE TOMASO,1982,1982,1,,the-oldtimers.com
INTERNATIONAL HARVESTER,SCOUT,1960,1980,21,,the-oldtimers.com
ISUZU,117,1968,1979,5,1800 COUPE|1800N COUPE|COUPE|XD COUPE|XDL COUPE,the-oldtimers.com
ISUZU,4200,1989,1989,1,CONCEPT,the-oldtimers.com
ISUZU,BELLEL,1961,1969,9,2.0 D|EXPRESS|EXPRESS 2000,the-oldtimers.com
ISUZU,BELLETT,1963,1979,13,1.6 SPORT|1.8 GEMINI COUPE|1.8 GEMINI COUPE AUTOMATIC|1500 SPORT|1600 GT|1600 GT-R COUPE|1600 GTR|1600 SPECIAL|1600 SPORT|1800 GT|1800 GTN COUPE|1800 SPORT|GEMINI|GEMINI 1.6 COUPE|GEMINI 1.8|GEMINI 1.8 AUTOMATIC|GEMINI COUPE|GT|GT-R|SPORT,the-oldtimers.com
ISUZU,FLORIAN,1967,1983,12,1800 TS|2.0 D|2.0 D AUTOMATIC|AUTOMATIC,the-oldtimers.com
ISUZU,FRONTERA,1994,1994,1,SPORT,the-oldtimers.com
ISUZU,GEMINI,1979,1985,7,1.6 AUTOMATIC|1.8 AUTOMATIC|1.8 COUPE|1.8 D|1.8 D AUTOMATIC|1.8 D COUPE|1.8 D COUPE AUTOMATIC|AUTOMATIC|COUPE|COUPE AUTOMATIC,the-oldtimers.com
ISUZU,IMPULSE,1990,1990,1,RS|XS,the-oldtimers.com
ISUZU,KB,1980,1980,1,,the-oldtimers.com
ISUZU,MINX,1953,1964,12,PH 10|PH 100|PH10|PH100,the-oldtimers.com
ISUZU,NEW BELLEL,1970,1971,2,,the-oldtimers.com
ISUZU,PIAZZA,1981,1989,9,TURBO,the-oldtimers.com
ISUZU,STYLUS,1990,1990,1,S|XS,the-oldtimers.com
ISUZU,TROOPER,1981,1995,12,2.2 D WAGON|2.6 WAGON|2.8 D WAGON|3.0 D LWB|3.0 D LWB AUTOMATIC|SHORT|WAGON,the-oldtimers.com
ITALCORSA,TARF,1951,1952,2,,the-oldtimers.com
ITALDESIGN,ASPID,1988,1988,1,,the-oldtimers.com
ITALDESIGN,COLUMBUS,1992,1992,1,,the-oldtimers.com
ITALDESIGN,M12,1991,1991,1,,the-oldtimers.com
ITALDESIGN,MACHIMOTO,1986,1986,1,,the-oldtimers.com
ITALDESIGN,MEDUSA,1980,1980,1,,the-oldtimers.com
ITALDESIGN,NAZCA,1991,1995,4,C2,the-oldtimers.com
ITALDESIGN,TAPIRO,1970,1970,1,,the-oldtimers.com
JAGUAR,220,1993,1993,1,S TWIN TURBO 680 CV,the-oldtimers.com
JAGUAR,240,1967,1969,3,,the-oldtimers.com
JAGUAR,3.8,1960,1964,2,MK II|S,the-oldtimers.com
JAGUAR,420G,1966,1966,1,,the-oldtimers.com
JAGUAR,C-TYPE,1951,1953,3,,the-oldtimers.com
JAGUAR,E-TYPE,1961,1975,15,S1|V12|V12 22|XK-E,the-oldtimers.com
JAGUAR,F-TYPE,1989,1989,1,TURBO PROTOTYPE,the-oldtimers.com
JAGUAR,KENSINGTON,1990,1990,1,CONCEPT,the-oldtimers.com
JAGUAR,MARK IV,1945,1949,5,,the-oldtimers.com
JAGUAR,MK 10,1964,1964,1,MK X AUTOMATIC,the-oldtimers.com
JAGUAR,MK II,1959,1967,8,,the-oldtimers.com
JAGUAR,MK IV,1946,1946,1,,the-oldtimers.com
JAGUAR,MK IX,1958,1961,4,,the-oldtimers.com
JAGUAR,MK V,1949,1951,3,,the-oldtimers.com
JAGUAR,MK VII,1955,1955,1,,the-oldtimers.com
JAGUAR,MK VIII,1956,1959,4,,the-oldtimers.com
JAGUAR,MK X,1961,1966,6,,the-oldtimers.com
JAGUAR,S-TYPE,1963,1963,1,,the-oldtimers.com
JAGUAR,SOVEREIGN,1972,1972,1,V12,the-oldtimers.com
JAGUAR,SS,1941,1941,1,,the-oldtimers.com
JAGUAR,TYPE E,1970,1970,1,,the-oldtimers.com
JAGUAR,TYPE S,1963,1968,6,,the-oldtimers.com
JAGUAR,TYPE-C,1951,1951,1,,the-oldtimers.com
JAGUAR,X-300,1995,1995,1,SOVEREIGN V12,the-oldtimers.com
JAGUAR,XJ,1972,1994,17,12 C COUPE|12 L|COUPE,the-oldtimers.com
JAGUAR,XJ-13,1968,1968,1,,the-oldtimers.com
JAGUAR,XJ220,1992,1995,3,S,the-oldtimers.com
JAGUAR,XJ6,1968,1994,5,3.2 AUTOMATIC|3.2 SPORT|SPORT,the-oldtimers.com
JAGUAR,XJR,1980,1994,11,S 6.0,the-oldtimers.com
JAGUAR,XJR-11,1989,1990,2,,the-oldtimers.com
JAGUAR,XJR-15,1990,1992,3,,the-oldtimers.com
JAGUAR,XJS,1975,1995,15,4.0 AUTOMATIC|5.3 CABRIOLET|5.3 ESTATE|6.0 CABRIOLET|6.0 ESTATE|CABRIOLET|ESTATE|HE,the-oldtimers.com
JAGUAR,XK,1948,1960,12,120 FHC|120 ROADSTER|120 SE FHC|120 SE ROADSTER|140 ROADSTER|150 3.8 FHC|150S 3.4 FHC|150S DHC,the-oldtimers.com
JEEP,CHEROKEE,1984,1995,12,,the-oldtimers.com
JEEP,CJ,1953,1985,6,3A|5 D,the-oldtimers.com
JEEP,CJ2,1945,1945,1,A,the-oldtimers.com
JEEP,CJ2A,1946,1949,4,,the-oldtimers.com
JEEP,CJ3A,1948,1952,5,,the-oldtimers.com
JEEP,CJ5,1955,1970,15,3.2 D,the-oldtimers.com
JEEP,CJ7,1982,1984,2,2.1 D,the-oldtimers.com
JEEP,GRAND CHEROKEE,1993,1995,3,4.0 LAREDO|4.0 LIMITED|4.0 ORVIS LIMITED EDITION|5.2 LAREDO|5.2 LIMITED|5.2 ORVIS LIMITED EDITION|SE,the-oldtimers.com
JEEP,GRAND WAGONEER,1962,1991,15,,the-oldtimers.com
JEEP,JEEPSTER,1948,1949,2,VJ2|VJ2 2.2|VJ2 2.4|VJ2 2400,the-oldtimers.com
JEEP,MB,1942,1945,3,,the-oldtimers.com
JEEP,STATION WAGON,1946,1950,5,,the-oldtimers.com
JEEP,WRANGLER,1989,1995,3,,the-oldtimers.com
JENSEN,4-LITRE,1949,1949,1,,the-oldtimers.com
JENSEN,541,1953,1963,11,R,the-oldtimers.com
JENSEN,CV-8,1962,1966,5,FF|MK II,the-oldtimers.com
JENSEN,FF,1966,1971,5,,the-oldtimers.com
JENSEN,HEALEY,1972,1972,1,,the-oldtimers.com
JENSEN,INTERCEPTOR,1949,1994,30,COUPE|FF|FF MK III|MK III|MK III S4|S4,the-oldtimers.com
JENSEN,JENSEN-HEALEY,1972,1976,5,,the-oldtimers.com
JENSEN,SP,1971,1971,1,AUTOMATIC,the-oldtimers.com
JENSEN,STRAIGHT 8,1948,1948,1,,the-oldtimers.com
KELLISON,J5 COUPE,1961,1961,1,,the-oldtimers.com
KIA,BRISA,1974,1982,8,,the-oldtimers.com
KIA,CAPITAL,1993,1995,2,AUTOMATIC,the-oldtimers.com
KIA,RETONA,1995,1995,1,,the-oldtimers.com
KIA,SEPHIA,1993,1995,3,,the-oldtimers.com
LADA,1200,1974,1982,9,ESTATE,the-oldtimers.com
LADA,1300,1974,1974,1,,the-oldtimers.com
LADA,1600,1978,1978,1,,the-oldtimers.com
LADA,2104,1985,1989,5,1.5 STATION WAGON,the-oldtimers.com
LADA,2105,1980,1989,10,,the-oldtimers.com
LADA,2107,1986,1989,4,1.5 PRIMA GLX,the-oldtimers.com
LADA,NATACHA,1994,1995,2,,the-oldtimers.com
LADA,NIVA,1980,1995,15,1.7I|1.7I LONG|1.8 LONG|1.9 D|1.9 DIESEL,the-oldtimers.com
LADA,RIVA,1974,1986,2,1600 SLX,the-oldtimers.com
LADA,S,1974,1982,8,,the-oldtimers.com
LADA,SAMARA,1986,1995,10,,the-oldtimers.com
LAGONDA,11,1913,1921,9,,the-oldtimers.com
LAGONDA,11.9,1920,1923,4,,the-oldtimers.com
LAGONDA,12,1923,1926,4,,the-oldtimers.com
LAGONDA,14 60,1925,1933,9,,the-oldtimers.com
LAGONDA,16 65,1926,1930,5,,the-oldtimers.com
LAGONDA,16 80,1932,1934,3,,the-oldtimers.com
LAGONDA,2.6 LITRE,1948,1953,6,,the-oldtimers.com
LAGONDA,20,1906,1913,8,,the-oldtimers.com
LAGONDA,3 LITRE,1928,1958,13,,the-oldtimers.com
LAGONDA,3.5 LITRE,1935,1935,1,,the-oldtimers.com
LAGONDA,30,1911,1913,3,,the-oldtimers.com
LAGONDA,ASTON MARTIN LAGONDA,1976,1989,14,,the-oldtimers.com
LAGONDA,LG45,1936,1937,2,,the-oldtimers.com
LAGONDA,LG6,1938,1940,3,,the-oldtimers.com
LAGONDA,M45,1935,1935,1,,the-oldtimers.com
LAGONDA,RAPIDE,1961,1964,4,,the-oldtimers.com
LAGONDA,RAPIER,1933,1938,6,,the-oldtimers.com
LAGONDA,V12,1938,1940,3,,the-oldtimers.com
LAMBORGHINI,350 GT,1964,1964,1,,the-oldtimers.com
LAMBORGHINI,400,1965,1968,4,,the-oldtimers.com
LAMBORGHINI,BRAVO,1974,1974,1,CONCEPT,the-oldtimers.com
LAMBORGHINI,COUNTACH,1973,1990,18,5000 S|LP 400|LP 400 S|LP 5000 S QV|LP 500S,the-oldtimers.com
LAMBORGHINI,DIABLO,1990,1995,6,SE|VT,the-oldtimers.com
LAMBORGHINI,ESPADA,1968,1972,2,GTE S3 400|S I,the-oldtimers.com
LAMBORGHINI,FLYING STAR,1966,1966,1,CONCEPT,the-oldtimers.com
LAMBORGHINI,ISLERO,1969,1969,1,400 GTS,the-oldtimers.com
LAMBORGHINI,JALPA,1982,1989,8,350S,the-oldtimers.com
LAMBORGHINI,JARAMA,1970,1975,6,400 GT|400 GTS,the-oldtimers.com
LAMBORGHINI,LM,1982,1992,11,,the-oldtimers.com
LAMBORGHINI,LM002,1984,1991,3,,the-oldtimers.com
LAMBORGHINI,MARCO POLO,1982,1982,1,CONCEPT,the-oldtimers.com
LAMBORGHINI,MARZAL,1967,1967,1,CONCEPT,the-oldtimers.com
LAMBORGHINI,MIURA,1966,1972,6,140 S|140 S 150 SV|140S|P400|P400 SV,the-oldtimers.com
LAMBORGHINI,P140,1995,1995,1,,the-oldtimers.com
LAMBORGHINI,PORTOFINO,1987,1987,1,CONCEPT,the-oldtimers.com
LAMBORGHINI,PROJECT P140,1988,1988,1,CONCEPT,the-oldtimers.com
LAMBORGHINI,URRACO,1972,1979,8,,the-oldtimers.com
LANCIA,037 RALLYE,1982,1982,1,,the-oldtimers.com
LANCIA,2000,1970,1974,5,COUPE,the-oldtimers.com
LANCIA,A 112,1977,1982,6,,the-oldtimers.com
LANCIA,APPIA,1953,1963,11,2E|3E|C10|GRAN TURISMO|GRAN TURISMO ESPORAZIONE|ZAGATO|ZAGATO GTE,the-oldtimers.com
LANCIA,APRILIA,1941,1949,9,,the-oldtimers.com
LANCIA,ARDEA 3,1946,1946,1,,the-oldtimers.com
LANCIA,AURELIA,1950,1958,9,2.0 SEDAN B10|B10|B10 SEDAN|B20 GRAN TURISMO|B20 GT|B21|B24 SPIDER|B50|B53|GRAN TURISMO|GT 2500 CONVERTIBLE AMERICA|GT SPIDER|SEDAN B10|SPIDER|SPIDER B24|SPIDER GT,the-oldtimers.com
LANCIA,BETA,1972,1984,13,1.4 COUPE|1.8 COUPE|1600 HPE|1600 HPE AUTOMATIC|2.0 COUPE|2.0 HPE|2.0 HPE AUTOMATIC|2.0 SPYDER|BERLINA 1800|BERLINA 2000|COUPE|COUPE 1300|COUPE 1600|COUPE 2000|COUPE VX|HPE|HPE 2000|HPE 2000IE|HPE AUTOMATIC|HPE VX|MONTE CARLO|MONTE CARLO SERIES 1|MONTE CARLO SERIES 2|SPYDER,the-oldtimers.com
LANCIA,D 50,1955,1955,1,,the-oldtimers.com
LANCIA,DEDRA,1989,1995,7,1.6I|1.8I|1.9 D|1.9 TURBO D|2.0IE AUTOMATIC|2000 TURBO,the-oldtimers.com
LANCIA,DELTA,1979,1995,17,1.6IE|1.9 D|1.9 D HPE|1300 GT|1500 GT|1600 GT|1600 HF TURBO|HF 4WD INTEGRALE|HF 4WD TURBO|HF INTEGRALE|HF TURBO|HPE|INTEGRALE|INTEGRALE FINALE|S4|TURBODIESEL,the-oldtimers.com
LANCIA,ECV,1986,1986,1,,the-oldtimers.com
LANCIA,FLAMINIA,1956,1970,15,2.5 GT|2.8 COUPE|2.8 GRAN TURISMO|2.8 GT|3C 2800|COUPE|GRAN TURISMO|GT|GT TOURING,the-oldtimers.com
LANCIA,FLAVIA,1960,1969,8,1800 CABRIOLET|1800 CONVERTIBLE|1800 INJECTION|1800 ZAGATO|2000 INJECTION|CABRIOLET|CONVERTIBLE,the-oldtimers.com
LANCIA,FULVIA,1963,1976,14,1.3 COUPE|1.3 ZAGATO|1.3S COUPE|1.6 COUPE|1.6 SPORT ZAGATO|1200 COUPE|1600 ZAGATO|BERLINA GT|COUPE|COUPE 1.3 RALLYE|COUPE S3|SPORT ZAGATO|ZAGATO,the-oldtimers.com
LANCIA,GAMMA,1976,1983,8,AUTOMATIC|BERLINA IE|COUPE|COUPE 2000,the-oldtimers.com
LANCIA,HIT,1988,1988,1,,the-oldtimers.com
LANCIA,HYENA,1992,1992,1,,the-oldtimers.com
LANCIA,KAPPA,1994,1994,1,2.0 TURBO|2.0 TURBODIESEL,the-oldtimers.com
LANCIA,LAMBDA,1922,1931,10,,the-oldtimers.com
LANCIA,MEGAGAMMA,1978,1978,1,,the-oldtimers.com
LANCIA,PRISMA,1982,1989,8,1.9 D|1500 GT|DIESEL,the-oldtimers.com
LANCIA,RALLY 037,1984,1984,1,,the-oldtimers.com
LANCIA,SCORPION,1977,1977,1,,the-oldtimers.com
LANCIA,STRATOS,1970,1979,8,,the-oldtimers.com
LANCIA,THEMA,1984,1994,11,2.0 IE|2.0 IE TURBO|2.0 STATION WAGON|2.0IE ESTATE|2.0IE TURBO|2.4 D|2.4 D STATION WAGON|2.5 D|2.5 D STATION WAGON|STATION WAGON|TURBO DS|TURBO DS ESTATE|TURBODIESEL|V6,the-oldtimers.com
LANCIA,TREVI,1980,1984,5,AUTOMATIC|VX,the-oldtimers.com
LANCIA,Y10,1985,1989,2,SELECTRONIC|TURBO,the-oldtimers.com
LANCIA,YPSILON,1995,1995,1,,the-oldtimers.com
LANCIA,ZETA,1994,1995,2,,the-oldtimers.com
LAND ROVER,109,1958,1959,2,,the-oldtimers.com
LAND ROVER,88,1960,1960,1,,the-oldtimers.com
LAND ROVER,A 109,1961,1961,1,2.3 D,the-oldtimers.com
LAND ROVER,DEFENDER,1994,1994,1,,the-oldtimers.com
LAND ROVER,DISCOVERY,1995,1995,1,2.5 D,the-oldtimers.com
LAND ROVER,I,1949,1949,1,,the-oldtimers.com
LAND ROVER,RANGE ROVER,1970,1996,27,,the-oldtimers.com
LAND ROVER,SERIE II,1958,1961,4,,the-oldtimers.com
LAND ROVER,SERIE III,1971,1985,14,,the-oldtimers.com
LAND ROVER,SERIES I,1948,1958,11,,the-oldtimers.com
LAND ROVER,SERIES IIA,1961,1971,11,,the-oldtimers.com
LASALLE,303 345,1928,1933,6,,the-oldtimers.com
LASALLE,50 52,1934,1940,6,,the-oldtimers.com
LAURIN  KLEMENT,BSC,1908,1909,2,,the-oldtimers.com
LEA-FRANCIS,10,1923,1930,8,,the-oldtimers.com
LEA-FRANCIS,11.9,1920,1922,3,,the-oldtimers.com
LEA-FRANCIS,12,1923,1947,18,,the-oldtimers.com
LEA-FRANCIS,13,1938,1940,3,,the-oldtimers.com
LEA-FRANCIS,13.9,1920,1920,1,,the-oldtimers.com
LEA-FRANCIS,14,1946,1954,9,,the-oldtimers.com
LEA-FRANCIS,14 40,1927,1929,3,,the-oldtimers.com
LEA-FRANCIS,14 70,1948,1951,4,,the-oldtimers.com
LEA-FRANCIS,15,1905,1906,2,,the-oldtimers.com
LEA-FRANCIS,16 60,1928,1929,2,,the-oldtimers.com
LEA-FRANCIS,18,1949,1954,6,,the-oldtimers.com
LEA-FRANCIS,2 LITRE ACE OF SPADES,1930,1936,7,,the-oldtimers.com
LEA-FRANCIS,212 LITRE,1949,1953,5,,the-oldtimers.com
LEA-FRANCIS,ACE OF SPADES,1980,1990,11,,the-oldtimers.com
LEA-FRANCIS,HYPER 1.5 LITRE SUPERCHARGED,1928,1931,4,,the-oldtimers.com
LEA-FRANCIS,LYNX,1960,1960,1,,the-oldtimers.com
LEA-FRANCIS,NINE,1920,1922,3,,the-oldtimers.com
LEXUS,GS,1993,1995,3,,the-oldtimers.com
LEXUS,LS,1989,1993,5,,the-oldtimers.com
LEXUS,SC,1995,1995,1,,the-oldtimers.com
LINCOLN,CAPRI,1955,1955,1,V8,the-oldtimers.com
LINCOLN,CONTINENTAL,1959,1995,28,2.4 D|MK 3|MK 4|MK II|MK III,the-oldtimers.com
LINCOLN,MARK 7,1987,1988,2,,the-oldtimers.com
LINCOLN,MARK VI,1977,1982,5,,the-oldtimers.com
LINCOLN,MARK VII,1983,1992,10,2.4 D,the-oldtimers.com
LINCOLN,MARK VIII,1993,1995,3,LSC,the-oldtimers.com
LINCOLN,PREMIERE,1954,1955,2,,the-oldtimers.com
LINCOLN,TOWN CAR,1981,1991,8,,the-oldtimers.com
LINCOLN,ZEPHYR,1941,1942,2,,the-oldtimers.com
LLOYD,250,1956,1957,2,,the-oldtimers.com
LLOYD,300,1950,1952,3,,the-oldtimers.com
LLOYD,400,1953,1956,4,,the-oldtimers.com
LLOYD,600,1955,1961,7,,the-oldtimers.com
LLOYD,ALEXANDER,1955,1961,7,,the-oldtimers.com
LLOYD,ARABELLA,1959,1963,5,,the-oldtimers.com
LLOYD,LT 500,1953,1957,5,,the-oldtimers.com
LOTEC,TESTA DE ORO,1992,1995,4,,the-oldtimers.com
LOTUS,11,1955,1957,3,,the-oldtimers.com
LOTUS,16,1958,1958,1,,the-oldtimers.com
LOTUS,25,1963,1963,1,,the-oldtimers.com
LOTUS,33,1965,1965,1,,the-oldtimers.com
LOTUS,49,1968,1968,1,,the-oldtimers.com
LOTUS,72,1970,1972,2,D,the-oldtimers.com
LOTUS,79,1978,1978,1,,the-oldtimers.com
LOTUS,CARLTON,1989,1989,1,,the-oldtimers.com
LOTUS,ECLAT,1974,1980,6,S1|SERIES 2.2,the-oldtimers.com
LOTUS,ELAN,1962,1995,16,1500 S1|1600 2|1600 S3|M100|PLUS 2S 130|S1|S2|S3|S3 SE|S4|S4 1600|SE,the-oldtimers.com
LOTUS,ELITE,1958,1974,7,S1|S2,the-oldtimers.com
LOTUS,ESPRIT,1975,1995,21,HCI|S1|S2|S2 2.2|S3|S3 2.2|S4|S4 S|SE|TURBO|TURBO 2.0|TURBO HC|TURBO SE,the-oldtimers.com
LOTUS,ETNA,1984,1984,1,,the-oldtimers.com
LOTUS,EUROPA,1966,1969,3,S1,the-oldtimers.com
LOTUS,EXCEL,1983,1986,3,SA|SE,the-oldtimers.com
LOTUS,SEVEN,1957,1971,14,1.2 S2|1.5 S2|1300 S2|S1|S1 1100|S1 1200|S2|S3|S4,the-oldtimers.com
LOTUS,XI LE MANS,1957,1957,1,,the-oldtimers.com
MAHINDRA,ARMADA,1991,1995,4,,the-oldtimers.com
MARCOS,1500,1966,1969,4,,the-oldtimers.com
MARCOS,1600,1967,1968,2,GT,the-oldtimers.com
MARCOS,1800,1964,1966,3,GT,the-oldtimers.com
MARCOS,2 LITRES,1968,1971,3,,the-oldtimers.com
MARCOS,GT,1959,1959,1,,the-oldtimers.com
MARCOS,LE MANS 500,1993,1993,1,,the-oldtimers.com
MARCOS,MANTARA,1993,1995,3,COUPE|SPYDER,the-oldtimers.com
MARCOS,MANTIS,1970,1970,1,,the-oldtimers.com
MARCOS,MANTULA,1984,1992,2,3.9I V8 SPYDER|INJECTION,the-oldtimers.com
MARCOS,MINI MARCOS,1965,1966,2,,the-oldtimers.com
MARCOS,UGLY DUCKLING,1959,1963,5,,the-oldtimers.com
MARQUETTE,30,1930,1930,1,,the-oldtimers.com
MARQUETTE,34,1930,1930,1,,the-oldtimers.com
MARQUETTE,35,1930,1930,1,,the-oldtimers.com
MARQUETTE,36,1930,1930,1,,the-oldtimers.com
MARQUETTE,36S,1930,1930,1,,the-oldtimers.com
MARQUETTE,37,1930,1930,1,,the-oldtimers.com
MASERATI,124,1973,1973,1,COUPE,the-oldtimers.com
MASERATI,150S,1955,1955,1,,the-oldtimers.com
MASERATI,151,1962,1965,4,,the-oldtimers.com
MASERATI,228,1984,1989,6,COUPE,the-oldtimers.com
MASERATI,250,1954,1959,6,F|F T2|S,the-oldtimers.com
MASERATI,300,1956,1958,3,S,the-oldtimers.com
MASERATI,3500,1957,1964,7,GT|GT MARK I|GT MK II|SPIDER,the-oldtimers.com
MASERATI,350S,1956,1958,3,,the-oldtimers.com
MASERATI,4,1941,1949,6,CL|CLT,the-oldtimers.com
MASERATI,420,1959,1990,10,M,the-oldtimers.com
MASERATI,420M,1958,1958,1,,the-oldtimers.com
MASERATI,430,1989,1989,1,,the-oldtimers.com
MASERATI,450,1956,1958,3,S,the-oldtimers.com
MASERATI,4CL,1942,1947,3,,the-oldtimers.com
MASERATI,4CLT,1950,1950,1,,the-oldtimers.com
MASERATI,5000 GT,1960,1964,5,,the-oldtimers.com
MASERATI,6C,1946,1946,1,SPORT,the-oldtimers.com
MASERATI,8,1941,1945,3,CL,the-oldtimers.com
MASERATI,8CL,1942,1943,2,,the-oldtimers.com
MASERATI,8CLT,1950,1950,1,,the-oldtimers.com
MASERATI,A6,1946,1947,2,,the-oldtimers.com
MASERATI,A6G,1947,1956,10,2000 BERLINETTA|CM|CS|CS BERLINETTA PININFARINA|CS COUPE|CS MK I|ZAGATO,the-oldtimers.com
MASERATI,A6GCM,1953,1953,1,,the-oldtimers.com
MASERATI,A6GCS,1948,1953,4,2.0 MK I,the-oldtimers.com
MASERATI,AUGE,1995,1995,1,,the-oldtimers.com
MASERATI,BARCHETTA STRAALE,1991,1991,1,,the-oldtimers.com
MASERATI,BI TURBO,1982,1986,5,2.5 MK I|MK I,the-oldtimers.com
MASERATI,BOOMERANG,1972,1972,1,,the-oldtimers.com
MASERATI,BORA,1971,1979,9,,the-oldtimers.com
MASERATI,GHIBLI,1966,1995,12,SPYDER,the-oldtimers.com
MASERATI,GRAN TURISMO 3500,1957,1959,2,,the-oldtimers.com
MASERATI,GT 3500,1958,1958,1,,the-oldtimers.com
MASERATI,INDY,1968,1974,7,,the-oldtimers.com
MASERATI,KHAMSIN,1973,1982,10,,the-oldtimers.com
MASERATI,KYALAMI,1973,1983,9,,the-oldtimers.com
MASERATI,MERAK,1972,1983,12,SS,the-oldtimers.com
MASERATI,MEXICO,1965,1973,9,,the-oldtimers.com
MASERATI,MISTRAL,1964,1970,7,SPYDER|SPYDER 3.7|SPYDER 4.0,the-oldtimers.com
MASERATI,QUATTROPORTE,1963,1983,15,,the-oldtimers.com
MASERATI,ROYALE,1986,1990,5,,the-oldtimers.com
MASERATI,SEBRING,1962,1969,8,3500 GTIS,the-oldtimers.com
MASERATI,SHAMAL,1989,1995,7,,the-oldtimers.com
MASERATI,SIMUN,1970,1970,1,,the-oldtimers.com
MASERATI,SPIDER 3500,1962,1962,1,,the-oldtimers.com
MASERATI,TIPO 60,1959,1959,1,,the-oldtimers.com
MASERATI,TIPO 61,1959,1959,1,,the-oldtimers.com
MASERATI,TIPO 64,1961,1962,2,,the-oldtimers.com
MASERATI,TIPO 65,1965,1965,1,,the-oldtimers.com
MATRA,530,1967,1973,7,,the-oldtimers.com
MATRA,BAGHEERA,1973,1980,8,,the-oldtimers.com
MATRA,DJET,1965,1967,3,,the-oldtimers.com
MATRA,MURENA,1980,1983,4,,the-oldtimers.com
MATRA-SIMCA,BAGHEERA,1973,1979,7,U8,the-oldtimers.com
MATRA-SIMCA,D JET,1963,1963,1,,the-oldtimers.com
MATRA-SIMCA,M25,1989,1989,1,,the-oldtimers.com
MATRA-SIMCA,M530,1970,1973,4,,the-oldtimers.com
MATRA-SIMCA,M630,1967,1969,3,,the-oldtimers.com
MATRA-SIMCA,M650,1969,1969,1,,the-oldtimers.com
MATRA-SIMCA,M660,1970,1972,3,,the-oldtimers.com
MATRA-SIMCA,M670,1972,1973,2,,the-oldtimers.com
MATRA-SIMCA,MURENA,1980,1983,4,S K142,the-oldtimers.com
MATRA-SIMCA,RANCHO,1978,1982,5,,the-oldtimers.com
MAXWELL,22,1913,1913,1,,the-oldtimers.com
MAXWELL,25,1915,1924,10,,the-oldtimers.com
MAXWELL,25 C,1925,1925,1,,the-oldtimers.com
MAXWELL,25.4,1914,1914,1,,the-oldtimers.com
MAXWELL,30,1913,1913,1,,the-oldtimers.com
MAXWELL,35-4,1914,1914,1,,the-oldtimers.com
MAXWELL,40,1913,1913,1,,the-oldtimers.com
MAXWELL,50-6,1914,1914,1,,the-oldtimers.com
MAXWELL,A,1909,1909,1,,the-oldtimers.com
MAXWELL,AA,1910,1911,2,,the-oldtimers.com
MAXWELL,D,1908,1908,1,,the-oldtimers.com
MAXWELL,DA,1909,1909,1,,the-oldtimers.com
MAXWELL,E,1910,1910,1,,the-oldtimers.com
MAXWELL,EA,1911,1911,1,,the-oldtimers.com
MAXWELL,G,1910,1910,1,,the-oldtimers.com
MAXWELL,GA,1911,1911,1,,the-oldtimers.com
MAXWELL,H,1905,1906,2,,the-oldtimers.com
MAXWELL,H.B.,1907,1907,1,,the-oldtimers.com
MAXWELL,HC,1908,1908,1,,the-oldtimers.com
MAXWELL,HD,1909,1909,1,,the-oldtimers.com
MAXWELL,I,1911,1911,1,,the-oldtimers.com
MAXWELL,K,1908,1908,1,,the-oldtimers.com
MAXWELL,KA,1909,1909,1,,the-oldtimers.com
MAXWELL,L,1905,1906,2,,the-oldtimers.com
MAXWELL,LC,1908,1908,1,,the-oldtimers.com
MAXWELL,LD,1909,1909,1,,the-oldtimers.com
MAXWELL,M,1906,1908,3,,the-oldtimers.com
MAXWELL,MASCOTTE,1912,1912,1,,the-oldtimers.com
MAXWELL,MERCURY,1912,1912,1,,the-oldtimers.com
MAXWELL,MESSENGER,1912,1912,1,,the-oldtimers.com
MAXWELL,N,1906,1906,1,,the-oldtimers.com
MAXWELL,Q,1910,1911,2,,the-oldtimers.com
MAXWELL,R,1907,1907,1,,the-oldtimers.com
MAXWELL,S,1906,1906,1,,the-oldtimers.com
MAXWELL,SIX-31.54,1913,1913,1,,the-oldtimers.com
MAXWELL,SIX-38.4,1913,1913,1,,the-oldtimers.com
MAXWELL,SPECIAL,1912,1912,1,,the-oldtimers.com
MAYBACH,SW,1941,1941,1,,the-oldtimers.com
MAZDA,1000,1968,1976,9,,the-oldtimers.com
MAZDA,110 S,1969,1974,6,,the-oldtimers.com
MAZDA,121,1977,1995,12,GLX|L|L 2.6,the-oldtimers.com
MAZDA,323,1977,1995,19,1.3I HATCHBACK|1.5 GLX|1.7 D|1.8 GT HATCHBACK|1.8 GT HATCHBACK CAT|1.8 T16 GT-R|1.8 T16 GTX 4WD|1000 HATCHBACK|ASTINA 1.5|ASTINA 1.6|ASTINA 1.8|ESTATE|F 2.0I GLX V6|SW|SW 1.3|SW 1.5|SW 1.7 D,the-oldtimers.com
MAZDA,616,1970,1979,9,COUPE,the-oldtimers.com
MAZDA,626,1978,1995,16,1.8 AUTOMATIC|1.8 D|1.8I|1.8I HATCHBACK|2.0 AUTOMATIC|2.0 DIESEL|2.0 SALOON|2.0I|2.0I 4WD|2.0I COUPE|2.0I GT 4WS|2.5 V6 HATCHBACK|AUTOMATIC|COUPE|COUPE 2.0|D-CX|WAGON|WAGON 2.0|WAGON 2.0 D,the-oldtimers.com
MAZDA,787,1989,1989,1,,the-oldtimers.com
MAZDA,818,1971,1978,8,ESTATE|ESTATE 1.6,the-oldtimers.com
MAZDA,929,1973,1989,17,2.0 V6 TURBO|3.0 V6|BREAK|COUPE|ESTATE|ESTATE 2.0|ESTATE 2.0 AUTOMATIC|H|SALOON,the-oldtimers.com
MAZDA,AZ-1,1992,1993,2,,the-oldtimers.com
MAZDA,CAROL,1988,1995,7,,the-oldtimers.com
MAZDA,CHANTE,1972,1977,6,,the-oldtimers.com
MAZDA,COSMO,1967,1984,16,2.0 AUTOMATIC|2.2 D|2.3 AUTOMATIC|2.6 AUTOMATIC|AUTOMATIC|SPORT|SPORT 2.0|SPORT 2000,the-oldtimers.com
MAZDA,EUNOS,1990,1992,2,COSMO,the-oldtimers.com
MAZDA,FAMILIA,1964,1978,15,1000 COUPE|COUPE,the-oldtimers.com
MAZDA,LANTIS,1993,1993,1,,the-oldtimers.com
MAZDA,LUCE,1967,1974,8,1.8 ESTATE|ESTATE|ESTATE 1.8|R130 COUPE,the-oldtimers.com
MAZDA,MIDGE,1994,1995,2,2.0 AUTOMATIC,the-oldtimers.com
MAZDA,MILLENIA,1994,1994,1,S,the-oldtimers.com
MAZDA,MONTROSE,1979,1979,1,1600 GL|2000 GLS AUTOMATIC,the-oldtimers.com
MAZDA,MS-6,1993,1995,3,,the-oldtimers.com
MAZDA,MS-8,1993,1995,3,,the-oldtimers.com
MAZDA,MS-9,1995,1995,1,,the-oldtimers.com
MAZDA,MX-3,1991,1995,5,1.6 AUTOMATIC,the-oldtimers.com
MAZDA,MX-5 MIATA,1989,1995,6,1.8I,the-oldtimers.com
MAZDA,MX-6,1987,1992,2,2.0I|TURBO,the-oldtimers.com
MAZDA,PERSONA,1989,1989,1,,the-oldtimers.com
MAZDA,R 360,1960,1965,5,COUPE|COUPE AUTOMATIC,the-oldtimers.com
MAZDA,R-100,1968,1968,1,COUPE,the-oldtimers.com
MAZDA,RX 4 COUPE,1975,1975,1,,the-oldtimers.com
MAZDA,RX-01,1995,1995,1,,the-oldtimers.com
MAZDA,RX-2,1970,1979,10,,the-oldtimers.com
MAZDA,RX-3,1973,1978,6,,the-oldtimers.com
MAZDA,RX-4,1972,1977,5,COUPE,the-oldtimers.com
MAZDA,RX-7,1978,1995,17,2.6 CABRIOLET|CABRIOLET|SAVANA|TURBO,the-oldtimers.com
MAZDA,SENTIA,1993,1995,3,,the-oldtimers.com
MCLAREN,F1,1994,1995,2,GTR|LM,the-oldtimers.com
MCLAREN,M10,1969,1969,1,,the-oldtimers.com
MCLAREN,M14,1971,1971,1,D,the-oldtimers.com
MCLAREN,M19,1971,1973,3,,the-oldtimers.com
MCLAREN,M1C,1967,1967,1,,the-oldtimers.com
MCLAREN,M21,1972,1972,1,,the-oldtimers.com
MCLAREN,M23,1974,1976,3,,the-oldtimers.com
MCLAREN,M8E,1971,1971,1,,the-oldtimers.com
MCLAREN,MP4,1984,1991,4,,the-oldtimers.com
MELKUS,RS 1000,1969,1979,11,,the-oldtimers.com
MERCEDES-BENZ,1.5L,1922,1922,1,KOMPRESSOR,the-oldtimers.com
MERCEDES-BENZ,170 V,1935,1955,16,,the-oldtimers.com
MERCEDES-BENZ,170S,1949,1949,1,CABRIOLET A,the-oldtimers.com
MERCEDES-BENZ,180,1954,1954,1,D,the-oldtimers.com
MERCEDES-BENZ,190,1955,1993,14,D|E|E 1.8|E 2.3|E 2.5|E 2.5 EVOLUTION|E 2.5 EVOLUTION II|SL,the-oldtimers.com
MERCEDES-BENZ,190 SL,1955,1963,9,,the-oldtimers.com
MERCEDES-BENZ,200,1973,1995,10,AUTOMATIC|CE|D|D AUTOMATIC|DIESEL|E|TE,the-oldtimers.com
MERCEDES-BENZ,219,1956,1959,3,,the-oldtimers.com
MERCEDES-BENZ,220,1951,1993,12,CABRIOLET A|D|D AUTOMATIC|E|S|S CABRIOLET|S COUPE|SB|SE CABRIOLET|SEB COUPE|TE,the-oldtimers.com
MERCEDES-BENZ,230,1941,1987,6,C|CE|CE AUTOMATIC|E|LONG|TE|TE AUTOMATIC,the-oldtimers.com
MERCEDES-BENZ,230.4,1972,1972,1,AUTOMATIC,the-oldtimers.com
MERCEDES-BENZ,240,1973,1978,4,D|D 3.0|D AUTOMATIC|D LWB,the-oldtimers.com
MERCEDES-BENZ,250,1969,1985,6,2.8 AUTOMATIC|C COUPE|CE|COUPE|D|LWB,the-oldtimers.com
MERCEDES-BENZ,260,1985,1990,2,E AUTOMATIC|SE,the-oldtimers.com
MERCEDES-BENZ,280,1968,1993,8,CE|E|E AUTOMATIC|E LIMOUSINE|S|SE|SE AUTOMATIC|SE LIMOUSINE|SLC|TE,the-oldtimers.com
MERCEDES-BENZ,300,1955,1991,19,CE AUTOMATIC|CE-24|D|D CAT|D LWB|D TURBODIESEL|DIESEL|E|E-24 AUTOMATIC|E-24 SPORTLINE|SE|SEL|SLR|TE|TE 4MATIC|TE 4MATIC AUTOMATIC|TE AUTOMATIC|TE D,the-oldtimers.com
MERCEDES-BENZ,300 SEL,1968,1972,5,,the-oldtimers.com
MERCEDES-BENZ,300 SL,1954,1963,10,,the-oldtimers.com
MERCEDES-BENZ,300B,1954,1954,1,,the-oldtimers.com
MERCEDES-BENZ,300D,1957,1958,2,,the-oldtimers.com
MERCEDES-BENZ,300S,1951,1958,8,,the-oldtimers.com
MERCEDES-BENZ,320,1941,1993,3,CE|E|TE,the-oldtimers.com
MERCEDES-BENZ,350,1971,1973,2,SE|SLC,the-oldtimers.com
MERCEDES-BENZ,380,1979,1982,3,SE|SEC|SEL|SLC,the-oldtimers.com
MERCEDES-BENZ,400,1991,1991,1,SE|SEL,the-oldtimers.com
MERCEDES-BENZ,420,1985,1992,3,SEC|SEL,the-oldtimers.com
MERCEDES-BENZ,450,1972,1977,3,SE|SEL|SLC,the-oldtimers.com
MERCEDES-BENZ,500,1941,1992,11,E|K|SE|SEC|SEL|SLC,the-oldtimers.com
MERCEDES-BENZ,540K,1936,1940,5,,the-oldtimers.com
MERCEDES-BENZ,560,1986,1986,1,SEL,the-oldtimers.com
MERCEDES-BENZ,600,1964,1992,17,COUPE|PULLMAN|SEL|SL,the-oldtimers.com
MERCEDES-BENZ,770,1930,1943,14,,the-oldtimers.com
MERCEDES-BENZ,BENZ IDEAL,1900,1902,3,,the-oldtimers.com
MERCEDES-BENZ,C,1993,1994,2,180 AUTOMATIC|200 D|220 AUTOMATIC|220 DIESEL|280 AUTOMATIC|3.6 AMG,the-oldtimers.com
MERCEDES-BENZ,C 111,1969,1979,6,IV|RECORD|REKORD,the-oldtimers.com
MERCEDES-BENZ,C 112,1991,1991,1,,the-oldtimers.com
MERCEDES-BENZ,CW,1979,1979,1,,the-oldtimers.com
MERCEDES-BENZ,E,1968,1995,16,36 AMG COUPE|50 AMG|60 AMG|BREAK,the-oldtimers.com
MERCEDES-BENZ,G,1980,1994,15,,the-oldtimers.com
MERCEDES-BENZ,PONTON,1953,1959,7,,the-oldtimers.com
MERCEDES-BENZ,R 107 C 107,1971,1989,19,280 SL 380 SL 450 SL 500 SL|280 SL 380 SL 500 SL|280 SL 450 SL|300 SL 380 SL 420 SL 500 SL 560 SL|300 SL 420 SL 500 SL 560 SL|350 SL|450 SL,the-oldtimers.com
MERCEDES-BENZ,S,1954,1995,22,COUPE,the-oldtimers.com
MERCEDES-BENZ,SC,1957,1959,3,CABRIOLET|COUPE,the-oldtimers.com
MERCEDES-BENZ,SE,1961,1971,6,CABRIOLET|COUPE,the-oldtimers.com
MERCEDES-BENZ,SIMPLEX,1902,1909,8,,the-oldtimers.com
MERCEDES-BENZ,SL,1963,1995,33,230 SL|230 SL 250 SL|230 SL 250 SL 280 SL|250 SL 280 SL|280 AUTOMATIC|280 SL|280 SL 380 SL 450 SL 500 SL|280 SL 380 SL 500 SL|280 SL 450 SL|300 SL 380 SL 420 SL 500 SL 560 SL|300 SL 420 SL 500 SL 560 SL|350 SL|450 SL|AUTOMATIC,the-oldtimers.com
MERCEDES-BENZ,SLK,1995,1995,1,200 AUTOMATIC|230 KOMPRESSOR|230 KOMPRESSOR AUTOMATIC,the-oldtimers.com
MERCEDES-BENZ,SLX,1966,1966,1,,the-oldtimers.com
MERCEDES-BENZ,SS,1927,1933,7,,the-oldtimers.com
MERCEDES-BENZ,T,1977,1982,6,,the-oldtimers.com
MERCEDES-BENZ,UNIMOG,1951,1993,43,U 401 402|U 404,the-oldtimers.com
MERCEDES-BENZ,W 108,1965,1972,8,,the-oldtimers.com
MERCEDES-BENZ,W 110,1961,1968,8,STATION WAGON,the-oldtimers.com
MERCEDES-BENZ,W 111,1959,1971,12,220 220S 220SE|230 S 250 SE|230 S 250 SE 280 SE|280 SE,the-oldtimers.com
MERCEDES-BENZ,W 112,1961,1967,7,300 SE,the-oldtimers.com
MERCEDES-BENZ,W 113,1963,1971,9,230 SL|230 SL 250 SL|230 SL 250 SL 280 SL|250 SL 280 SL|280 SL,the-oldtimers.com
MERCEDES-BENZ,W 116,1972,1980,9,,the-oldtimers.com
MERCEDES-BENZ,W 123,1976,1986,11,,the-oldtimers.com
MERCEDES-BENZ,W 123 COUPE,1946,1982,10,W 136,the-oldtimers.com
MERCEDES-BENZ,W 124,1984,1995,12,500 E|E60 AMG,the-oldtimers.com
MERCEDES-BENZ,W 126,1979,1992,14,,the-oldtimers.com
MERCEDES-BENZ,W 136,1935,1955,17,,the-oldtimers.com
MERCEDES-BENZ,W 180,1954,1959,6,,the-oldtimers.com
MERCEDES-BENZ,W 188,1951,1958,8,,the-oldtimers.com
MERCEDES-BENZ,W 196,1955,1956,2,MONOPLACE,the-oldtimers.com
MERCEDES-BENZ,W 198 W121,1954,1963,10,,the-oldtimers.com
MERCEDES-BENZ,W 23,1934,1936,3,,the-oldtimers.com
MERCURY,ANTSER,1980,1980,1,,the-oldtimers.com
MERCURY,BROUGHAM,1967,1967,1,,the-oldtimers.com
MERCURY,CAPRI,1990,1994,4,,the-oldtimers.com
MERCURY,COMET,1966,1975,8,3.3 COUPE|4.1 COUPE|6.4 HARDTOP|7.0 HARDTOP|CONVERTIBLE|CONVERTIBLE 6.4|COUPE|HARDTOP|SEDAN,the-oldtimers.com
MERCURY,COUGAR,1966,1995,29,6.6 XR7|7.5 XR7|LS|LS 3.8|XR7,the-oldtimers.com
MERCURY,CYCLONE,1966,1966,1,COUPE,the-oldtimers.com
MERCURY,EL GATO,1970,1970,1,,the-oldtimers.com
MERCURY,GRAND MARQUIS,1978,1995,15,,the-oldtimers.com
MERCURY,LN7,1982,1982,1,,the-oldtimers.com
MERCURY,LYNX,1980,1987,7,2.0 D,the-oldtimers.com
MERCURY,MARAUDER,1968,1970,3,,the-oldtimers.com
MERCURY,MONTCLAIR,1954,1968,5,6.7 HARDTOP|7.0 HARDTOP|HARDTOP,the-oldtimers.com
MERCURY,MONTEGO,1969,1974,6,HARDTOP|MX BROUGHAM|VILLAGER,the-oldtimers.com
MERCURY,MONTEREY,1952,1974,10,MARAUDER 7.0,the-oldtimers.com
MERCURY,MYSTIQUE,1993,1995,3,2.5 CLIPPER|CLIPPER,the-oldtimers.com
MERCURY,PARK LANE,1967,1967,1,,the-oldtimers.com
MERCURY,ROADSTER,1949,1951,3,,the-oldtimers.com
MERCURY,SABLE,1985,1990,6,,the-oldtimers.com
MERCURY,TRACER,1990,1995,6,1.9 STATION WAGON|STATION WAGON|STATION WAGON 1.9,the-oldtimers.com
MERCURY,VILLAGER,1992,1995,4,,the-oldtimers.com
MESSERSCHMITT,KR 175,1953,1955,3,,the-oldtimers.com
MESSERSCHMITT,KR 200,1955,1964,10,,the-oldtimers.com
MESSERSCHMITT,TG 500,1958,1961,4,,the-oldtimers.com
MG,1100,1962,1971,10,,the-oldtimers.com
MG,EX-E,1985,1985,1,,the-oldtimers.com
MG,MAGNETT,1954,1961,7,MK III,the-oldtimers.com
MG,MGA,1955,1962,8,,the-oldtimers.com
MG,MGB,1962,1975,14,MK II,the-oldtimers.com
MG,MGC,1964,1969,6,,the-oldtimers.com
MG,MIDGET,1954,1979,25,MK I|MK II|MK III|TF,the-oldtimers.com
MG,RV8,1992,1995,4,,the-oldtimers.com
MG,TA,1936,1939,4,,the-oldtimers.com
MG,TC,1945,1950,6,,the-oldtimers.com
MG,TD,1949,1953,4,,the-oldtimers.com
MG,YB,1951,1953,3,,the-oldtimers.com
MINI,CLUBMAN,1968,1982,15,,the-oldtimers.com
MINI,COUNTRYMAN,1962,1967,6,,the-oldtimers.com
MINI,MK I,1960,1975,9,,the-oldtimers.com
MINI,MK II,1967,1968,2,,the-oldtimers.com
MINI,MK III,1969,1976,8,,the-oldtimers.com
MINI,MK IV,1976,1983,8,,the-oldtimers.com
MINI,MK V,1983,1991,9,,the-oldtimers.com
MINI,MK VI,1991,1995,5,,the-oldtimers.com
MINI,PICK-UP,1961,1983,23,,the-oldtimers.com
MITSUBISHI,3000GT,1991,1995,5,,the-oldtimers.com
MITSUBISHI,500,1962,1967,6,,the-oldtimers.com
MITSUBISHI,A10,1959,1962,4,,the-oldtimers.com
MITSUBISHI,CELESTE,1975,1982,8,1.6 AUTOMATIC|2.0 AUTOMATIC|2.0 GSR|AUTOMATIC,the-oldtimers.com
MITSUBISHI,COLT,1968,1987,17,1.6 AUTOMATIC|1.6 SEDAN|1.6 SEDAN AUTOMATIC|AUTOMATIC|GALANT AIIGS|SEDAN|SEDAN AUTOMATIC,the-oldtimers.com
MITSUBISHI,DEBONAIR,1970,1991,14,AUTOMATIC,the-oldtimers.com
MITSUBISHI,DELICA SPACE GEAR,1995,1995,1,2.5 D,the-oldtimers.com
MITSUBISHI,DIAMANTE,1995,1995,1,,the-oldtimers.com
MITSUBISHI,FIELD GUARD,1993,1993,1,,the-oldtimers.com
MITSUBISHI,FTO,1994,1994,1,2.0 GPX MANUAL,the-oldtimers.com
MITSUBISHI,GALANT,1969,1995,20,1.8 D|1400 FTO|1600 FTO|2.0 AUTOMATIC|2.0 BREAK|2.0 BREAK AUTOMATIC|AUTOMATIC|BREAK|BREAK AUTOMATIC|FTO|LAMDA,the-oldtimers.com
MITSUBISHI,GAUS,1995,1995,1,,the-oldtimers.com
MITSUBISHI,HSR-V,1987,1987,1,CONCEPT,the-oldtimers.com
MITSUBISHI,JEEP,1970,1980,10,2.3 LWB|2.4 LWB|2.7 D LWB|LWB,the-oldtimers.com
MITSUBISHI,LANCER,1973,1995,16,1.5 BREAK|1.8 BREAK|1.8 D BREAK|1600 GSR|2.0 D|2.0 D STATION WAGON|BREAK|STATION WAGON,the-oldtimers.com
MITSUBISHI,MAGNA,1985,1995,11,2.6 AUTOMATIC|2.6 WAGON|2.6 WAGON AUTOMATIC|3.0 AUTOMATIC|AUTOMATIC|WAGON|WAGON AUTOMATIC,the-oldtimers.com
MITSUBISHI,MINICA,1971,1992,18,0.4 72 SKIPPER|72 SKIPPER|AUTOMATIC|SKIPPER,the-oldtimers.com
MITSUBISHI,MUM 500,1993,1993,1,,the-oldtimers.com
MITSUBISHI,PAJERO,1982,1995,11,0.7 JUNIOR|1.1 JUNIOR|2.5 D|JUNIOR,the-oldtimers.com
MITSUBISHI,SAPPORO,1977,1992,12,,the-oldtimers.com
MITSUBISHI,SIGMA,1980,1995,11,1.6 AUTOMATIC|2.0 AUTOMATIC|2.6 AUTOMATIC|AUTOMATIC|BREAK|WAGON,the-oldtimers.com
MITSUBISHI,SPACE RUNNER,1992,1995,4,2.0 D,the-oldtimers.com
MITSUBISHI,SPACE WAGON,1984,1995,11,1.8 D|2.0 D|DIESEL,the-oldtimers.com
MITSUBISHI,STARION,1982,1989,8,2.0 AUTOMATIC|GS-R TURBO,the-oldtimers.com
MITSUBISHI,VALLEY,1988,1995,8,,the-oldtimers.com
MITSUBISHI,VERADA,1990,1995,6,,the-oldtimers.com
MONTEVERDI,2000,1968,1973,6,GTI,the-oldtimers.com
MONTEVERDI,375,1967,1974,6,C|S,the-oldtimers.com
MONTEVERDI,400,1969,1969,1,SS,the-oldtimers.com
MONTEVERDI,BERLINETTA,1972,1972,1,,the-oldtimers.com
MONTEVERDI,HAI 375,1970,1970,1,SS,the-oldtimers.com
MONTEVERDI,HAI 450,1970,1978,7,GTS|SS,the-oldtimers.com
MONTEVERDI,HAI 650,1992,1992,1,F1,the-oldtimers.com
MONTEVERDI,HIGH SPEED 375,1967,1970,2,LIMOUSINE,the-oldtimers.com
MONTEVERDI,MILITARY 250 Z ZIVIL,1979,1979,1,,the-oldtimers.com
MONTEVERDI,SAFARI,1976,1979,3,,the-oldtimers.com
MONTEVERDI,SAHARA,1978,1978,1,,the-oldtimers.com
MONTEVERDI,SIERRA,1971,1982,7,CONVERTIBLE,the-oldtimers.com
MONTEVERDI,TIARA,1982,1987,6,,the-oldtimers.com
MORETTI,1100,1962,1963,2,,the-oldtimers.com
MORETTI,1200,1953,1960,8,BERLINA|GRAN TURISMO|GT,the-oldtimers.com
MORETTI,127,1969,1974,6,COUPE,the-oldtimers.com
MORETTI,2500,1963,1966,4,,the-oldtimers.com
MORETTI,500,1961,1963,3,GIARDINIERA,the-oldtimers.com
MORETTI,750,1957,1970,9,GRAN TURISMO|S BERLINA|SUPER PANORAMICA|SUPERPANORAMICA|TURISMO,the-oldtimers.com
MORETTI,750S BERLINA,1966,1967,2,,the-oldtimers.com
MORETTI,850,1964,1970,5,S BERLINA,the-oldtimers.com
MORETTI,850S,1966,1967,2,BERLINA,the-oldtimers.com
MORETTI,COUPE,1965,1970,6,,the-oldtimers.com
MORETTI,GOLDEN,1959,1960,2,ARROW|ARROW 2.2,the-oldtimers.com
MORETTI,LA CITA,1948,1948,1,,the-oldtimers.com
MORETTI,PANORAMICA,1960,1970,10,,the-oldtimers.com
MORETTI,S COUPE,1965,1970,3,,the-oldtimers.com
MORETTI,SPIDER TURISMO,1960,1970,6,,the-oldtimers.com
MORETTI,SS,1968,1969,2,TORINO,the-oldtimers.com
MORGAN,3 WHEELER,1911,1939,29,,the-oldtimers.com
MORGAN,4,1955,1995,36,,the-oldtimers.com
MORGAN,4 4,1936,2000,65,,the-oldtimers.com
MORGAN,4 PLUS 2100,1958,1958,1,,the-oldtimers.com
MORGAN,F SUPER,1948,1948,1,,the-oldtimers.com
MORGAN,PLUS 4,1950,1995,31,,the-oldtimers.com
MORGAN,PLUS 4 PLUS,1963,1967,5,,the-oldtimers.com
MORGAN,PLUS 8,1968,2004,36,,the-oldtimers.com
MORRIS,1100,1962,1962,1,,the-oldtimers.com
MORRIS,1800,1966,1975,6,,the-oldtimers.com
MORRIS,COWLEY,1954,1959,6,,the-oldtimers.com
MORRIS,ISIS,1955,1958,4,,the-oldtimers.com
MORRIS,MARINA,1971,1975,2,1.3 COUPE|1.3 DL|1.3 ESTATE|1.8 COUPE|1.8 ESTATE|1.8 GT|1.8 HL|1.8 TC|1.8 TC COUPE,the-oldtimers.com
MORRIS,MINI MOKE,1964,1968,5,,the-oldtimers.com
MORRIS,MINOR,1948,1971,24,TRAVELLER|TRAVELLER 0.9|TRAVELLER 1.1|TRAVELLER 1000|TRAVELLER 950,the-oldtimers.com
MORRIS,OXFORD,1948,1971,22,1.5D|1.6 D|III|SALOON,the-oldtimers.com
MORRIS,SIX,1948,1953,5,MS,the-oldtimers.com
MORRIS,TEN FOUR,1941,1948,8,,the-oldtimers.com
MORRIS,TRAVELLER,1963,1974,12,,the-oldtimers.com
NASH,40,1921,1921,1,,the-oldtimers.com
NASH,600,1946,1949,4,,the-oldtimers.com
NASH,660,1931,1931,1,,the-oldtimers.com
NASH,680,1918,1921,4,,the-oldtimers.com
NASH,870,1931,1931,1,,the-oldtimers.com
NASH,880,1931,1931,1,,the-oldtimers.com
NASH,890,1931,1931,1,,the-oldtimers.com
NASH,960,1932,1932,1,,the-oldtimers.com
NASH,970,1932,1932,1,,the-oldtimers.com
NASH,980,1932,1932,1,,the-oldtimers.com
NASH,990,1932,1932,1,,the-oldtimers.com
NASH,ADVANCED EIGHT,1932,1935,4,,the-oldtimers.com
NASH,ADVANCED SIX,1925,1929,5,,the-oldtimers.com
NASH,AJAX,1925,1925,1,,the-oldtimers.com
NASH,AMBASSADOR,1948,1956,9,,the-oldtimers.com
NASH,AMBASSADOR EIGHT,1932,1942,10,,the-oldtimers.com
NASH,AMBASSADOR SIX,1936,1942,7,,the-oldtimers.com
NASH,AMBASSADOR SUPER EIGHT,1936,1936,1,,the-oldtimers.com
NASH,BIG SIX,1932,1934,3,,the-oldtimers.com
NASH,LAFAYETTE,1934,1940,6,,the-oldtimers.com
NASH,METROPOLITAN,1954,1957,4,,the-oldtimers.com
NASH,RAMBLER,1950,1956,7,,the-oldtimers.com
NASH,RAMBLER REBEL,1957,1957,1,,the-oldtimers.com
NASH,RAMBLER SIX,1957,1957,1,,the-oldtimers.com
NASH,RAMBLER V8,1957,1957,1,,the-oldtimers.com
NASH,SINGLE SIX,1930,1930,1,,the-oldtimers.com
NASH,SPECIAL EIGHT,1932,1933,2,,the-oldtimers.com
NASH,SPECIAL SIX,1925,1930,6,,the-oldtimers.com
NASH,STANDARD EIGHT,1932,1933,2,,the-oldtimers.com
NASH,STANDARD SIX,1928,1929,2,,the-oldtimers.com
NASH,STATESMAN,1950,1956,7,,the-oldtimers.com
NASH,THE NASH FOUR,1922,1924,3,,the-oldtimers.com
NASH,THE NASH SIX,1922,1924,3,,the-oldtimers.com
NASH,TWIN IGNITION EIGHT,1930,1930,1,,the-oldtimers.com
NASH,TWIN IGNITION SIX,1930,1930,1,,the-oldtimers.com
NISSAN,100 NX,1991,1995,5,,the-oldtimers.com
NISSAN,110,1955,1960,6,,the-oldtimers.com
NISSAN,200 SX SILVIA,1989,1995,7,,the-oldtimers.com
NISSAN,211,1958,1959,2,,the-oldtimers.com
NISSAN,240 C,1972,1977,5,,the-oldtimers.com
NISSAN,260 ZX,1975,1979,4,,the-oldtimers.com
NISSAN,270 R,1994,1994,1,,the-oldtimers.com
NISSAN,300 ZX,1984,1995,12,,the-oldtimers.com
NISSAN,ALMERA,1995,1995,1,2.0 D,the-oldtimers.com
NISSAN,AZ-1,1985,1985,1,,the-oldtimers.com
NISSAN,BLUEBIRD,1960,1991,32,1.6 910 AUTOMATIC|1.8 810 AUTOMATIC|1.8 B COUPE|1.8 B U610|2.0 810 AUTOMATIC|2.0 B COUPE|2.0 B U610|2.0 D|2.0 D 910|2.0 D BREAK|2.4 910 AUTOMATIC|AUTOMATIC|B COUPE|B U-610|B U610|BREAK|P312,the-oldtimers.com
NISSAN,CEDRIC,1960,1988,25,2.0 330 AUTOMATIC|2.0 D 330|2.2 D|2.2 D 230|2.2 D 330|2.8 D,the-oldtimers.com
NISSAN,CEFIRO,1994,1995,2,,the-oldtimers.com
NISSAN,CHERRY,1970,1982,13,1.2 AUTOMATIC|1.3 AUTOMATIC|1.4 AUTOMATIC|1.5 AUTOMATIC|100 A STATION WAGON|100 A WAGON|120 A COUPE|F II|F II 1.2,the-oldtimers.com
NISSAN,CIMA,1993,1995,3,,the-oldtimers.com
NISSAN,CQ-X,1995,1995,1,,the-oldtimers.com
NISSAN,CREW,1994,1995,2,,the-oldtimers.com
NISSAN,DS-2,1954,1954,1,SEDAN,the-oldtimers.com
NISSAN,E20,1983,1983,1,1800 PANEL VAN,the-oldtimers.com
NISSAN,FAIRLADY,1969,1974,5,Z S30|Z S30 2.4,the-oldtimers.com
NISSAN,GLORIA,1967,1995,9,PA 30|PA30,the-oldtimers.com
NISSAN,LAUREL,1968,1994,25,2.0 C130|2.0 C230|2.0 C30|2.0 C31|2.0 C31 AUTOMATIC|2.0 C33|2.0 C34|2.0 D C230|2.0 D C230 AUTOMATIC|2.0 D C31|2.0 D C31 AUTOMATIC|2.0 D C33|2.4 C230|2.4 C31|2.4 C31 AUTOMATIC|2.4 C32|2.5 C34|2.6 C130|2.6 C230|2.6 C230 AUTOMATIC|2.8 C230|2.8 C230 AUTOMATIC|2.8 C31|2.8 C31 AUTOMATIC|2.8 D C31|2.8 D C31 AUTOMATIC|2.8 D C32|2.8 D C33|2.8 D C34|3.0 C32|C130|C230|C230 AUTOMATIC|C30|C31|C31 AUTOMATIC|C32|C33|C34,the-oldtimers.com
NISSAN,LEOPARD,1981,1986,6,2.0 AUTOMATIC|2.8 AUTOMATIC|AUTOMATIC,the-oldtimers.com
NISSAN,MAXIMA,1993,1995,3,QX|QX 3.0,the-oldtimers.com
NISSAN,MICRA,1983,1992,10,,the-oldtimers.com
NISSAN,MID4,1987,1987,1,II,the-oldtimers.com
NISSAN,PATROL,1960,1989,11,3.2 D WAGON|WAGON,the-oldtimers.com
NISSAN,PINTARA,1989,1992,3,AUTOMATIC,the-oldtimers.com
NISSAN,PRAIRIE,1982,1989,8,,the-oldtimers.com
NISSAN,PRESEA,1990,1995,6,,the-oldtimers.com
NISSAN,PRESIDENT,1965,1995,11,,the-oldtimers.com
NISSAN,PRIMERA,1990,1994,5,,the-oldtimers.com
NISSAN,PULSAR,1982,1995,11,1.5 AUTOMATIC|1.5 SEDAN|1.5 SEDAN AUTOMATIC|2.0 AUTOMATIC|2.0 SEDAN|2.0 SEDAN AUTOMATIC|AUTOMATIC|SEDAN|SEDAN AUTOMATIC,the-oldtimers.com
NISSAN,RASHEEN,1994,1995,2,,the-oldtimers.com
NISSAN,SANTANA,1984,1990,6,1.6 D|1.6 D AUTOMATIC|2.0 AUTOMATIC|AUTOMATIC,the-oldtimers.com
NISSAN,SEDAN,1947,1955,8,DA|DB|DS-2|DS2,the-oldtimers.com
NISSAN,SENTRA,1994,1995,2,,the-oldtimers.com
NISSAN,SERENA,1993,1995,2,2.0 D VANETTE|2.0 VANETTE|2.3 D VANETTE|VANETTE,the-oldtimers.com
NISSAN,SILVIA,1975,1989,14,1.8 S10|1.8 S10 AUTOMATIC|1.8 S110|1.8 S110 AUTOMATIC|2.0 S10|2.0 S10 AUTOMATIC|2.0 S110|2.0 S110 AUTOMATIC|S10|S10 AUTOMATIC|S110|S110 AUTOMATIC,the-oldtimers.com
NISSAN,SKYLINE,1968,1995,19,2.0 240 K|2.0 240 K AUTOMATIC|2.0 AUTOMATIC|2.4 240 K|2.8 D|2.8 D AUTOMATIC|2000 GT|2000 GT GC10|2000 GT-R|240 K|240 K AUTOMATIC|AUTOMATIC|C10|C110|C210|HT 2000 GT-R|HT 2000 GTR|HT 2000GT-R,the-oldtimers.com
NISSAN,SPORTS,1952,1955,3,DC-3,the-oldtimers.com
NISSAN,STANZA,1977,1986,10,1.8 AUTOMATIC|2.0 AUTOMATIC|A10|AUTOMATIC,the-oldtimers.com
NISSAN,SUNNY,1966,1995,23,1.4 COUPE|1.6 WAGON|1.7 DIESEL|120 Y|120 Y BREAK|2.0 DIESEL|2.0 WAGON|AUTOMATIC|COUPE|WAGON,the-oldtimers.com
NISSAN,TERRANO,1989,1992,4,2.7 DIESEL,the-oldtimers.com
NISSAN,TERRANO II,1993,1995,3,2.7 D,the-oldtimers.com
NISSAN,VANETTE,1987,1992,6,2.0 D,the-oldtimers.com
NISSAN,VIOLET,1973,1981,9,1.4 A10|1.6 A10|1.6 A10 AUTOMATIC|A-10|A10|AUSTER A10,the-oldtimers.com
NSU,AUTONOVA,1965,1965,1,GT,the-oldtimers.com
NSU,PRINZ,1958,1973,16,1000 1000 C TT TTS|I II  III|SPORT,the-oldtimers.com
NSU,RO 80,1967,1977,11,,the-oldtimers.com
NSU,SPIDER,1964,1967,4,,the-oldtimers.com
NSU,SPORT,1960,1960,1,COUPE,the-oldtimers.com
NSU,WANKEL SPIDER,1963,1967,5,,the-oldtimers.com
O.S.C.A.,MT4-2AD,1950,1955,6,,the-oldtimers.com
OLDSMOBILE,442,1968,1971,4,,the-oldtimers.com
OLDSMOBILE,442 INDY PACE CAR,1970,1970,1,,the-oldtimers.com
OLDSMOBILE,66,1941,1948,8,STATION WAGON,the-oldtimers.com
OLDSMOBILE,88,1954,1992,3,ROYALE,the-oldtimers.com
OLDSMOBILE,98,1954,1955,2,,the-oldtimers.com
OLDSMOBILE,ACHIEVA,1991,1995,5,,the-oldtimers.com
OLDSMOBILE,AEROTECH,1987,1987,1,,the-oldtimers.com
OLDSMOBILE,ANTHEM,1992,1992,1,CONCEPT,the-oldtimers.com
OLDSMOBILE,AURORA,1995,1995,1,,the-oldtimers.com
OLDSMOBILE,BRAVADA,1990,1995,6,,the-oldtimers.com
OLDSMOBILE,CUSTOM CRUISER,1990,1993,4,,the-oldtimers.com
OLDSMOBILE,CUTLASS,1961,1995,30,2.3 SUPREME|2.3 SUPREME AUTOMATIC|2.6 CIERA|3.0 CALAIS|3.0 CIERA|3.1 SUPREME|3.3 CALAIS|3.4 SUPREME|3.4 SUPREME AUTOMATIC|5.0 BREAK|5.0 COUPE|5.0 SUPREME CLASSIC|5.8 D BREAK|5.8 D COUPE|5.8 D SUPREME CLASSIC|BREAK|CALAIS|CALAIS AUTOMATIC|CALAIS INTERNATIONAL HO QUAD 4|CIERA|COUPE|INTERNATIONAL SERIES|S|SUPREME|SUPREME AUTOMATIC|SUPREME BROUGHAM|SUPREME CLASSIC,the-oldtimers.com
OLDSMOBILE,DELTA 88,1970,1970,1,,the-oldtimers.com
OLDSMOBILE,EIGHTY-EIGHT,1976,1994,11,5.7 D,the-oldtimers.com
OLDSMOBILE,INCAS,1986,1986,1,CONCEPT,the-oldtimers.com
OLDSMOBILE,JETFIRE,1962,1962,1,,the-oldtimers.com
OLDSMOBILE,NINETY-EIGHT,1971,1989,19,5.7 D,the-oldtimers.com
OLDSMOBILE,OMEGA,1977,1984,7,AUTOMATIC,the-oldtimers.com
OLDSMOBILE,SILHOUETTE,1989,1995,6,,the-oldtimers.com
OLDSMOBILE,STARFIRE,1964,1979,4,SX SPORT COUPE,the-oldtimers.com
OLDSMOBILE,TORONADO,1967,1992,21,DIESEL|THOR,the-oldtimers.com
OLDSMOBILE,TROFEO,1987,1987,1,,the-oldtimers.com
OLDSMOBILE,VISTA CRUISER,1969,1974,6,,the-oldtimers.com
OPEL,12 LITRE,1931,1935,5,,the-oldtimers.com
OPEL,ADMIRAL,1969,1973,5,,the-oldtimers.com
OPEL,ASCONA,1970,1986,17,1.3 AUTOMATIC|1.3 FASTBACK|1.3 FASTBACK AUTOMATIC|1.6 AUTOMATIC|1.6 D|1.6 FASTBACK AUTOMATIC|1.6 S|1.8 AUTOMATIC|1.9 SR|2.0 D,the-oldtimers.com
OPEL,ASTRA,1991,1995,5,1.4I|1.4I GLS STATION WAGON|1.4I SALOON|1.4I SE|1.4I STATION WAGON|1.6 BREAK|1.6I|1.6I SALOON|1.6I SALOON AUTOMATIC|1.6I STATION WAGON|1.7 D BREAK|1.7 DIESEL|1.7 DIESEL SALOON|1.7 DIESEL STATION WAGON|1.7 TURBODIESEL|1.8 BREAK|1.8I SPORT|2.0 BREAK|2.0I|BREAK|CABRIOLET,the-oldtimers.com
OPEL,CALIBRA,1991,1995,5,TURBO|V6,the-oldtimers.com
OPEL,COMMODORE,1967,1980,10,2.5 COUPE|2.8 COUPE|BERLINA 2.5S|BERLINA VOYAGE|COUPE,the-oldtimers.com
OPEL,CORSA,1982,1995,14,1.0 SALOON|1.2 HATCHBACK|1.2 SALOON|1.3 SALOON|1.4I|1.5 D|1.6 GSI|1.7 D COMBO|COMBO|GTE,the-oldtimers.com
OPEL,DIPLOMAT,1968,1977,10,B,the-oldtimers.com
OPEL,FRONTERA,1991,1995,5,2.3 D,the-oldtimers.com
OPEL,GT,1968,1971,4,,the-oldtimers.com
OPEL,KADETT,1962,1995,31,1.0 COUPE|1.1 B COUPE|1.2 B COUPE|1.2 C|1.2 D|1.2 D CARAVAN|1.2 S|1.2 S AUTOMATIC|1.3 D|1.3 D CARAVAN|1.5 D E BREAK|1.6 C|1.6 C COUPE|1.6 C KARAVAN|1.6 D|1.6 D D|1.6 D E BREAK|1.6 SR|1.8 D|1.8 GSI|1.8 GTE|1.9 C COUPE|1100 FASTBACK|1700 COUPE|1700 FASTBACK|1900 COUPE|2.0 C COUPE|2.0 E CABRIOLET|2.0 GSI|200IS|B COUPE|B FASTBACK|C|C AERO|C COUPE|C KARAVAN|COUPE|COUPE 1000|COUPE L AUTOMATIC|D|D CARAVAN|E BREAK|E CABRIOLET,the-oldtimers.com
OPEL,KAPITAN,1948,1963,15,P1|P2,the-oldtimers.com
OPEL,KRAFTFAHRZEUG,1941,1943,3,,the-oldtimers.com
OPEL,LOTUS OMEGA,1990,1990,1,,the-oldtimers.com
OPEL,MANTA,1970,1988,18,1.6 CC|1.8 GT|1.9 CC|2.0 COUPE|2.0 GSI|2.0 GTE CC COUPE|2.0 GTE COUPE|CC|GT CC,the-oldtimers.com
OPEL,MONTEREY,1992,1995,4,,the-oldtimers.com
OPEL,MONZA,1977,1987,11,2.0 E|2.0 E AUTOMATIC|2.5 E AUTOMATIC|GSE|GSE AUTOMATIC,the-oldtimers.com
OPEL,OLYMPIA,1947,1970,9,1700 COUPE|1900 COUPE|COUPE,the-oldtimers.com
OPEL,OMEGA,1986,1995,10,1.8I L|2.0 BREAK|2.0I|2.0I CD|2.0I CD ESTATE|2.0I ESTATE|2.3 D BREAK|2.3 DIESEL STATION WAGON|2.4 BREAK|2.5 D|2.6 BREAK|2.6 CD|3.0 ELITE|3.0 GSI|3000 GSI|BREAK,the-oldtimers.com
OPEL,P 1200,1959,1962,4,,the-oldtimers.com
OPEL,RECORD,1957,1970,5,C|COUPE,the-oldtimers.com
OPEL,REKORD,1953,1989,32,1.9 CARAVAN|1900 CARAVAN|1900 D|2.0 BERLINA|2.0 CARAVAN|2.0 D CARAVAN|2.0 GL BERLINA|2.0I GLE|2.1 D CARAVAN|2.1 D D|2.2 AUTOMATIC|2.2 CARAVAN|2.3 D CARAVAN|C|C CARAVAN|CARAVAN|CARAVAN 1500|CARAVAN 1700|D|DIESEL|DIESEL ESTATE,the-oldtimers.com
OPEL,SENATOR,1978,1990,11,2.0 E|2.0 E AUTOMATIC|2.3 D|2.5 E AUTOMATIC|2.5I|3.0 E|3.0 E AUTOMATIC|3.0I|3.0I AUTOMATIC,the-oldtimers.com
OPEL,TIGRA,1994,1995,2,1.4 AUTOMATIC|1.6I,the-oldtimers.com
OPEL,VECTRA,1988,1995,3,1.4 HATCHBACK|1.6 AUTOMATIC|1.6 HATCHBACK AUTOMATIC|1.6I LS|1.7 DIESEL|1.7 DIESEL HATCHBACK|1.7 TURBO DIESEL|2.0I TURBO 4X4|2000I,the-oldtimers.com
PACKARD,12,1941,1944,4,,the-oldtimers.com
PACKARD,CARRIBEAN,1955,1957,3,6.1 CONVERTIBLE|CONVERTIBLE|CONVERTIBLE 6.1,the-oldtimers.com
PACKARD,PATRICIAN,1952,1957,6,,the-oldtimers.com
PANHARD,24,1964,1967,4,,the-oldtimers.com
PANHARD,CD,1962,1965,4,,the-oldtimers.com
PANHARD,DYNA X,1948,1954,7,,the-oldtimers.com
PANHARD,DYNA Z,1954,1959,6,,the-oldtimers.com
PANHARD,JUNIOR,1952,1956,5,,the-oldtimers.com
PANHARD,PL 17,1959,1965,7,,the-oldtimers.com
PANTHER,LIMA,1976,1982,7,,the-oldtimers.com
PEEL,P50,1962,1965,4,,the-oldtimers.com
PEGASO,Z-102,1951,1958,8,,the-oldtimers.com
PEUGEOT,104,1975,1976,2,GL|S|SR|ZL COUPE|ZS COUPE,the-oldtimers.com
PEUGEOT,106,1991,1995,5,1.4 D|1.5 D|DIESEL|RALLY|XN 1.0|XN 954I|XSI|XT 1.4,the-oldtimers.com
PEUGEOT,202,1941,1949,9,CABRIOLET,the-oldtimers.com
PEUGEOT,203,1949,1960,12,CABRIOLET|COUPE|FAMILIALE,the-oldtimers.com
PEUGEOT,204,1965,1974,10,1300 D ESTATE|CABRIOLET|COUPE|ESTATE,the-oldtimers.com
PEUGEOT,205,1983,1995,13,1.0 GL|1.1 GR|1.1I|1.4 SR|1.8 D|1.9 GTI|CABRIOLET|CABRIOLET 1.4|CABRIOLET 1.6|CABRIOLET 1.9|COLORLINE|GRD|GT|GTI|TURBO 16|TURBO 16 1.8,the-oldtimers.com
PEUGEOT,304,1969,1980,12,BREAK|BREAK 1.5 D,the-oldtimers.com
PEUGEOT,305,1977,1987,10,1.5 DIESEL|1.9 D|GT|SR,the-oldtimers.com
PEUGEOT,306,1993,1995,3,1.6 XR|1.8I XT|1.9 D|CABRIOLET|CABRIOLET 1.8|CABRIOLET 2.0|SRDT,the-oldtimers.com
PEUGEOT,309,1985,1993,9,1.4 SX|1.6 SRI|1.8 D|1.9 DIESEL|1.9 GTI|GLD,the-oldtimers.com
PEUGEOT,402,1935,1942,8,,the-oldtimers.com
PEUGEOT,403,1955,1962,7,1.8 D|1800D|D|FAMILIALE|FAMILIALE 1800|FAMILIALE 1800D|FAMILY SALOON|SALOON|STATION WAGON,the-oldtimers.com
PEUGEOT,404,1960,1978,19,1.8 D|1.9 D|CABRIOLET|FAMILIALE|FAMILIALE 1.8 D|FAMILIALE 1.9 D|FAMILIALE 1600,the-oldtimers.com
PEUGEOT,405,1987,1993,6,1.4 GL|1.9 GL|1.9 GL ESTATE|1.9 GTDT|1.9 GTDT ESTATE|1.9 STATION WAGON GRD|BREAK|BREAK 1.6|BREAK 1.8 D|BREAK 1.9|BREAK 1.9 D|BREAK 2.0|GL|MI-16|MI-16 4X4|SRI X4 STATION WAGON|T 16,the-oldtimers.com
PEUGEOT,406,1995,1995,1,1.9 D|1.9 TD GLX|2.0 LX|2.0 ST BREAK|2.0 ST BREAK AUTOMATIC|2.1 D|BREAK,the-oldtimers.com
PEUGEOT,504,1968,1995,23,1.9 D|2.1 D|2.3 D|BREAK|BREAK 2.0|BREAK 2.1 D|BREAK 2.3 D|ESTATE|FAMILY DIESEL|INJECTION|V6 COUPE|V6 COUPE INJECTION,the-oldtimers.com
PEUGEOT,504D,1968,1968,1,ESTATE,the-oldtimers.com
PEUGEOT,505,1979,1990,12,2.3 D|2.5 D|BREAK|BREAK 2.2|BREAK 2.5 D|GR ESTATE|GTD TURBO|GTI|SR|TURBO INJECTION|V6,the-oldtimers.com
PEUGEOT,604,1975,1986,11,2.3 D|2.5 D|SL|TI,the-oldtimers.com
PEUGEOT,605,1989,1995,6,2.0 AUTOMATIC|2.1 D|2.1 D AUTOMATIC|2.4 D|2.9 AUTOMATIC|SRI|SV,the-oldtimers.com
PEUGEOT,806,1994,1995,2,1.9 D,the-oldtimers.com
PEUGEOT,OXIA,1989,1989,1,,the-oldtimers.com
PEUGEOT,PEUGETTE,1976,1976,1,,the-oldtimers.com
PEUGEOT,PROXIMA,1986,1986,1,,the-oldtimers.com
PEUGEOT,QUASAR,1984,1984,1,,the-oldtimers.com
PEUGEOT,TYPE 202,1941,1941,1,,the-oldtimers.com
PININFARINA,33,1971,1971,1,SPIDER,the-oldtimers.com
PININFARINA,ARGENTO,1995,1995,1,VIVO,the-oldtimers.com
PININFARINA,COUPE,1983,1983,1,,the-oldtimers.com
PININFARINA,HIT,1988,1988,1,,the-oldtimers.com
PLYMOUTH,ACCLAIM,1989,1995,7,,the-oldtimers.com
PLYMOUTH,BARRACUDA,1969,1973,5,AAR,the-oldtimers.com
PLYMOUTH,BELVEDERE,1954,1955,2,,the-oldtimers.com
PLYMOUTH,BREEZE,1994,1995,2,,the-oldtimers.com
PLYMOUTH,CAMBRIDGE,1953,1953,1,P24,the-oldtimers.com
PLYMOUTH,CARAVELLE,1982,1988,7,,the-oldtimers.com
PLYMOUTH,COLT,1988,1994,7,2.4 VISTA|VISTA,the-oldtimers.com
PLYMOUTH,FURY,1967,1972,2,III 5.9|III 6.6|III 7.2,the-oldtimers.com
PLYMOUTH,GRAN FURY,1981,1989,9,,the-oldtimers.com
PLYMOUTH,GTX,1968,1968,1,HARDTOP,the-oldtimers.com
PLYMOUTH,HORIZON,1977,1989,11,,the-oldtimers.com
PLYMOUTH,LASER,1989,1993,5,,the-oldtimers.com
PLYMOUTH,NEON,1993,1995,3,AUTOMATIC,the-oldtimers.com
PLYMOUTH,PROWLER,1993,1995,3,,the-oldtimers.com
PLYMOUTH,RELIANT,1980,1988,9,,the-oldtimers.com
PLYMOUTH,ROAD RUNNER,1971,1972,2,,the-oldtimers.com
PLYMOUTH,SUNDANCE,1985,1990,6,,the-oldtimers.com
PLYMOUTH,SUPERBIRD,1970,1970,1,,the-oldtimers.com
PLYMOUTH,TRAIL DUSTER,1974,1982,9,,the-oldtimers.com
PLYMOUTH,TURISMO,1983,1987,5,,the-oldtimers.com
PLYMOUTH,VALIANT,1963,1976,9,,the-oldtimers.com
PLYMOUTH,VIP,1968,1968,1,FASTTOP,the-oldtimers.com
PLYMOUTH,VOLARE,1975,1980,6,3.7 COUPE|5.2 COUPE|5.9 COUPE|COUPE,the-oldtimers.com
PLYMOUTH,VOYAGER,1983,1995,12,,the-oldtimers.com
PONTIAC,1000,1980,1987,7,1.8 D,the-oldtimers.com
PONTIAC,6000,1983,1991,8,WAGON|WAGON 2.5|WAGON 2.8|WAGON 3.1|WAGON 4.3 D|WAGON AUTOMATIC,the-oldtimers.com
PONTIAC,BANSHEE,1988,1988,1,,the-oldtimers.com
PONTIAC,BONNEVILLE,1964,1995,17,LE|SE|SSEI,the-oldtimers.com
PONTIAC,CATALINA,1965,1965,1,,the-oldtimers.com
PONTIAC,FIERO,1984,1988,5,V6,the-oldtimers.com
PONTIAC,FIREBIRD,1967,1995,29,4.9 TURBO|5.3 HIGHT OUTPUT|5.7 HIGHT OUTPUT|6.6 TRANS AM|FORMULA|SE|TRANS AM|TRANS AM SPECIAL EDITION,the-oldtimers.com
PONTIAC,FIREHAWK,1995,1995,1,SLP,the-oldtimers.com
PONTIAC,GRAND AM,1984,1990,6,AUTOMATIC,the-oldtimers.com
PONTIAC,GRAND PRIX,1969,1995,16,3.4 AUTOMATIC|AUTOMATIC|CF 428|STE TURBO,the-oldtimers.com
PONTIAC,GRAND SAFARI,1976,1989,14,5.7 D,the-oldtimers.com
PONTIAC,GRANDE PARISIENNE,1967,1968,2,,the-oldtimers.com
PONTIAC,GTO,1966,1970,5,RAM AIR|RAM AIR IV|RAM AIR V,the-oldtimers.com
PONTIAC,LEMANS,1977,1982,6,4.9 STATION WAGON|STATION WAGON,the-oldtimers.com
PONTIAC,PHOENIX,1977,1984,8,2.8 COUPE|AUTOMATIC|COUPE,the-oldtimers.com
PONTIAC,STAR CHIEF,1954,1957,4,,the-oldtimers.com
PONTIAC,STINGER,1989,1989,1,,the-oldtimers.com
PONTIAC,SUNBIRD,1977,1992,5,,the-oldtimers.com
PONTIAC,SUNFIRE,1995,1995,1,SE|SPEEDSTER,the-oldtimers.com
PONTIAC,TEMPEST,1963,1965,3,,the-oldtimers.com
PONTIAC,TRANS AM,1975,1990,5,15TH ANNIVERSARY,the-oldtimers.com
PONTIAC,TRANS SPORT,1989,1995,7,,the-oldtimers.com
PONTIAC,VENTURA,1972,1972,1,,the-oldtimers.com
PONTIAC,VENTURA II,1971,1971,1,,the-oldtimers.com
PORSCHE,1300,1953,1953,1,S,the-oldtimers.com
PORSCHE,356,1948,1965,18,1500 CARRERA|1600 SC|A|A 1.3|A 1.5|A 1.6|A CARRERA|A CARRERA 1.6|A CARRERA 1600|A CARRERA GT|A SPEEDSTER|A SPEEDSTER 1.3|A SPEEDSTER 1.5|A SPEEDSTER 1.6|A SPEEDSTER 1300|A SPEEDSTER 1500|AMERICA|B 1600S SUPER|B ROADSTER|CARRERA ABARTH|CONVERTIBLE|CONVERTIBLE D|COUPE ABARTH,the-oldtimers.com
PORSCHE,550,1955,1958,4,,the-oldtimers.com
PORSCHE,718,1958,1963,6,RS 60,the-oldtimers.com
PORSCHE,804,1961,1964,4,,the-oldtimers.com
PORSCHE,904,1964,1967,4,CARRERA GTS,the-oldtimers.com
PORSCHE,906,1966,1969,4,,the-oldtimers.com
PORSCHE,907,1968,1971,4,,the-oldtimers.com
PORSCHE,908,1969,1974,5,,the-oldtimers.com
PORSCHE,910,1967,1970,4,,the-oldtimers.com
PORSCHE,911,1963,1998,36,2.7 TARGA|930 TURBO|930 TURBO CABRIOLET|964 CARRERA RS|964 TURBO|964 TURBO S|993 BI-TURBO|993 CABRIOLET|993 TARGA|CARRERA 2.7 RS|CARRERA 3.0 RS|CARRERA CLUBSPORT|CARRERA RS|CARRERA RSR|CTR|E|G-MODEL|GT2|LEMANS BI-TURBO|LUX|MIRAGE|REVANCHE|S|SC RS|SPEEDSTER|T|WEISSER RIESE,the-oldtimers.com
PORSCHE,912,1965,1977,7,E,the-oldtimers.com
PORSCHE,914,1969,1975,7,MURENE,the-oldtimers.com
PORSCHE,917,1970,1973,4,COUPE|K|SPYDER,the-oldtimers.com
PORSCHE,924,1975,1987,6,AUTOMATIC|CARRERA GT|S|TURBO,the-oldtimers.com
PORSCHE,928,1977,1995,15,AUTOMATIC|BREAK|GT|GTS|S|S AUTOMATIC|S4,the-oldtimers.com
PORSCHE,935,1976,1981,6,,the-oldtimers.com
PORSCHE,936,1976,1981,6,,the-oldtimers.com
PORSCHE,944,1981,1991,9,2.5 AUTOMATIC|2.7 AUTOMATIC|S|S2|TURBO,the-oldtimers.com
PORSCHE,959,1986,1993,5,,the-oldtimers.com
PORSCHE,962,1985,1988,3,,the-oldtimers.com
PORSCHE,965,1991,1995,5,,the-oldtimers.com
PORSCHE,968,1991,1995,5,CABRIOLET|TURBO S,the-oldtimers.com
PORSCHE,BOXSTER,1993,1993,1,,the-oldtimers.com
PORSCHE,KREMER 935 K3,1979,1979,1,,the-oldtimers.com
PORSCHE,MEGA CABRIOLET BITURBO,1990,1990,1,,the-oldtimers.com
PORSCHE,PAN AMERICANA,1990,1990,1,,the-oldtimers.com
PORSCHE,TAPIRO,1970,1970,1,,the-oldtimers.com
PROTON,PERSONA,1993,1995,3,1.5 SALOON|1.8 SALOON|SALOON,the-oldtimers.com
PROTON,SALOON,1985,1995,10,1.5 AUTOMATIC,the-oldtimers.com
RALEIGH,SAFETY SEVEN,1934,1934,1,,the-oldtimers.com
RAMBLER,AMBASSADOR,1958,1965,8,,the-oldtimers.com
RAMBLER,AMERICAN,1958,1969,12,,the-oldtimers.com
RAMBLER,CLASSIC,1961,1966,6,,the-oldtimers.com
RAMBLER,MARLIN,1965,1965,1,,the-oldtimers.com
RAMBLER,REBEL,1957,1967,5,,the-oldtimers.com
RAMBLER,SIX,1957,1960,4,,the-oldtimers.com
RAMBLER,TYPHOON,1964,1964,1,,the-oldtimers.com
RELIANT,BUG,1970,1970,1,,the-oldtimers.com
RELIANT,GTC,1980,1980,1,,the-oldtimers.com
RELIANT,KITTEN,1975,1983,9,ESTATE,the-oldtimers.com
RELIANT,REBEL,1964,1974,8,700 ESTATE|750 ESTATE,the-oldtimers.com
RELIANT,REGAL,1968,1968,1,,the-oldtimers.com
RELIANT,SABRE 4,1961,1963,3,,the-oldtimers.com
RELIANT,SABRE SIX,1961,1964,4,,the-oldtimers.com
RELIANT,SCIMITAR,1964,1995,25,1.4 SS1|1.6 SS1|1.8 SS1|GTC|GTC AUTOMATIC|GTE|GTE AUTOMATIC|GTE SE 5A|GTE SE6|SS1|SS1 1600|SS1 1800 TI,the-oldtimers.com
RELIANT,SE6,1975,1986,12,,the-oldtimers.com
RELIANT,SE7,1982,1982,1,,the-oldtimers.com
RENAULT,10,1965,1971,6,,the-oldtimers.com
RENAULT,11,1982,1988,7,1.6 D|AUTOMATIC|GTC|GTL|GTS|GTX|TC|TL|TURBO,the-oldtimers.com
RENAULT,12,1969,1980,12,BREAK|TS,the-oldtimers.com
RENAULT,14,1976,1983,8,GTL,the-oldtimers.com
RENAULT,15,1971,1980,9,,the-oldtimers.com
RENAULT,17,1971,1974,2,GORDINI|TS,the-oldtimers.com
RENAULT,18,1978,1986,9,2.1 D|BREAK|BREAK 2.0|BREAK 2.1 D|GTX|TL BREAK,the-oldtimers.com
RENAULT,19,1988,1995,8,1.2I RN|1.4 AUTOMATIC|1.4I|1.8 16S|1.8 MPI|1.8 SPI|1.9 D|1.9 RN DIESEL|1.9 RT TURBODIESEL|CABRIOLET|CHAMADE|CHAMADE 1.2I RN|CHAMADE 1.4I|CHAMADE 1.7|CHAMADE 1.8 MPI|CHAMADE 1.8 SPI|CHAMADE 1.9 D|CHAMADE 1.9 DIESEL RN|CHAMADE TXE|TRE|TXE,the-oldtimers.com
RENAULT,20,1976,1981,6,2.0 AUTOMATIC|2.1 D|TL|TL AUTOMATIC|TS,the-oldtimers.com
RENAULT,21,1986,1994,9,1.7 GTS HATCHBACK|1.9 D|2.0 GTX HATCHBACK|2.0 GTX NEVADA|2.1 D|GTD|NEVADA|NEVADA 1.7|NEVADA 2.0|NEVADA 2.1 D|NEVADA TS|TL|TURBO|TURBO D|TURBO QUADRA|TXI,the-oldtimers.com
RENAULT,25,1984,1992,9,2.1 D|2.1 DIESEL|GTS|GTX|TURBO D|V6 BACCARA|V6 INJECTION|V6 TURBO BACCARA,the-oldtimers.com
RENAULT,30,1975,1975,1,TS|TS AUTOMATIC,the-oldtimers.com
RENAULT,4,1961,1991,29,,the-oldtimers.com
RENAULT,5,1972,1988,16,1.4 TURBO 2|1.TURBO 2|GORDINI|GT TURBO|GTE|TURBO|TURBO 2,the-oldtimers.com
RENAULT,6,1968,1968,1,1100 RODEO,the-oldtimers.com
RENAULT,8,1962,1972,11,GORDINI|S,the-oldtimers.com
RENAULT,9,1981,1987,7,1.6 D|CABRIOLET|GTD|GTL|GTS|TL,the-oldtimers.com
RENAULT,ALPINE,1978,1992,4,A 310|A 610|V6 LEMANS|V6 TURBO,the-oldtimers.com
RENAULT,ARGOS,1994,1994,1,,the-oldtimers.com
RENAULT,CARAVELLE,1962,1962,1,,the-oldtimers.com
RENAULT,CLIO,1990,1995,6,1.4 AUTOMATIC|1.4 RT|1.8I|1.8I RS|1.9 RN DIESEL,the-oldtimers.com
RENAULT,COLORALE,1950,1957,8,,the-oldtimers.com
RENAULT,DAUPHINE,1956,1968,11,,the-oldtimers.com
RENAULT,DAUPHINE GORDINI,1957,1957,1,,the-oldtimers.com
RENAULT,ESPACE,1984,1995,12,2.0I RT|2.1 D|2.1 RT TURBODIESEL|2.2I QUADRA|2.8I V6 RXE|F1,the-oldtimers.com
RENAULT,ETOILE,1956,1956,1,FILANTE,the-oldtimers.com
RENAULT,EXPRESS,1991,1994,4,1.6 D,the-oldtimers.com
RENAULT,FLORIDE,1959,1966,8,CONVERTIBLE,the-oldtimers.com
RENAULT,FREGATE,1951,1960,9,GRAND PAVOIS,the-oldtimers.com
RENAULT,FUEGO,1980,1985,2,2000 GTX|GTS|GTS AUTOMATIC|TURBO,the-oldtimers.com
RENAULT,JUVA,1941,1960,20,4 BREAK|4 BREAK 1000|4 BREAK 850|4 CABRIOLET|4 CABRIOLET 1000|4 CABRIOLET 850,the-oldtimers.com
RENAULT,LAGUNA,1990,1995,3,1.9 BREAK|1.9 DCI|1.9 DTI|2.0 AUTOMATIC|2.0 BREAK|2.0 RT|2.0 S RTI|2.0I RXE ESTATE|2.2 D|3.0 V6|3.0 V6 AUTOMATIC|BREAK|NEVADA 1.8|NEVADA 1.9 DTI|NEVADA 1.9 DTI AUTOMATIC|NEVADA 2.0|NEVADA 3.0 V6|NEVADA 3.0 V6 AUTOMATIC,the-oldtimers.com
RENAULT,LUDO,1994,1994,1,,the-oldtimers.com
RENAULT,MEGANE,1988,1988,1,,the-oldtimers.com
RENAULT,MODUS,1994,1994,1,,the-oldtimers.com
RENAULT,R5,1984,1984,1,TURBO 2,the-oldtimers.com
RENAULT,RACOON,1992,1992,1,,the-oldtimers.com
RENAULT,RE,1982,1982,1,30 B,the-oldtimers.com
RENAULT,RODEO,1975,1986,10,,the-oldtimers.com
RENAULT,RS 11,1979,1979,1,,the-oldtimers.com
RENAULT,SAFRANE,1992,1995,4,2.0 RT SI|2.1 D|2.5 AUTOMATIC|3.0 RXE V6|3.0 V6|BITURBO,the-oldtimers.com
RENAULT,SCENIC,1991,1991,1,,the-oldtimers.com
RENAULT,SIETE,1974,1985,10,,the-oldtimers.com
RENAULT,SPIDER,1995,1995,1,,the-oldtimers.com
RENAULT,SPORT SPIDER,1995,1995,1,,the-oldtimers.com
RENAULT,SUPER 5,1985,1987,3,,the-oldtimers.com
RENAULT,TWINGO,1993,1995,3,,the-oldtimers.com
RENAULT,TXE,1991,1991,1,,the-oldtimers.com
REO,25,1911,1911,1,,the-oldtimers.com
REO,30,1911,1911,1,,the-oldtimers.com
REO,35,1911,1911,1,,the-oldtimers.com
REO,FLYING CLOUD,1927,1936,10,,the-oldtimers.com
REO,FOUR-24,1906,1906,1,,the-oldtimers.com
REO,FOUR-35,1910,1910,1,,the-oldtimers.com
REO,M,1916,1918,3,,the-oldtimers.com
REO,ONE CYLINDER,1905,1910,6,,the-oldtimers.com
REO,ROYALE,1931,1934,4,,the-oldtimers.com
REO,T-6,1920,1926,7,,the-oldtimers.com
REO,THE FIFTH,1912,1919,8,,the-oldtimers.com
REO,TWO CYLINDER,1905,1910,6,,the-oldtimers.com
RILEY,1.4,1959,1959,1,,the-oldtimers.com
RILEY,1.5,1957,1957,1,,the-oldtimers.com
RILEY,2.6,1957,1957,1,,the-oldtimers.com
RILEY,4,1958,1971,13,,the-oldtimers.com
RILEY,ELF,1963,1963,1,,the-oldtimers.com
RILEY,KESTREL,1965,1969,4,,the-oldtimers.com
RILEY,ONE-POINT-FIVE,1958,1965,8,,the-oldtimers.com
RILEY,PATHFINDER,1953,1957,5,,the-oldtimers.com
RILEY,RM A,1945,1956,11,,the-oldtimers.com
RILEY,TWO POINT SIX,1958,1959,2,,the-oldtimers.com
ROLLS-ROYCE,CAMARGUE,1975,1975,1,,the-oldtimers.com
ROLLS-ROYCE,CORNICHE,1971,1987,15,,the-oldtimers.com
ROLLS-ROYCE,PHANTOM,1950,1959,7,V,the-oldtimers.com
ROLLS-ROYCE,SILVER CLOUD,1957,1966,10,,the-oldtimers.com
ROLLS-ROYCE,SILVER DAWN,1949,1955,7,,the-oldtimers.com
ROLLS-ROYCE,SILVER SHADOW,1965,1980,15,LWB,the-oldtimers.com
ROLLS-ROYCE,SILVER SPIRIT,1980,1995,16,MARK I|MARK II|MARK III,the-oldtimers.com
ROLLS-ROYCE,SILVER SPUR,1991,1995,5,,the-oldtimers.com
ROLLS-ROYCE,SILVER WRAITH,1946,1980,17,,the-oldtimers.com
ROVER,100,1991,1994,4,1.4 D|CABRIOLET,the-oldtimers.com
ROVER,14 6,1933,1933,1,SPEED PILOT,the-oldtimers.com
ROVER,200,1993,1995,3,1.8 D|1.9 DIESEL|CABRIOLET|CABRIOLET 1.6|COUPE|VI,the-oldtimers.com
ROVER,2000,1963,1976,9,SC|TC,the-oldtimers.com
ROVER,214,1995,1995,1,SI,the-oldtimers.com
ROVER,216,1989,1992,2,GSI|GTI COUPE,the-oldtimers.com
ROVER,220,1992,1992,1,GRI COUPE,the-oldtimers.com
ROVER,2600,1977,1977,1,AUTOMATIC,the-oldtimers.com
ROVER,3.5,1970,1974,5,LITRE,the-oldtimers.com
ROVER,3500,1977,1984,2,SE|VANDEN PLAS EFI,the-oldtimers.com
ROVER,400,1990,1995,5,1.8 D|TOURER|TOURER 1.8 D,the-oldtimers.com
ROVER,414I,1995,1995,1,,the-oldtimers.com
ROVER,416I,1995,1995,1,,the-oldtimers.com
ROVER,600,1994,1995,2,2.0 D,the-oldtimers.com
ROVER,620I,1992,1992,1,,the-oldtimers.com
ROVER,800,1992,1995,4,COUPE,the-oldtimers.com
ROVER,820,1991,1991,1,TURBO,the-oldtimers.com
ROVER,825,1986,1986,1,SD,the-oldtimers.com
ROVER,825I,1986,1986,1,,the-oldtimers.com
ROVER,LAND ROVER DISCOVERY,1989,1991,2,TDI,the-oldtimers.com
ROVER,METRO,1990,1990,1,1.4 GTI|1.4 SL,the-oldtimers.com
ROVER,MGF,1995,1995,1,,the-oldtimers.com
ROVER,MINI,1992,1992,1,1.3 MAYFAIR,the-oldtimers.com
ROVER,MONTEGO,1989,1989,1,GSI,the-oldtimers.com
ROVER,P2,1941,1947,7,,the-oldtimers.com
ROVER,P4,1949,1959,11,105R|105S|2.6 AUTOMATIC|MARK II,the-oldtimers.com
ROVER,P5,1958,1966,6,AUTOMATIC|COUPE|COUPE AUTOMATIC,the-oldtimers.com
ROVER,P5B,1970,1973,4,COUPE,the-oldtimers.com
ROVER,P6,1963,1971,3,3500 S,the-oldtimers.com
ROVER,RANGE ROVER,1989,1994,2,2.5 TURBODIESEL|4.6 HSE|VOGUE 3.9 SE,the-oldtimers.com
ROVER,VITESSE,1984,1988,2,,the-oldtimers.com
SAAB,750,1958,1961,3,GT,the-oldtimers.com
SAAB,90,1984,1987,4,,the-oldtimers.com
SAAB,900,1979,1995,17,CABRIOLET|CABRIOLET 2.0|GL|I|SE|SEDAN|SEDAN 2.0|T16 CONVERTIBLE|TURBO|TURBO CARLSSON|TURBO SE CONVERTIBLE|TURBO TII|V6 CABRIOLET,the-oldtimers.com
SAAB,9000,1985,1994,8,2.3I|CARLSSON TURBO|CD 2.3 TURBO 16S|CD TURBO|CSI 2.0|CSI 2.0 TURBO|CSI 2.3|CSI 2.3 TURBO|I|I AERO|I CD 2.3|V6 GRIFFIN,the-oldtimers.com
SAAB,900I,1988,1988,1,,the-oldtimers.com
SAAB,92,1949,1959,6,B,the-oldtimers.com
SAAB,92B,1954,1958,3,,the-oldtimers.com
SAAB,93,1956,1960,4,B|F,the-oldtimers.com
SAAB,94,1954,1954,1,,the-oldtimers.com
SAAB,95,1959,1959,1,STATION WAGON,the-oldtimers.com
SAAB,96,1960,1977,18,,the-oldtimers.com
SAAB,99,1967,1984,11,COMBI COUPE|COMBI COUPE 2.0,the-oldtimers.com
SAAB,MC,1965,1965,1,,the-oldtimers.com
SAAB,SONETT,1966,1969,4,,the-oldtimers.com
SAAB,SONETT II,1966,1969,4,,the-oldtimers.com
SAAB,SONETT III,1970,1970,1,,the-oldtimers.com
SAPOROSHEZ,965,1960,1969,10,,the-oldtimers.com
SAPOROSHEZ,966,1966,1972,7,,the-oldtimers.com
SAPOROSHEZ,968,1966,1979,14,,the-oldtimers.com
SAPOROSHEZ,968M,1979,1994,15,,the-oldtimers.com
SATURN,SC,1995,1995,1,1.9 AUTOMATIC|AUTOMATIC,the-oldtimers.com
SATURN,SEDAN,1991,1991,1,,the-oldtimers.com
SATURN,SL,1995,1995,1,,the-oldtimers.com
SATURN,SPORTS COUPE,1991,1991,1,,the-oldtimers.com
SEAT,124,1969,1979,10,,the-oldtimers.com
SEAT,127,1972,1982,11,,the-oldtimers.com
SEAT,131,1974,1981,8,1.6 AUTOMATIC|2.0 D|2.4 D|ABARTH 2000,the-oldtimers.com
SEAT,133,1974,1979,6,,the-oldtimers.com
SEAT,1400,1960,1963,4,C,the-oldtimers.com
SEAT,1430,1969,1975,7,1.5 D,the-oldtimers.com
SEAT,1500,1963,1972,10,2.0 D,the-oldtimers.com
SEAT,600,1957,1970,14,,the-oldtimers.com
SEAT,IBIZA,1984,1995,4,1.7 DIESEL|1.9 D|2000 GTI,the-oldtimers.com
SEAT,MALAGA,1985,1985,1,1.5 GLX,the-oldtimers.com
SEAT,MARBELLA,1987,1995,9,,the-oldtimers.com
SEAT,RITMO,1979,1982,4,1.7 D,the-oldtimers.com
SEAT,RONDA,1981,1986,6,1.7 D,the-oldtimers.com
SEAT,TOLEDO,1991,1995,5,1.8 GLXI|1.8 GT|1.8 GTI|2.0 GTI,the-oldtimers.com
SIATA,DAINA,1950,1958,9,,the-oldtimers.com
SIMCA,1000,1961,1978,18,COUPE,the-oldtimers.com
SIMCA,11,1948,1948,1,MONOPLACE,the-oldtimers.com
SIMCA,1100,1967,1982,16,BREAK,the-oldtimers.com
SIMCA,1200S,1966,1971,6,BERTONE,the-oldtimers.com
SIMCA,1300,1963,1966,4,,the-oldtimers.com
SIMCA,1301,1968,1975,8,BREAK,the-oldtimers.com
SIMCA,1307,1975,1978,4,GLS|S,the-oldtimers.com
SIMCA,1308,1979,1979,1,,the-oldtimers.com
SIMCA,1309,1975,1980,3,SX,the-oldtimers.com
SIMCA,1500,1963,1963,1,,the-oldtimers.com
SIMCA,1501,1967,1975,3,SPECIAL,the-oldtimers.com
SIMCA,2 LITRES,1975,1982,8,AUTOMATIC,the-oldtimers.com
SIMCA,5,1941,1948,8,,the-oldtimers.com
SIMCA,6,1947,1950,4,,the-oldtimers.com
SIMCA,8,1941,1950,8,SPORT,the-oldtimers.com
SIMCA,ARIANE,1961,1966,6,,the-oldtimers.com
SIMCA,ARONDE,1951,1959,9,1300 BREAK|1300 COACH|BREAK|CABRIOLET|COACH,the-oldtimers.com
SIMCA,HORIZON,1978,1978,1,GLS|LS|SX,the-oldtimers.com
SIMCA,OCEANE,1956,1962,7,,the-oldtimers.com
SIMCA,PLEIN CEIL,1957,1962,6,PLEIN CIEL,the-oldtimers.com
SIMCA,TYPE 11 MONOPLACE,1949,1949,1,,the-oldtimers.com
SIMCA,VEDETTE,1955,1961,7,,the-oldtimers.com
SINGER,GAZELLE,1956,1961,2,IIIC,the-oldtimers.com
SINGER,HUNTER,1954,1955,2,,the-oldtimers.com
SINGER,SM 1500,1951,1953,2,ROADSTER,the-oldtimers.com
SINGER,VOGUE II,1963,1963,1,,the-oldtimers.com
SINGER,VOGUE III,1964,1964,1,,the-oldtimers.com
SKODA,1000 MB,1968,1968,1,,the-oldtimers.com
SKODA,110 L,1969,1977,9,,the-oldtimers.com
SKODA,1200,1952,1961,6,BREAK,the-oldtimers.com
SKODA,1202,1961,1973,13,BREAK,the-oldtimers.com
SKODA,440,1955,1959,5,SPARTAK,the-oldtimers.com
SKODA,FAVORIT,1989,1989,1,136 LX,the-oldtimers.com
SKODA,FELICIA,1959,1994,7,1.3 GLXI,the-oldtimers.com
SKODA,L,1977,1992,15,,the-oldtimers.com
SKODA,OCTAVIA,1959,1971,12,1.2 STATION WAGON|1200 STATION WAGON|STATION WAGON,the-oldtimers.com
SKODA,POLULAR 995,1941,1946,6,,the-oldtimers.com
SKODA,POPULAR,1941,1946,6,,the-oldtimers.com
SKODA,RAPID R,1981,1992,11,,the-oldtimers.com
SKODA,S 110 R,1974,1974,1,,the-oldtimers.com
SKODA,SUPERB,1941,1943,3,,the-oldtimers.com
SSANGYONG,CHAIRMAN H,1995,1995,1,,the-oldtimers.com
SSANGYONG,MUSSO,1995,1995,1,,the-oldtimers.com
STEYR,126,1972,1974,3,,the-oldtimers.com
STEYR,2000,1953,1953,1,,the-oldtimers.com
STEYR,220,1941,1941,1,,the-oldtimers.com
STEYR,50,1936,1940,5,,the-oldtimers.com
STEYR,500,1957,1967,8,D,the-oldtimers.com
STEYR,500D,1959,1965,4,,the-oldtimers.com
STEYR,650T,1962,1968,7,,the-oldtimers.com
STEYR,700C,1961,1968,8,,the-oldtimers.com
STEYR,G-SERIES,1980,1994,3,2.4 D|2.9 D|3.0 D,the-oldtimers.com
STEYR,HAFLINGER,1963,1974,11,0.6 700 AP|700 AP|700AP,the-oldtimers.com
STOEWER,10 PS,1901,1902,2,,the-oldtimers.com
STOEWER,20 PS,1904,1905,2,,the-oldtimers.com
STOEWER,8 14 PS,1902,1905,4,,the-oldtimers.com
STOEWER,8 TYP G 14,1928,1928,1,,the-oldtimers.com
STOEWER,8 TYP S 10,1928,1930,3,,the-oldtimers.com
STOEWER,8 TYP S 8,1928,1928,1,,the-oldtimers.com
STOEWER,ARKONA,1937,1940,4,,the-oldtimers.com
STOEWER,B1,1910,1912,3,,the-oldtimers.com
STOEWER,B6,1912,1914,3,,the-oldtimers.com
STOEWER,C1,1909,1915,7,,the-oldtimers.com
STOEWER,C2,1913,1914,2,,the-oldtimers.com
STOEWER,C5,1915,1919,5,,the-oldtimers.com
STOEWER,D10,1924,1925,2,,the-oldtimers.com
STOEWER,D12,1923,1924,2,,the-oldtimers.com
STOEWER,D12V,1925,1928,4,,the-oldtimers.com
STOEWER,D2,1919,1920,2,,the-oldtimers.com
STOEWER,D3,1920,1923,4,,the-oldtimers.com
STOEWER,D5,1920,1923,4,,the-oldtimers.com
STOEWER,D6,1919,1921,3,,the-oldtimers.com
STOEWER,D7,1919,1921,3,,the-oldtimers.com
STOEWER,D9,1923,1924,2,,the-oldtimers.com
STOEWER,D9V,1925,1927,3,,the-oldtimers.com
STOEWER,F6,1927,1928,2,,the-oldtimers.com
STOEWER,G4,1907,1911,5,,the-oldtimers.com
STOEWER,GIGANT G 15,1928,1933,6,,the-oldtimers.com
STOEWER,GIGANT G 15 K,1928,1933,6,,the-oldtimers.com
STOEWER,GREIF JUNIOR,1936,1939,4,,the-oldtimers.com
STOEWER,GREIF V8,1934,1937,4,,the-oldtimers.com
STOEWER,GREIF V8 SPORT,1935,1937,3,,the-oldtimers.com
STOEWER,MARSCHALL M 12,1930,1934,5,,the-oldtimers.com
STOEWER,P2,1906,1907,2,,the-oldtimers.com
STOEWER,P4,1905,1910,6,,the-oldtimers.com
STOEWER,P4-1,1906,1910,5,,the-oldtimers.com
STOEWER,P6,1906,1911,6,,the-oldtimers.com
STOEWER,PK4,1909,1912,4,,the-oldtimers.com
STOEWER,R 140,1932,1934,3,,the-oldtimers.com
STOEWER,R 150,1934,1935,2,,the-oldtimers.com
STOEWER,R 180,1935,1935,1,,the-oldtimers.com
STOEWER,SEDINA,1937,1940,4,,the-oldtimers.com
STOEWER,V 5,1931,1932,2,,the-oldtimers.com
STUDEBAKER,CHAMPION,1946,1955,6,,the-oldtimers.com
STUDEBAKER,COMMANDER,1948,1954,3,COUPE,the-oldtimers.com
STUDEBAKER,PRESIDENT STATE,1954,1955,2,,the-oldtimers.com
STUDEBAKER,SILVER HAWK,1957,1961,5,,the-oldtimers.com
STUDEBAKER,SKY HAWK,1956,1962,6,,the-oldtimers.com
STUTZ,8,1929,1929,1,SPEEDSTER,the-oldtimers.com
STUTZ,BLACKHAWK,1971,1987,17,,the-oldtimers.com
STUTZ,DV-32,1931,1933,3,,the-oldtimers.com
SUBARU,1.8,1985,1986,2,COUPE 4WD|I COUPE,the-oldtimers.com
SUBARU,1400,1972,1979,8,,the-oldtimers.com
SUBARU,360,1958,1968,9,,the-oldtimers.com
SUBARU,ALFA,1995,1995,1,EXIGA,the-oldtimers.com
SUBARU,COUPE,1977,1984,8,1.8 AUTOMATIC|AUTOMATIC,the-oldtimers.com
SUBARU,DL,1977,1984,8,1.6 AUTOMATIC,the-oldtimers.com
SUBARU,FF-1,1966,1972,7,1300 G|1300 G SPORTS,the-oldtimers.com
SUBARU,IMPREZA,1993,1995,3,2.0 4WD TURBO|2.0 WAGON|WAGON,the-oldtimers.com
SUBARU,JUSTY,1984,1995,11,,the-oldtimers.com
SUBARU,K 111,1956,1960,5,,the-oldtimers.com
SUBARU,LEGACY,1989,1995,7,2.0 TURBO|2.0 TURBO ESTATE|2.2 GLX AWD|2.2 GX ESTATE|2.2 GX SEDAN|2.2 GX WAGON|2.2 TURBO SPORT|BG5 GT|L WAGON,the-oldtimers.com
SUBARU,LEONE,1971,1993,23,1.4 COUPE|1.4 STATION WAGON|1.6 AUTOMATIC|1.6 COUPE|1.6 COUPE AUTOMATIC|1.6 STATION WAGON|1.8 COUPE|1.8 STATION WAGON|COUPE|COUPE AUTOMATIC|STATION WAGON,the-oldtimers.com
SUBARU,MINI JUMBO,1988,1993,4,,the-oldtimers.com
SUBARU,R-2,1970,1973,4,,the-oldtimers.com
SUBARU,REX,1976,1989,14,TURBO,the-oldtimers.com
SUBARU,SVX,1992,1995,4,,the-oldtimers.com
SUBARU,VIVIO,1992,1995,4,,the-oldtimers.com
SUBARU,XT,1985,1992,8,COUPE 1.8,the-oldtimers.com
SUNBEAM,10,1941,1948,8,,the-oldtimers.com
SUNBEAM,2 LITRES,1942,1945,2,,the-oldtimers.com
SUNBEAM,2-LITRE,1941,1948,6,,the-oldtimers.com
SUNBEAM,ALPINE,1953,1976,17,AUTOMATIC,the-oldtimers.com
SUNBEAM,CHAMOIS,1970,1975,6,,the-oldtimers.com
SUNBEAM,IMP,1964,1976,12,SPORT,the-oldtimers.com
SUNBEAM,RAPIER,1957,1976,10,,the-oldtimers.com
SUNBEAM,TIGER,1964,1967,4,MK I,the-oldtimers.com
SUNBEAM,VENEZIA,1963,1964,2,,the-oldtimers.com
SUNBEAM,VOGUE,1970,1970,1,,the-oldtimers.com
SUZUKI,ALTO,1980,1994,15,TWIN CAM RS-R|WORKS|WORKS TWIN CAM RS-R,the-oldtimers.com
SUZUKI,CAPPUCCINO,1989,1995,3,,the-oldtimers.com
SUZUKI,CERVO,1977,1982,6,,the-oldtimers.com
SUZUKI,FRONTE,1962,1984,19,COUPE|COUPE GER,the-oldtimers.com
SUZUKI,JIMNY,1980,1990,11,,the-oldtimers.com
SUZUKI,LIGHT,1955,1960,6,SS|SS SEDAN,the-oldtimers.com
SUZUKI,LJ 20,1972,1976,5,,the-oldtimers.com
SUZUKI,LJ 50,1976,1981,6,,the-oldtimers.com
SUZUKI,SAMURAI,1986,1995,9,1.3I|2.0 D,the-oldtimers.com
SUZUKI,SC 100 GX,1979,1979,1,,the-oldtimers.com
SUZUKI,SJ 410,1980,1987,8,,the-oldtimers.com
SUZUKI,SJ 413,1988,1989,2,,the-oldtimers.com
SUZUKI,SWIFT,1985,1995,11,1.3 GLX SEDAN|1.3I GS CABRIOLET|CABRIOLET|GTI,the-oldtimers.com
SUZUKI,VITARA,1988,1995,3,JLX,the-oldtimers.com
SUZUKI,X90,1995,1995,1,,the-oldtimers.com
TALBOT,105,1926,1935,10,,the-oldtimers.com
TALBOT,1510,1979,1984,6,1.6 AUTOMATIC|1.9 DIESEL,the-oldtimers.com
TALBOT,2500,1955,1958,4,TOURISME RAPIDE,the-oldtimers.com
TALBOT,BABY,1951,1954,4,15 CV,the-oldtimers.com
TALBOT,HORIZON,1977,1987,10,1.4 AUTOMATIC|1.9 D,the-oldtimers.com
TALBOT,LAGO AMERICA,1957,1959,3,,the-oldtimers.com
TALBOT,LONDON,1936,1936,1,,the-oldtimers.com
TALBOT,SAMBA,1981,1986,6,,the-oldtimers.com
TALBOT,SAOUTCHIK,1948,1952,3,ROADSTER,the-oldtimers.com
TALBOT,SOLARA,1986,1986,1,1.6 SX AUTOMATIC,the-oldtimers.com
TALBOT,SPORT,1956,1957,2,,the-oldtimers.com
TALBOT,SUNBEAM-LOTUS,1979,1979,1,,the-oldtimers.com
TALBOT,T 26,1947,1958,8,GRAND SPORT|GS|MONOPLACE,the-oldtimers.com
TALBOT,TAGORA,1980,1983,4,2.7 AUTOMATIC|DIESEL,the-oldtimers.com
TATA,E,1995,1995,1,,the-oldtimers.com
TATA,ESTATE,1991,1994,4,,the-oldtimers.com
TATRA,MTX,1993,1993,1,,the-oldtimers.com
TATRA,T107,1946,1951,6,,the-oldtimers.com
TATRA,T600,1949,1952,3,TATRAPLAN,the-oldtimers.com
TATRA,T603,1955,1975,20,,the-oldtimers.com
TATRA,T613,1973,1991,17,,the-oldtimers.com
TATRA,T87,1941,1950,10,,the-oldtimers.com
TATRA,TATRAPLAN,1947,1948,2,,the-oldtimers.com
TOYOTA,1000,1968,1968,1,ESTATE,the-oldtimers.com
TOYOTA,105,1988,1988,1,,the-oldtimers.com
TOYOTA,2000GT,1968,1973,6,MF10,the-oldtimers.com
TOYOTA,4RUNNER,1988,1995,8,2.4 D|4RUNNER,the-oldtimers.com
TOYOTA,AA,1941,1941,1,,the-oldtimers.com
TOYOTA,ARISTO,1993,1993,1,,the-oldtimers.com
TOYOTA,BANDEIRANTE,1990,1995,6,,the-oldtimers.com
TOYOTA,BLIZZARD,1980,1992,13,2.4 D,the-oldtimers.com
TOYOTA,CAMRY,1982,1994,12,1.8 D|1.8 LIFTBACK|1.8 WAGON|2.0 D|2.0 D STATION WAGON|2.0 LIFTBACK|2.0 STATION WAGON|2.5 D|2.5 STATION WAGON|200 SI|200I|220 LE|3.0 LE ESTATE|3.0 V6 GXI|AUTOMATIC|COUPE SE|LE|LIFTBACK|LIFTBACK 1.8|STATION WAGON|TURBO DIESEL,the-oldtimers.com
TOYOTA,CARINA,1970,1995,24,1.6 BREAK|1.6 BREAK AUTOMATIC|1.6 HARDTOP|1.8 D STATION WAGON|1.8 HARDTOP|1.8 LIFTBACK|1400 DE LUXE|1600 AUTOMATIC|1600 BREAK|1600 BREAK AUTOMATIC|1600 DE LUXE HARDTOP|1600 GT|1600 STATION WAGON|2.0 D|2.0 D E WAGON|2.0 D LIFTBACK|2.0 D SEDAN|2.0 HARDTOP|BREAK|BREAK AUTOMATIC|E|E SEDAN|E WAGON|ESEDAN|HARDTOP|LIFTBACK|STATION WAGON,the-oldtimers.com
TOYOTA,CELICA,1972,1995,18,1.6 AUTOMATIC|1.6 LIFTBACK|1.8 AUTOMATIC|1600 LIFTBACK|1600 LIFTBACK AUTOMATIC|1600 ST|2.0 AUTOMATIC|2.0 SUPRA|2.0 XT COUPE|2.6 XX|2.8 SUPRA|2.8 SUPRA AUTOMATIC|2000 GT LIFTBACK|2000 SUPRA|2000 SUPRA AUTOMATIC|2000 XT LIFTBACK AUTOMATIC|2600 XX|GT|GT 4|GT CABRIOLET|GT CONVERTIBLE|GT LIFTBACK|LIFTBACK|LIFTBACK AUTOMATIC|SUPRA|SUPRA AUTOMATIC|XX,the-oldtimers.com
TOYOTA,CENTURY,1967,1995,28,3.0 AUTOMATIC|AUTOMATIC|DIESEL|VG 20,the-oldtimers.com
TOYOTA,COROLLA,1966,1995,30,1.3 AUTOMATIC|1.3 HATCHBACK|1.3 LIFTBACK|1.3 SALOON|1.3 SEDAN|1.3 STATION WAGON|1.4 LIFTBACK|1.4 LIFTBACK AUTOMATIC|1.5 AUTOMATIC|1.5 COUPE|1.5 COUPE AUTOMATIC|1.6 HATCHBACK|1.6 LIFTBACK|1.6 LIFTBACK AUTOMATIC|1.6 SALOON|1.6 SEDAN|1.6 SEDAN AUTOMATIC|1.6 SR COUPE|1.8 AUTOMATIC|1.8 COUPE|1.8 D|1.8 D HATCHBACK|1.8 D STATION WAGON|1.8 SEDAN|1.8 SEDAN AUTOMATIC|1200 COUPE|1200 HI-DE LUXE|1200 SL|1200 SL COUPE|1200 STATION WAGON|1300 AUTOMATIC|1300 CUSTOM DX|1300 ESTATE|1400 HI-DE LUXE|1400 SL|1400 SL COUPE|1500 DX|1600 LIFTBACK|1800 DX|2.0 D HATCHBACK|2.0 D SEDAN|2.0 SEDAN|2.0 STATION WAGON|AUTOMATIC|AVANTE GLI MK 5|COUPE|COUPE AUTOMATIC|EXECUTIVE LIFTBACK|GT COUPE|HATCHBACK|HATCHBACK 1.3|KE 10|KE 20|KE 20 STATION WAGON|KE 30|KE 30 1.4|KE 30 1.4 AUTOMATIC|KE 30 1.6|KE 30 1.6 AUTOMATIC|KE10|KE10 1200|LEVIN|LEVIN COUPE|LIFTBACK|SEDAN|SEDAN AUTOMATIC|SPRINTER|SPRINTER 1200|SR|STATION WAGON,the-oldtimers.com
TOYOTA,CORONA,1957,1983,25,1.6 AUTOMATIC|1.6 LIFTBACK|1.6 LIFTBACK AUTOMATIC|1.6LIFTBACK|1.6LIFTBACK AUTOMATIC|1.8 LIFTBACK|1.8 LIFTBACK AUTOMATIC|1.8 RT 100|1500 DX|1900 MK II|2.0 AUTOMATIC|2.0 LIFTBACK|2.0 LIFTBACK AUTOMATIC|2.0 RT 100|2.0 RT 100 AUTOMATIC|2.2 AUTOMATIC|2.2 LIFTBACK|2.2 LIFTBACK AUTOMATIC|2.2 RT 100|2.2 RT 100 AUTOMATIC|2.4 AUTOMATIC|2.4 LIFTBACK|2.4 LIFTBACK AUTOMATIC|AUTOMATIC|LIFTBACK|LIFTBACK AUTOMATIC|MK II|MK II GSS HARDTOP|MK II HARD TOP|MK II STATION WAGON|PT 20|PT20|RT 100|RT 100 AUTOMATIC|RT 40|RT 80|RT40|ST 10|ST10,the-oldtimers.com
TOYOTA,CORSA,1978,1983,6,,the-oldtimers.com
TOYOTA,CRESSIDA,1977,1993,10,2.0 GL STATION WAGON|2.2 D|2.4 GLE|2.8 RSI|2.8I AUTOMATIC|2000 ESTATE|3.0I TWIN CAM 24 AUTOMATIC|GLI-6|MARK II,the-oldtimers.com
TOYOTA,CROWN,1955,1995,30,2.2 D|2.2 D AUTOMATIC|2.2 D BREAK|2.2 D BREAK AUTOMATIC|2.4 D|2.4 D AUTOMATIC|2.8 AUTOMATIC|AUTOMATIC|BREAK|BREAK AUTOMATIC|CUSTOM STATION WAGON|DELUXE 2300|EIGHT|HARDTOP|SEDAN,the-oldtimers.com
TOYOTA,HI-ACE,1995,1995,1,,the-oldtimers.com
TOYOTA,HILUX,1984,1986,2,1600 SWB|2200 4X4,the-oldtimers.com
TOYOTA,LAND CRUISER,1960,1995,36,3.0 D LWB|40 3.0 D|40 LONG|45 PICKUP|62 WAGON|70 3.4 D|70 LONG|70 LWB|70 LWB 3.4 D|75 PICKUP|75 TROOP C|77 WAGON|80 WAGON|80 WAGON 4.0 D|80 WAGON 4.2 D|80 WAGON 4.5|II 3.0 TD|LWB|PICKUP|WAGON|WAGON 4.0 D|WAGON 4.0 DIESEL,the-oldtimers.com
TOYOTA,LEXCEN,1988,1995,6,3.8 AUTOMATIC|AUTOMATIC,the-oldtimers.com
TOYOTA,LITE ACE,1986,1992,7,,the-oldtimers.com
TOYOTA,MARK II,1976,1979,4,,the-oldtimers.com
TOYOTA,MASTER RR,1956,1960,4,,the-oldtimers.com
TOYOTA,MEGA CRUISER,1995,1995,1,,the-oldtimers.com
TOYOTA,MODEL F,1982,1991,10,2.0 AUTOMATIC|AUTOMATIC,the-oldtimers.com
TOYOTA,MR2,1984,1995,8,TURBO,the-oldtimers.com
TOYOTA,MRJ,1995,1995,1,,the-oldtimers.com
TOYOTA,PASEO,1992,1992,1,,the-oldtimers.com
TOYOTA,PREVIA,1991,1995,5,,the-oldtimers.com
TOYOTA,PUBLICA,1961,1978,16,STARLET|STATION WAGON|UP 10|UP10,the-oldtimers.com
TOYOTA,RAV4,1994,1995,2,,the-oldtimers.com
TOYOTA,SA,1947,1952,6,,the-oldtimers.com
TOYOTA,SERA,1990,1992,2,,the-oldtimers.com
TOYOTA,SOARER,1981,1986,6,2.0 AUTOMATIC|2.8 AUTOMATIC|AUTOMATIC,the-oldtimers.com
TOYOTA,SPORT 800,1964,1970,7,,the-oldtimers.com
TOYOTA,SPRINTER,1970,1984,14,1200 HI DE LUXE|1400 SL|KE 25|KE 40|TRUENO,the-oldtimers.com
TOYOTA,STARLET,1978,1995,13,1.5 D|GL|GLANZA,the-oldtimers.com
TOYOTA,SUPER,1953,1958,5,,the-oldtimers.com
TOYOTA,SUPRA,1982,1995,11,GT TURBO A|MK II|MK III|MK IV|TURBO|TWIN TURBO,the-oldtimers.com
TOYOTA,TERCEL,1978,1986,6,1.3 AUTOMATIC|1.5 LIFTBACK|AUTOMATIC|LIFTBACK|LIFTBACK AUTOMATIC,the-oldtimers.com
TOYOTA,VENTURE,1994,1995,2,,the-oldtimers.com
TRABANT,P 50,1958,1958,1,,the-oldtimers.com
TRABANT,P 601,1963,1991,29,,the-oldtimers.com
TRABANT,P 70,1955,1959,5,,the-oldtimers.com
TRABANT,UNIVERSAL,1960,1965,5,,the-oldtimers.com
TRIUMPH,10 BREAK,1954,1956,2,,the-oldtimers.com
TRIUMPH,1300,1966,1970,5,,the-oldtimers.com
TRIUMPH,1500,1970,1973,4,TC,the-oldtimers.com
TRIUMPH,1800,1946,1946,1,,the-oldtimers.com
TRIUMPH,2.5,1968,1968,1,PI,the-oldtimers.com
TRIUMPH,2000,1963,1975,13,MK II ESTATE,the-oldtimers.com
TRIUMPH,ACCLAIM,1981,1984,4,,the-oldtimers.com
TRIUMPH,DOLOMITE,1972,1980,9,SPRINT,the-oldtimers.com
TRIUMPH,DOVE GTR4,1961,1964,4,,the-oldtimers.com
TRIUMPH,GT6,1966,1973,8,MK I|MK III,the-oldtimers.com
TRIUMPH,HERALD,1959,1970,9,CABRIOLET|CABRIOLET 1000|CABRIOLET 1100|COUPE|SALOON,the-oldtimers.com
TRIUMPH,MAYFLOWER,1949,1953,5,,the-oldtimers.com
TRIUMPH,RENOWN,1949,1952,3,,the-oldtimers.com
TRIUMPH,ROADSTER,1946,1950,4,TRX,the-oldtimers.com
TRIUMPH,SPITFIRE,1963,1980,15,1.5 MK IV|MK I|MK II|MK III|MK IV,the-oldtimers.com
TRIUMPH,STAG,1970,1977,7,,the-oldtimers.com
TRIUMPH,TOLEDO,1970,1976,7,,the-oldtimers.com
TRIUMPH,TR2,1952,1955,4,,the-oldtimers.com
TRIUMPH,TR3,1955,1962,7,,the-oldtimers.com
TRIUMPH,TR4,1961,1964,4,,the-oldtimers.com
TRIUMPH,TR5,1967,1967,1,,the-oldtimers.com
TRIUMPH,TR6,1969,1976,8,,the-oldtimers.com
TRIUMPH,TR7,1975,1981,7,AUTOMATIC|CABRIOLET,the-oldtimers.com
TRIUMPH,TR8,1979,1980,2,,the-oldtimers.com
TRIUMPH,VITESSE,1961,1968,8,2.0 CABRIOLET|CABRIOLET,the-oldtimers.com
TVR,1600,1972,1972,1,M,the-oldtimers.com
TVR,2500,1971,1971,1,M,the-oldtimers.com
TVR,3000,1975,1980,6,S|T|T 3.0,the-oldtimers.com
TVR,350I,1983,1983,1,,the-oldtimers.com
TVR,390,1985,1985,1,SE,the-oldtimers.com
TVR,400,1989,1989,1,SE,the-oldtimers.com
TVR,420,1987,1987,1,SEAC,the-oldtimers.com
TVR,CERBERA,1993,1995,3,,the-oldtimers.com
TVR,CHIMAERA,1993,1994,2,,the-oldtimers.com
TVR,GRANTURA,1958,1967,9,II|III|III 1300|III 1600|III 1800|IV,the-oldtimers.com
TVR,GRIFFITH,1963,1994,9,,the-oldtimers.com
TVR,M,1972,1977,6,,the-oldtimers.com
TVR,S,1987,1987,1,,the-oldtimers.com
TVR,S2,1988,1989,2,C,the-oldtimers.com
TVR,SE,1984,1991,8,,the-oldtimers.com
TVR,SPEED EIGHT,1989,1989,1,,the-oldtimers.com
TVR,TAIMAR,1972,1972,1,,the-oldtimers.com
TVR,TASMIN,1980,1987,7,CONVERTIBLE,the-oldtimers.com
TVR,TRIDENT,1965,1965,1,,the-oldtimers.com
TVR,TUSCAN,1967,1988,5,SE|V6|V8,the-oldtimers.com
TVR,TYPE S,1987,1994,7,,the-oldtimers.com
TVR,V8 S,1990,1990,1,,the-oldtimers.com
TVR,VIXEN,1967,1973,7,1.6 S3|S1|S2|S3,the-oldtimers.com
VANDEN PLAS,PRINCESS,1959,1964,6,,the-oldtimers.com
VAUXHALL,ASTRA,1979,1991,12,1.6 AUTOMATIC|1.6 D|1.6 D AUTOMATIC|1.7 D|AUTOMATIC,the-oldtimers.com
VAUXHALL,BELMONT,1985,1989,5,1.6 AUTOMATIC|1.6 D|1.6 D AUTOMATIC|1.7 D|AUTOMATIC,the-oldtimers.com
VAUXHALL,CALIBRA,1994,1994,1,,the-oldtimers.com
VAUXHALL,CARLTON,1978,1995,18,2.0 ESTATE|2.0 ESTATE AUTOMATIC|2.3 D|2.3 D ESTATE|2.3 D ESTATE AUTOMATIC|ESTATE|ESTATE AUTOMATIC,the-oldtimers.com
VAUXHALL,CAVALIER,1975,1992,8,1.6 COUPE|1.6 SPORTHATCH|2.0 COUPE|2.0 SPORTHATCH|COUPE|SPORTHATCH|SPORTS HATCH,the-oldtimers.com
VAUXHALL,CHEVETTE,1975,1984,10,2.3 HATCHBACK|ESTATE|HATCHBACK|L,the-oldtimers.com
VAUXHALL,CRESTA,1954,1964,2,,the-oldtimers.com
VAUXHALL,FIRENZA,1971,1974,4,,the-oldtimers.com
VAUXHALL,MAGNUM,1973,1973,1,MAGNUM 1800 ESTATE CAR,the-oldtimers.com
VAUXHALL,MAXX,1995,1995,1,,the-oldtimers.com
VAUXHALL,NOVA,1982,1993,10,,the-oldtimers.com
VAUXHALL,ROYALE,1978,1982,5,COUPE,the-oldtimers.com
VAUXHALL,TIGRA,1994,1994,1,,the-oldtimers.com
VAUXHALL,VELOX,1957,1965,6,2.7 PA|PA,the-oldtimers.com
VAUXHALL,VENTORA,1970,1970,1,,the-oldtimers.com
VAUXHALL,VICTOR,1957,1974,13,FA|FB|FC,the-oldtimers.com
VAUXHALL,VISCOUNT,1966,1972,7,,the-oldtimers.com
VAUXHALL,VIVA,1967,1968,2,BRABHAM|GT,the-oldtimers.com
VAUXHALL,VX4,1961,1967,5,,the-oldtimers.com
VAUXHALL,WYVERN,1951,1957,7,,the-oldtimers.com
VECTOR,WIEGERT,1991,1991,1,VECTOR W8 TWIN TURBO,the-oldtimers.com
VENTURI,400,1995,1995,1,,the-oldtimers.com
VENTURI,ATLANTIQUE,1995,1995,1,,the-oldtimers.com
VENTURI,CABRIOLET,1985,1995,10,,the-oldtimers.com
VENTURI,COUPE,1985,1995,10,,the-oldtimers.com
VOLKSWAGEN,1302,1967,1980,14,,the-oldtimers.com
VOLKSWAGEN,1303,1967,1973,3,,the-oldtimers.com
VOLKSWAGEN,1500,1961,1965,5,CABRIOLET,the-oldtimers.com
VOLKSWAGEN,1600,1965,1973,9,KARMANN-GHIA COUPE|L|L VARIANT|TL|TL FASTBACK,the-oldtimers.com
VOLKSWAGEN,181,1969,1980,12,,the-oldtimers.com
VOLKSWAGEN,411,1968,1972,4,LE|LE VARIANT,the-oldtimers.com
VOLKSWAGEN,BEETLE,1946,1980,35,1.5 CABRIOLET|1.6 CABRIOLET|CABRIOLET,the-oldtimers.com
VOLKSWAGEN,CARAVELLE,1993,1995,3,1.9 D|2.4 D|2.5 D,the-oldtimers.com
VOLKSWAGEN,CITI,1978,1978,1,GOLF|GOLF 1.6|GOLF 1.8,the-oldtimers.com
VOLKSWAGEN,CORRADO,1988,1995,8,VR6,the-oldtimers.com
VOLKSWAGEN,DERBY,1977,1981,5,,the-oldtimers.com
VOLKSWAGEN,FUSCA,1995,1995,1,,the-oldtimers.com
VOLKSWAGEN,GOL,1994,1995,2,II|II 1.8|II 2.0,the-oldtimers.com
VOLKSWAGEN,GOLF,1974,1995,22,1.3 C|1.4 CL|1.5 AUTOMATIC|1.5 D|1.6 C|1.6 D|1.6 TURBO DIESEL|1.8 CABRIOLET|1.8 CL|1.8 GL|1.9 CL UMWELT|1.9 D VARIANT|2.0 GTI|2.0 VARIANT|CABRIOLET|COUNTRY|G 60|GTI|GTS|L DIESEL|LIMITED EDITION|LS|RALLY|VARIANT|VR6,the-oldtimers.com
VOLKSWAGEN,ILTIS,1977,1982,5,,the-oldtimers.com
VOLKSWAGEN,JETTA,1977,1990,13,1.6 D|C|CL TD|DIESEL|GTI|TURBO DIESEL,the-oldtimers.com
VOLKSWAGEN,K 70,1970,1974,5,S,the-oldtimers.com
VOLKSWAGEN,KARMANN-GHIA,1955,1974,20,1.2 CABRIOLET|1.3 CABRIOLET|1.5 CABRIOLET|1.6 COUPE|1200 COUPE|1300 CABRIOLET 34|1500 COUPE|1500 COUPE 14|1500 COUPE 34|1600 COUPE|CABRIOLET|CABRIOLET 14|CABRIOLET 34|CABRIOLET TYPE 14|CABRIOLET TYPE 34|COUPE|COUPE 14|COUPE 34|COUPE TYPE 14|COUPE TYPE 34,the-oldtimers.com
VOLKSWAGEN,NEW BEETLE,1994,1994,1,,the-oldtimers.com
VOLKSWAGEN,PARATI,1994,1995,2,,the-oldtimers.com
VOLKSWAGEN,PASSAT,1973,1995,23,1.5 D|1.5 D VARIANT|1.5 VARIANT|1.6 D|1.6 D VARIANT|1.6 VARIANT|1.8 VARIANT|1.9 D|1.9 D VARIANT|2.0 VARIANT|2.8 VARIANT|C DIESEL ESTATE|C TURBO DIESEL ESTATE|CL 1.8 ESTATE|CL 1.9 TDI ESTATE|GL|GLS|GLS ESTATE|GT G60 SYNCRO|GT G60 SYNCRO VARIANT|L ESTATE DIESEL|LS|LS ESTATE|VARIANT,the-oldtimers.com
VOLKSWAGEN,POLO,1976,1995,12,1.05 CL|1.3 COUPE|1.3 D|1.3 D COUPE|COUPE|COUPE GT G40|GL 1.6|N,the-oldtimers.com
VOLKSWAGEN,QUANTUM,1988,1995,8,AUTOMATIC,the-oldtimers.com
VOLKSWAGEN,RABBIT,1975,1984,10,1.5 D|1.5 D AUTOMATIC|1.6 AUTOMATIC|1.6 D|1.6 D AUTOMATIC|1.7 AUTOMATIC|1.8 AUTOMATIC|AUTOMATIC,the-oldtimers.com
VOLKSWAGEN,SANTANA,1981,1982,2,CX|GX|GX AUTOMATIC|GX TURBODIESEL|LX|LX DIESEL,the-oldtimers.com
VOLKSWAGEN,SCHWIMMWAGEN,1941,1945,5,,the-oldtimers.com
VOLKSWAGEN,SCIROCCO,1974,1986,10,1.5 CL|1.5 S COUPE|COUPE|GLS|GT|GT AUTOMATIC|SCALA,the-oldtimers.com
VOLKSWAGEN,SEDAN,1967,1967,1,,the-oldtimers.com
VOLKSWAGEN,SHARAN,1995,1995,1,1.9 D,the-oldtimers.com
VOLKSWAGEN,SP,1974,1974,1,,the-oldtimers.com
VOLKSWAGEN,SP2,1972,1976,4,,the-oldtimers.com
VOLKSWAGEN,T1,1950,1967,17,,the-oldtimers.com
VOLKSWAGEN,T2,1967,1979,13,,the-oldtimers.com
VOLKSWAGEN,TYPE 3 SQUAREBACK,1970,1970,1,AUTOMATIC,the-oldtimers.com
VOLKSWAGEN,VENTO,1992,1992,1,1.6 CL|1.9 TURBODIESEL CL|2.0 GT,the-oldtimers.com
VOLVO,120,1956,1970,15,,the-oldtimers.com
VOLVO,122,1965,1965,1,S,the-oldtimers.com
VOLVO,140,1970,1974,4,,the-oldtimers.com
VOLVO,144,1966,1966,1,GL|S,the-oldtimers.com
VOLVO,145,1968,1973,5,,the-oldtimers.com
VOLVO,164,1969,1980,10,TE,the-oldtimers.com
VOLVO,1800,1969,1973,3,E|ES|ES 2.0,the-oldtimers.com
VOLVO,220,1961,1965,4,,the-oldtimers.com
VOLVO,240,1975,1992,14,2.4 D|TURBO,the-oldtimers.com
VOLVO,242,1986,1986,1,,the-oldtimers.com
VOLVO,244,1974,1989,3,DL|GLE|GLE AUTOMATIC|GLT,the-oldtimers.com
VOLVO,245,1974,1992,9,2.4 D|GLE ESTATE|GLE ESTATE AUTOMATIC,the-oldtimers.com
VOLVO,260,1975,1982,8,2.4 D|AUTOMATIC,the-oldtimers.com
VOLVO,264,1975,1978,2,GL|GL ESTATE,the-oldtimers.com
VOLVO,265,1976,1982,7,2.4 D|AUTOMATIC,the-oldtimers.com
VOLVO,343,1974,1981,7,AUTOMATIC,the-oldtimers.com
VOLVO,360,1982,1991,10,GLE|SEDAN,the-oldtimers.com
VOLVO,440,1988,1995,8,1.9 D|GLE|GLTI|TURBO,the-oldtimers.com
VOLVO,460,1989,1995,7,1.6I|1.9 D|2.0I GLE|GL|TURBO,the-oldtimers.com
VOLVO,480,1987,1994,8,CONVERTIBLE|CONVERTIBLE 1.7|CONVERTIBLE 2.0|ES|TURBO,the-oldtimers.com
VOLVO,66,1975,1980,6,1.3 AUTOMATIC|AUTOMATIC|BREAK|BREAK 1.3|BREAK 1.3 AUTOMATIC|BREAK AUTOMATIC,the-oldtimers.com
VOLVO,740,1983,1989,7,2.4 D|GLE|GLT|TURBO,the-oldtimers.com
VOLVO,760,1983,1989,5,2.4 D|GLE,the-oldtimers.com
VOLVO,780,1985,1990,2,COUPE TURBO|COUPE V6|TURBODIESEL,the-oldtimers.com
VOLVO,850,1991,1995,5,2.0 SE ESTATE|BREAK|BREAK 2.3|GLT 2.5|R|T5,the-oldtimers.com
VOLVO,940,1990,1990,1,S|TURBO,the-oldtimers.com
VOLVO,960,1990,1995,6,2.4 D,the-oldtimers.com
VOLVO,C 202,1977,1977,1,LAPLANDER,the-oldtimers.com
VOLVO,DUETT,1953,1957,5,,the-oldtimers.com
VOLVO,P 1800,1960,1972,12,,the-oldtimers.com
VOLVO,P 1900,1956,1957,2,,the-oldtimers.com
VOLVO,P 210 DUETT,1962,1969,8,,the-oldtimers.com
VOLVO,PV,1941,1941,1,,the-oldtimers.com
VOLVO,PV 444,1944,1958,15,,the-oldtimers.com
VOLVO,PV 544,1958,1966,9,,the-oldtimers.com
VOLVO,PV 60,1946,1949,4,,the-oldtimers.com
VOLVO,PV 801-10,1942,1943,2,,the-oldtimers.com
WANDERER,5 12 PS,1912,1914,3,,the-oldtimers.com
WANDERER,W1,1912,1913,2,,the-oldtimers.com
WANDERER,W10,1926,1932,7,,the-oldtimers.com
WANDERER,W11,1928,1933,6,,the-oldtimers.com
WANDERER,W14,1931,1932,2,,the-oldtimers.com
WANDERER,W15,1932,1932,1,,the-oldtimers.com
WANDERER,W17,1932,1933,2,,the-oldtimers.com
WANDERER,W2,1913,1914,2,,the-oldtimers.com
WANDERER,W20,1932,1933,2,,the-oldtimers.com
WANDERER,W21,1933,1935,3,,the-oldtimers.com
WANDERER,W22,1933,1939,7,,the-oldtimers.com
WANDERER,W23,1937,1941,5,,the-oldtimers.com
WANDERER,W24,1937,1940,4,,the-oldtimers.com
WANDERER,W245,1935,1935,1,,the-oldtimers.com
WANDERER,W250,1935,1935,1,,the-oldtimers.com
WANDERER,W25K,1936,1938,3,,the-oldtimers.com
WANDERER,W26,1937,1940,4,,the-oldtimers.com
WANDERER,W3,1914,1919,6,,the-oldtimers.com
WANDERER,W4,1919,1924,6,,the-oldtimers.com
WANDERER,W45,1936,1938,3,,the-oldtimers.com
WANDERER,W50,1936,1938,3,,the-oldtimers.com
WANDERER,W51,1936,1938,3,,the-oldtimers.com
WANDERER,W52,1937,1937,1,,the-oldtimers.com
WANDERER,W6,1921,1923,3,,the-oldtimers.com
WANDERER,W8,1925,1926,2,,the-oldtimers.com
WANDERER,W9,1923,1925,3,,the-oldtimers.com
WANDERER,WANDERER W23S,1937,1939,3,,the-oldtimers.com
WARTBURG,1.3 L TOURIST,1988,1991,4,,the-oldtimers.com
WARTBURG,311,1955,1966,10,BREAK|CABRIOLET,the-oldtimers.com
WARTBURG,312,1955,1967,9,BREAK,the-oldtimers.com
WARTBURG,353,1966,1967,2,BREAK|W,the-oldtimers.com
WARTBURG,SPORTS CONVERTIBLE,1957,1957,1,,the-oldtimers.com
WESTFIELD,ZEI,1982,1995,14,,the-oldtimers.com
WHIPPET,FOUR 96,1926,1928,3,,the-oldtimers.com
WHIPPET,FOUR 96A,1928,1931,4,,the-oldtimers.com
WHIPPET,OVERLAND,1926,1931,6,,the-oldtimers.com
WHIPPET,SIX 93A,1927,1928,2,,the-oldtimers.com
WHIPPET,SIX 98,1928,1928,1,,the-oldtimers.com
WHIPPET,SIX 98A,1930,1930,1,,the-oldtimers.com
WHIPPET,SIX C101,1929,1930,2,,the-oldtimers.com
WILLYS OVERLAND,AERO,1964,1964,1,WILLYS 2600,the-oldtimers.com
WILLYS OVERLAND,AERO-WILLYS 2600,1963,1968,5,,the-oldtimers.com
WILLYS OVERLAND,DAUPHINE,1959,1968,8,,the-oldtimers.com
WILLYS OVERLAND,INTERLAGOS,1962,1967,6,,the-oldtimers.com
WILLYS OVERLAND,JEEP,1941,1941,1,MB,the-oldtimers.com
WILLYS OVERLAND,RURAL,1958,1959,2,,the-oldtimers.com
WILLYS-KNIGHT,20,1920,1922,3,,the-oldtimers.com
WILLYS-KNIGHT,27,1922,1922,1,,the-oldtimers.com
WILLYS-KNIGHT,56,1928,1929,2,,the-oldtimers.com
WILLYS-KNIGHT,64,1923,1925,2,,the-oldtimers.com
WILLYS-KNIGHT,65,1925,1925,1,,the-oldtimers.com
WILLYS-KNIGHT,66,1925,1926,2,,the-oldtimers.com
WILLYS-KNIGHT,66 A,1927,1929,3,,the-oldtimers.com
WILLYS-KNIGHT,66 B,1930,1930,1,,the-oldtimers.com
WILLYS-KNIGHT,66 D,1931,1932,2,,the-oldtimers.com
WILLYS-KNIGHT,66 E,1933,1933,1,,the-oldtimers.com
WILLYS-KNIGHT,67,1923,1925,3,,the-oldtimers.com
WILLYS-KNIGHT,70,1926,1926,1,,the-oldtimers.com
WILLYS-KNIGHT,70 A,1927,1929,3,,the-oldtimers.com
WILLYS-KNIGHT,70 B,1929,1930,2,,the-oldtimers.com
WILLYS-KNIGHT,84 84B,1916,1917,2,,the-oldtimers.com
WILLYS-KNIGHT,87,1930,1931,2,,the-oldtimers.com
WILLYS-KNIGHT,88-4,1917,1919,3,,the-oldtimers.com
WILLYS-KNIGHT,88-6,1917,1917,1,,the-oldtimers.com
WILLYS-KNIGHT,88-8,1917,1920,4,,the-oldtimers.com
WILLYS-KNIGHT,95 DELUXE,1931,1932,2,,the-oldtimers.com
WILLYS-KNIGHT,K 17,1915,1915,1,,the-oldtimers.com
WILLYS-KNIGHT,K 19,1915,1915,1,,the-oldtimers.com
WOLGA,GAZ 21,1956,1970,15,,the-oldtimers.com
WOLGA,GAZ 24,1967,1992,26,,the-oldtimers.com
WOLGA,GAZ 31,1982,1995,14,,the-oldtimers.com
WOLSELEY,10,1919,1948,16,,the-oldtimers.com
WOLSELEY,10 40,1936,1937,2,,the-oldtimers.com
WOLSELEY,11 22,1924,1928,5,,the-oldtimers.com
WOLSELEY,1100 1300,1965,1974,10,,the-oldtimers.com
WOLSELEY,12 16,1909,1909,1,,the-oldtimers.com
WOLSELEY,12 32,1928,1930,3,,the-oldtimers.com
WOLSELEY,12 48,1936,1948,13,,the-oldtimers.com
WOLSELEY,14,1922,1936,5,,the-oldtimers.com
WOLSELEY,14 56,1936,1938,3,,the-oldtimers.com
WOLSELEY,14 60,1938,1948,11,,the-oldtimers.com
WOLSELEY,15,1919,1924,6,,the-oldtimers.com
WOLSELEY,15 50,1956,1958,3,,the-oldtimers.com
WOLSELEY,15 60,1958,1961,4,,the-oldtimers.com
WOLSELEY,1500,1957,1965,9,,the-oldtimers.com
WOLSELEY,16,1933,1935,3,,the-oldtimers.com
WOLSELEY,16 20,1909,1909,1,,the-oldtimers.com
WOLSELEY,16 35,1924,1927,4,,the-oldtimers.com
WOLSELEY,16 45,1927,1931,5,,the-oldtimers.com
WOLSELEY,16 60,1961,1979,11,,the-oldtimers.com
WOLSELEY,16 65,1938,1941,4,,the-oldtimers.com
WOLSELEY,18,1935,1935,1,,the-oldtimers.com
WOLSELEY,18 80,1937,1938,2,,the-oldtimers.com
WOLSELEY,18 85,1938,1971,16,,the-oldtimers.com
WOLSELEY,20,1919,1924,6,,the-oldtimers.com
WOLSELEY,21 60,1928,1931,4,,the-oldtimers.com
WOLSELEY,24 30,1909,1924,4,,the-oldtimers.com
WOLSELEY,24 55,1924,1927,4,,the-oldtimers.com
WOLSELEY,24 80,1962,1965,4,,the-oldtimers.com
WOLSELEY,25,1938,1948,11,,the-oldtimers.com
WOLSELEY,30 34,1909,1909,1,,the-oldtimers.com
WOLSELEY,32 80,1929,1930,2,,the-oldtimers.com
WOLSELEY,4 44,1952,1956,5,,the-oldtimers.com
WOLSELEY,4 50,1948,1953,6,,the-oldtimers.com
WOLSELEY,40,1909,1909,1,,the-oldtimers.com
WOLSELEY,5,1904,1904,1,,the-oldtimers.com
WOLSELEY,6,1904,1904,1,,the-oldtimers.com
WOLSELEY,6 110,1961,1968,8,,the-oldtimers.com
WOLSELEY,6 80,1948,1954,7,,the-oldtimers.com
WOLSELEY,6 90,1954,1959,6,,the-oldtimers.com
WOLSELEY,6 99,1959,1961,3,,the-oldtimers.com
WOLSELEY,60,1909,1909,1,,the-oldtimers.com
WOLSELEY,7,1919,1923,5,,the-oldtimers.com
WOLSELEY,7 1 2,1904,1904,1,,the-oldtimers.com
WOLSELEY,8,1946,1948,3,,the-oldtimers.com
WOLSELEY,9,1934,1935,2,,the-oldtimers.com
WOLSELEY,COUNTY,1933,1935,3,,the-oldtimers.com
WOLSELEY,HORNET,1961,1969,9,,the-oldtimers.com
WOLSELEY,HORNET SIX,1930,1936,7,,the-oldtimers.com
WOLSELEY,OXFORD TAXI,1947,1955,9,,the-oldtimers.com
WOLSELEY,SIX,1972,1975,4,,the-oldtimers.com
WOLSELEY,SUPER SIX,1935,1937,3,,the-oldtimers.com
WOLSELEY,VIPER,1931,1932,2,,the-oldtimers.com
WOLSELEY,WASP,1935,1936,2,,the-oldtimers.com
XEDOS,6,1993,1995,3,AUTOMATIC,the-oldtimers.com
ZAGATO,FERRARI 3Z,1972,1972,1,,the-oldtimers.com
ZAGATO,HYENA,1993,1993,1,,the-oldtimers.com
ZAGATO,ZETA,1983,1983,1,,the-oldtimers.com
ZASTAVA,102,1981,1983,3,,the-oldtimers.com
ZASTAVA,1300,1963,1980,13,,the-oldtimers.com
ZASTAVA,132,1975,1982,8,,the-oldtimers.com
ZASTAVA,1500,1964,1982,11,FAMILIARE,the-oldtimers.com
ZASTAVA,2101,1970,1983,14,,the-oldtimers.com
ZASTAVA,65,1992,1995,4,,the-oldtimers.com
ZASTAVA,750,1962,1988,11,,the-oldtimers.com
ZASTAVA,850 K,1964,1981,16,,the-oldtimers.com
ZASTAVA,YUGO,1986,1988,3,55A GLS|65A GLX|FLORIDA 1.3|FLORIDA 1.4|FLORIDA 1.6,the-oldtimers.com
ZAZ,966,1965,1972,8,,the-oldtimers.com
ZAZ,JALTA,1960,1967,7,,the-oldtimers.com
ZAZ,SLAVUTA,1994,1995,2,,the-oldtimers.com
ZAZ,WAGON,1994,1995,2,,the-oldtimers.com
ZIL,114,1969,1973,5,,the-oldtimers.com
ZIL,117,1971,1978,8,,the-oldtimers.com
ZIL,4104,1978,1989,9,,the-oldtimers.com
ZUNDAPP,JANUS,1957,1958,2,,the-oldtimers.com
