marca,modelo,geracoes,trims,carrocerias,n_urls,fonte
ABARTH,1000SP,,,,1,classic.com
ABARTH,207A,,,,1,classic.com
ABARTH,208A,,,,1,classic.com
ABARTH,OT 1300,,,,1,classic.com
ABARTH,OT 2000,,,,1,classic.com
ABARTH,SE 018 MILLINO,,,,1,classic.com
AC,10HP,,,,1,classic.com
AC,12HP,,,,1,classic.com
AC,2 LITRE,,,,1,classic.com
AC,3000ME,,,,1,classic.com
AC,378 GT,,,,1,classic.com
AC,ACE,,,,1,classic.com
AC,ACECA,,,,1,classic.com
AC,BROOKLANDS ACE,,,,1,classic.com
AC,FRUA,,,,1,classic.com
AC,GREYHOUND,,,,1,classic.com
AC,PETITE,,,,1,classic.com
AC,SIX,,,,1,classic.com
AC,SOCIABLE,,,,1,classic.com
ACADIAN,BEAUMONT,,,,1,classic.com
ACADIAN,CANSO,,,,1,classic.com
ACADIAN,INVADER,,,,1,classic.com
ACURA,CL,,,,1,classic.com
ACURA,INTEGRA,,FIFTH GENERATION|FIRST GENERATION|GS|GS R|LS|RS|SECOND GENERATION|THIRD GENERATION|TYPE R|TYPE S,,17,classic.com
ACURA,LEGEND,1ST GEN|2ND GEN,,,3,classic.com
ACURA,NSX,1ST GEN|2ND GEN|NA1|NA2,FACELIFT|PRE FACELIFT|TYPE S|ZANARDI,COUPE|TARGA,13,classic.com
ACURA,RL,,,,1,classic.com
ACURA,RSX,,TYPE S,,3,classic.com
ACURA,SLX,,,,1,classic.com
ACURA,TL,,,,1,classic.com
ACURA,VIGOR,,,,1,classic.com
AEC,ALL MODELS,,,,1,classic.com
ALFA ROMEO,145,,,,1,classic.com
ALFA ROMEO,146,,,,1,classic.com
ALFA ROMEO,147,,,,1,classic.com
ALFA ROMEO,155,,,,1,classic.com
ALFA ROMEO,156,,,,1,classic.com
ALFA ROMEO,159,,,,1,classic.com
ALFA ROMEO,164,,BASE|QUADRIFOGLIO 4|QUADRIFOGLIO VERDE,,4,classic.com
ALFA ROMEO,166,,,,1,classic.com
ALFA ROMEO,1900,,REPLICA,BERLINA|CABRIOLET|COUPE,6,classic.com
ALFA ROMEO,1900 M,,,,1,classic.com
ALFA ROMEO,2000,,SPRINT,BERLINA|SPIDER,4,classic.com
ALFA ROMEO,2600,,SPRINT|SZ ZAGATO,BERLINA|SPIDER,6,classic.com
ALFA ROMEO,33,1ST GEN|2ND GEN,,,3,classic.com
ALFA ROMEO,4C,,,COUPE|SPIDER,3,classic.com
ALFA ROMEO,6C,,1500|1750|2300|2300 B|2500|3000|REPLICA,,9,classic.com
ALFA ROMEO,75,,,,1,classic.com
ALFA ROMEO,8C,,2300|2600|2900|8C 35 TIPO C|REPLICA,,6,classic.com
ALFA ROMEO,8C COMPETIZIONE,,,COUPE|SPIDER,3,classic.com
ALFA ROMEO,90,,,,1,classic.com
ALFA ROMEO,ALFA 6,,,,1,classic.com
ALFA ROMEO,ALFASUD,,,,1,classic.com
ALFA ROMEO,ALFETTA,,GT GTV,BERLINA,4,classic.com
ALFA ROMEO,ARNA,,,,1,classic.com
ALFA ROMEO,BERLINA,,1750,,3,classic.com
ALFA ROMEO,BRERA SPIDER TYPE 939,,,,1,classic.com
ALFA ROMEO,G1,,,,1,classic.com
ALFA ROMEO,GIULIA,,1300|1600|1600 ZAGATO|1750|BASE|ESTREMA|GTA|GTAM|GTC|GTV|JUNIOR|QUADRIFOGLIO|SPRINT|SPRINT GT|SPRINT GT GTV|SPRINT SPECIALE|TI|TYPE 105|TYPE 952|TZ|VELOCE|ZAGATO,BERLINA|COUPE|SPIDER,30,classic.com
ALFA ROMEO,GIULIETTA,116|940,750101|NORMALE|SPECIALE|SPRINT|VELOCE|VELOCE ALLEGGERITA|VELOCE BASE MODEL|ZAGATO,BERLINA|SPIDER,15,classic.com
ALFA ROMEO,GRAN SPORT QUATTRORUOTE,,,,1,classic.com
ALFA ROMEO,GT,,,,1,classic.com
ALFA ROMEO,GTV SPIDER,,,,1,classic.com
ALFA ROMEO,MONTREAL,,,,1,classic.com
ALFA ROMEO,RL,,,,1,classic.com
ALFA ROMEO,RM,,,,1,classic.com
ALFA ROMEO,ROMEO,,,,1,classic.com
ALFA ROMEO,RZ,,,,1,classic.com
ALFA ROMEO,SPIDER,,SERIES 1|SERIES 2|SERIES 3|SERIES 4,,5,classic.com
ALFA ROMEO,STELVIO,,,,1,classic.com
ALFA ROMEO,SZ,,,,1,classic.com
ALFA ROMEO,TIPO 256,,,,1,classic.com
ALFA ROMEO,TIPO 33,,,,1,classic.com
ALFA ROMEO,TZ3,,,,1,classic.com
ALLARD,J,J1|J2|J2X,JR,,5,classic.com
ALLARD,J SERIES REPLICA,,,,1,classic.com
ALLARD,K,K1|K2|K3,,,4,classic.com
ALLARD,L,,,,1,classic.com
ALLARD,M,,,,1,classic.com
ALLARD,P,P1,P2 SAFARI,,3,classic.com
ALLARD,PALM BEACH,,,,1,classic.com
ALPINE,A106,,,,1,classic.com
ALPINE,A108,,,,1,classic.com
ALPINE,A110,1ST GEN|2ND GEN,,,4,classic.com
ALPINE,A210,,,,1,classic.com
ALPINE,A310,,,,1,classic.com
ALPINE,A610,,,,1,classic.com
ALPINE,GTA,,,,1,classic.com
ALVIS,1240,,,,1,classic.com
ALVIS,1250,,,,1,classic.com
ALVIS,1260,,,,1,classic.com
ALVIS,1270,,,,1,classic.com
ALVIS,43 LITRE,,,,1,classic.com
ALVIS,ALVIS HEALEY,,,,1,classic.com
ALVIS,BARSON SPECIAL,,,,1,classic.com
ALVIS,CRESTED EAGLE,,,,1,classic.com
ALVIS,FIREBIRD,,,,1,classic.com
ALVIS,FIREFLY,,,,1,classic.com
ALVIS,FV603 SARACEN,,,,1,classic.com
ALVIS,SILVER CREST,,,,1,classic.com
ALVIS,SILVER EAGLE,,,,1,classic.com
ALVIS,SPEED 20,,,,1,classic.com
ALVIS,SPEED 25,,,,1,classic.com
ALVIS,TA 14,,,,1,classic.com
ALVIS,TA 21,,,,1,classic.com
ALVIS,TB 14,,,,1,classic.com
ALVIS,TB 21,,,,1,classic.com
ALVIS,TC 21,,,,1,classic.com
ALVIS,TD 21,,SERIES I|SERIES II,,3,classic.com
ALVIS,TE 21,,,,1,classic.com
ALVIS,TF 21,,,,1,classic.com
AM GENERAL,HUMVEE,,,,1,classic.com
AM GENERAL,M35,,,,1,classic.com
AM GENERAL,M915,,,,1,classic.com
AM GENERAL,M939,,,,1,classic.com
AMC,AMBASSADOR,1ST GEN|2ND GEN|3RD GEN|4TH GEN,,,5,classic.com
AMC,AMX,,,,1,classic.com
AMC,CONCORD,,,,1,classic.com
AMC,EAGLE,,,,1,classic.com
AMC,GREMLIN,,,,1,classic.com
AMC,HORNET,SC360,AMX,,4,classic.com
AMC,HURST SCRAMBLER,,,,1,classic.com
AMC,JAVELIN,1ST GEN|2ND GEN,AMX|SST,,9,classic.com
AMC,MARLIN,,,,1,classic.com
AMC,MATADOR,,,,1,classic.com
AMC,MIGHTY MITE,,,,1,classic.com
AMC,PACER,,,,1,classic.com
AMC,REBEL,,SST|THE MACHINE,,4,classic.com
AMC,SPIRIT,,,,1,classic.com
AMPHICAR,MODEL 770,,,,1,classic.com
APOCALYPSE,ALPHA RAPTOR,,,,1,classic.com
APOCALYPSE,DARK HORSE,,,,1,classic.com
APOCALYPSE,HELLFIRE,,,,1,classic.com
APOCALYPSE,JUGGERNAUT,,,,1,classic.com
APOCALYPSE,KNIGHTMARE,,,,1,classic.com
APOCALYPSE,NIRVANA,,,,1,classic.com
APOCALYPSE,OMEGA REX,,,,1,classic.com
APOCALYPSE,OMEGA RHINO,,,,1,classic.com
APOCALYPSE,OVERLORD,,,,1,classic.com
APOCALYPSE,STALLION,,,,1,classic.com
APOCALYPSE,STRIKE FORCE,,,,1,classic.com
APOCALYPSE,SUPER TRUCK,,,,1,classic.com
APOCALYPSE,WARLORD,,,,1,classic.com
APOLLO AUTOMOBIL,INTENSA EMOZIONE,,,,1,classic.com
ARIEL,ACE,,,,1,classic.com
ARIEL,ATOM,V8,2|3|35|4,,7,classic.com
ARIEL,NOMAD,300,R|SPORT|TACTICAL,,5,classic.com
ARNOLT,BRISTOL,,,,1,classic.com
ARNOLT,MG,,,,1,classic.com
ASTON MARTIN,1250,,,,1,classic.com
ASTON MARTIN,1598,,,,1,classic.com
ASTON MARTIN,2 LITRE SPORTS,,,,1,classic.com
ASTON MARTIN,AMB 001,,,,1,classic.com
ASTON MARTIN,CYGNET,,,,1,classic.com
ASTON MARTIN,DB MARK III,,,,1,classic.com
ASTON MARTIN,DB11,V12|V8,,,3,classic.com
ASTON MARTIN,DB12,,BASE|S,,3,classic.com
ASTON MARTIN,DB2,,,,1,classic.com
ASTON MARTIN,DB24,,,,1,classic.com
ASTON MARTIN,DB3S,,,,1,classic.com
ASTON MARTIN,DB4,,COMPETITION|GT|GT CONTINUATION|GT ZAGATO|SANCTION|SERIES I|SERIES II|SERIES III|SERIES IV CONVERTIBLE|SERIES IV COUPE|SERIES V CONVERTIBLE|SERIES V COUPE|VANTAGE,,15,classic.com
ASTON MARTIN,DB5,,GOLDFINGER CONTINUATION|VANTAGE CONVERTIBLE|VANTAGE COUPE,CONVERTIBLE|COUPE|SHOOTING BRAKE,7,classic.com
ASTON MARTIN,DB6,,,,1,classic.com
ASTON MARTIN,DB7,,DB AR1|DB7 BASE MODEL|DB7 ZAGATO|GT GTA|VANTAGE|VOLANTE,COUPE,10,classic.com
ASTON MARTIN,DB9,,GT|VH I|VH II|VOLANTE AUTOMATIC|VOLANTE MANUAL,COUPE,11,classic.com
ASTON MARTIN,DBR1,,,,1,classic.com
ASTON MARTIN,DBR1 REPLICA,,,,1,classic.com
ASTON MARTIN,DBR22,,,,1,classic.com
ASTON MARTIN,DBS,1ST GEN|2ND GEN|3RD GEN,VOLANTE AUTOMATIC|VOLANTE MANUAL,COUPE,8,classic.com
ASTON MARTIN,DBX,707,S,,4,classic.com
ASTON MARTIN,DBZ CENTENARY,,,,1,classic.com
ASTON MARTIN,INTERNATIONAL,,,,1,classic.com
ASTON MARTIN,LAGONDA,,,,1,classic.com
ASTON MARTIN,LAGONDA RAPIDE,,,,1,classic.com
ASTON MARTIN,LE MANS,,,,1,classic.com
ASTON MARTIN,MARK II,,,,1,classic.com
ASTON MARTIN,ONE 77,,,,1,classic.com
ASTON MARTIN,RAPIDE,,AMR|S,,4,classic.com
ASTON MARTIN,SHORT CHASSIS VOLANTE,,,,1,classic.com
ASTON MARTIN,SPEED,,,,1,classic.com
ASTON MARTIN,SPORTS,,,,1,classic.com
ASTON MARTIN,ULSTER,,,,1,classic.com
ASTON MARTIN,V8,V8,SERIES II|SERIES III|SERIES IV|SERIES V|VANTAGE VOLANTE|VOLANTE|ZAGATO,COUPE,10,classic.com
ASTON MARTIN,VALHALLA,,,,1,classic.com
ASTON MARTIN,VALIANT,,,,1,classic.com
ASTON MARTIN,VALKYRIE,,,,1,classic.com
ASTON MARTIN,VALOUR,,,,1,classic.com
ASTON MARTIN,VANQUISH,1ST GEN|2ND GEN|3RD GEN,S|ZAGATO,,9,classic.com
ASTON MARTIN,VANTAGE,1ST GEN|2ND GEN|3RD GEN|N400|N430|V12|V8,007 EDITION|AMR|AMR PRO|F1 EDITION|GTS|HERITAGE RACING EDITION|MANUAL|SPORTSHIFT III|V12 SPEEDSTER|V12 ZAGATO|V8 S|V8 ZAGATO|VANTAGE 43|VANTAGE 47|VANTAGE AMR|VANTAGE COUPE|VANTAGE GT|VANTAGE GT12|VANTAGE GT8|VANTAGE N420|VANTAGE ROADSTER|VANTAGE S|VANTAGE S COUPE|VANTAGE S ROADSTER|VANTAGE V600,COUPE|ROADSTER,46,classic.com
ASTON MARTIN,VIRAGE,1ST GEN|2ND GEN,,,3,classic.com
ASTON MARTIN,VULCAN,,,,1,classic.com
ATTICA,ALL MODELS,,,,1,classic.com
AUBURN,EIGHT,,851 SPEEDSTER|852 SPEEDSTER|REPLICA,,5,classic.com
AUBURN,SIX,,,,1,classic.com
AUBURN,TWELVE,,,,1,classic.com
AUDI,100 200 5000,C1|C2|C3|C4,S4 C4,,7,classic.com
AUDI,50,,,,1,classic.com
AUDI,80 90 4000,B1|B2|B3|B4,S2 B4,,7,classic.com
AUDI,A1,,,,1,classic.com
AUDI,A3,1ST GEN|2ND GEN|3RD GEN|4TH GEN|RS3|S3,,,13,classic.com
AUDI,A4,B5|B6|B7|B8|B9|RS4|S4,AVANT|AVANT AUTOMATIC|AVANT MANUAL|QUATTRO,CABRIOLET|SEDAN,26,classic.com
AUDI,A5,1ST GEN|2ND GEN|3RD GEN|RS5|S5,,CABRIOLET|COUPE,14,classic.com
AUDI,A6,C4|C5|C6|C7|C8|RS6|S6,AVANT,SEDAN,19,classic.com
AUDI,A7,1ST GEN|2ND GEN|S7,RS7 1ST GEN|RS7 2ND GEN,,7,classic.com
AUDI,A8,D2|D3|D4|D5,S8 D2|S8 D3|S8 D4|S8 D5,,10,classic.com
AUDI,CABRIOLET,,,,1,classic.com
AUDI,COUPE,B2|B3|S2,GT|QUATTRO,,9,classic.com
AUDI,E TRON GT,,,,1,classic.com
AUDI,Q7,,,,1,classic.com
AUDI,Q8,,,,1,classic.com
AUDI,Q8 E TRON,,,,1,classic.com
AUDI,QUATTRO,,SPORT,,4,classic.com
AUDI,R8,V10|V8,COMPETITION|GT|GT RWD|GT SPYDER|LMS|PERFORMANCE RWD|PLUS COUPE|PLUS SPYDER|TYPE 42|TYPE 4S|V10 PERFORMANCE QUATTRO|V10 PERFORMANCE RWD|V10 PLUS|V10 QUATTRO|V10 RWD|V10 RWS|V10 SPYDER|V8 SPYDER,COUPE|SPYDER,34,classic.com
AUDI,RS2,,,,1,classic.com
AUDI,TT,MK1|MK2|MK3,RS|TTS,,7,classic.com
AUDI,V8,,,,1,classic.com
AUSTIN,10HP,,,,1,classic.com
AUSTIN,1100 1300,,,,1,classic.com
AUSTIN,126,,,,1,classic.com
AUSTIN,1800,,,,1,classic.com
AUSTIN,3 LITRE,,,,1,classic.com
AUSTIN,A30,,,,1,classic.com
AUSTIN,A35,,,,1,classic.com
AUSTIN,A40,,DEVON|FARINA|SOMERSET|SPORTS,PICKUP,6,classic.com
AUSTIN,A70,,,,1,classic.com
AUSTIN,A90 ATLANTIC,,,,1,classic.com
AUSTIN,ALLEGRO,,,,1,classic.com
AUSTIN,CAMBRIDGE,,,,1,classic.com
AUSTIN,CHAMP,,,,1,classic.com
AUSTIN,EIGHTEEN,,,,1,classic.com
AUSTIN,FX3,,,,1,classic.com
AUSTIN,FX4,,,,1,classic.com
AUSTIN,GIPSY,,,,1,classic.com
AUSTIN,K4,,,,1,classic.com
AUSTIN,LIGHT TWELVE,,,,1,classic.com
AUSTIN,LONDON TAXICAB,,,,1,classic.com
AUSTIN,MAESTRO,,,,1,classic.com
AUSTIN,METRO,,,,1,classic.com
AUSTIN,MONTEGO,,,,1,classic.com
AUSTIN,PRINCESS,,,,1,classic.com
AUSTIN,SEVEN,,,,1,classic.com
AUSTIN,SHEERLINE,,,,1,classic.com
AUSTIN,SIXTEEN,,,,1,classic.com
AUSTIN,SIXTEEN LIGHT SIX,,,,1,classic.com
AUSTIN,TEN,,,,1,classic.com
AUSTIN,TWELVE,,,,1,classic.com
AUSTIN,TWENTY,,,,1,classic.com
AUSTIN,WESTMINSTER,,,,1,classic.com
AUSTIN-HEALEY,100,BN1|BN2,100M|100S|BASE,,8,classic.com
AUSTIN-HEALEY,100 6,BN4|BN6,,,4,classic.com
AUSTIN-HEALEY,3000,BJ7|BJ8,BN7 MK I|BN7 MK II|BT7 MK I|BT7 MK II|MK I|MK II|REPLICA,,11,classic.com
AUSTIN-HEALEY,SPRITE,,MK I|MK II|MK III|MK IV,,6,classic.com
AUTOBIANCHI,A112,,,,1,classic.com
AUTOBIANCHI,BIANCHINA,,,,1,classic.com
AUTOBIANCHI,STELLINA,,,,1,classic.com
AUTOBIANCHI,Y10,,,,1,classic.com
AUTOMOBILES TALBOT,DC,,,,1,classic.com
AUTOMOBILES TALBOT,K74,,,,1,classic.com
AUTOMOBILES TALBOT,M67,,,,1,classic.com
AUTOMOBILES TALBOT,V20,,,,1,classic.com
AUTOZAM,AZ 1,,,,1,classic.com
AUTOZAM,AZ 3,,,,1,classic.com
AUTOZAM,SCRUM,,,,1,classic.com
BENTLEY,3 LITRE,,,,1,classic.com
BENTLEY,312 LITRE,,,,1,classic.com
BENTLEY,4 LITRE,,,,1,classic.com
BENTLEY,412 LITRE,,,,1,classic.com
BENTLEY,414 LITRE,,,,1,classic.com
BENTLEY,612 LITRE,,,,1,classic.com
BENTLEY,8 LITRE,,,,1,classic.com
BENTLEY,ARNAGE,,,,1,classic.com
BENTLEY,AZURE,1ST GEN|2ND GEN,,,3,classic.com
BENTLEY,B SPECIALS,,,,1,classic.com
BENTLEY,BACALAR,,,,1,classic.com
BENTLEY,BENTAYGA,V8|W12,EWB|HYBRID|SPEED,,6,classic.com
BENTLEY,BROOKLANDS,1ST GEN|2ND GEN,,,2,classic.com
BENTLEY,CONTINENTAL,,R|SC|T,,4,classic.com
BENTLEY,CONTINENTAL CONVERTIBLE,,,,1,classic.com
BENTLEY,CONTINENTAL GT,1ST GEN|2ND GEN|3RD GEN|4TH GEN|GT3|V8|W12,GT|GT3 R|GTC|GTC V8|GTC W12|GTZ|MULLINER DRIVING SPECIFICATION|SPEED|SUPERSPORTS|V8 S,COUPE,32,classic.com
BENTLEY,CORNICHE,,,,1,classic.com
BENTLEY,EIGHT,,,,1,classic.com
BENTLEY,FLYING SPUR,1ST GEN|2ND GEN|3RD GEN,,,4,classic.com
BENTLEY,MARK V,,,,1,classic.com
BENTLEY,MARK VI,,,,1,classic.com
BENTLEY,MULSANNE,1ST GEN|2ND GEN,,,3,classic.com
BENTLEY,R TYPE,,CONTINENTAL,,3,classic.com
BENTLEY,S SERIES,S1|S2|S3,CONTINENTAL,,10,classic.com
BENTLEY,T SERIES,T1|T2,,,3,classic.com
BENTLEY,TURBO R,,TURBO RL|TURBO RT|TURBO S,,5,classic.com
BENZ CIE,10 HP MYLORD COUPE,,,,1,classic.com
BENZ CIE,1030,,,,1,classic.com
BENZ CIE,1845,,,,1,classic.com
BENZ CIE,3560,,,,1,classic.com
BENZ CIE,50 PS,,,,1,classic.com
BENZ CIE,820,,,,1,classic.com
BENZ CIE,IDEAL,,,,1,classic.com
BENZ CIE,PATENT MOTORWAGEN REPLICA,,,,1,classic.com
BENZ CIE,STAR,,,,1,classic.com
BENZ CIE,VELO,,,,1,classic.com
BENZ CIE,VICTORIA,,,,1,classic.com
BERTONE,FREECLIMBER,,,,1,classic.com
BERTONE,MANTIDE,,,,1,classic.com
BERTONE,NUCCIO,,,,1,classic.com
BILL THOMAS,CHEETAH,,,,1,classic.com
BILL THOMAS,REPLICA,,,,1,classic.com
BITTER,CD,,,,1,classic.com
BITTER,SC,,,,1,classic.com
BMW,02 SERIES,,1502|1602|1802|ALPINA|TI|TII|TOP CABRIOLET|TURBO,CABRIOLET|COUPE|TOURING,21,classic.com
BMW,1 SERIES,E8X|F20|F40|M135I|M140I,125I|128I|130I|135I|135IS|1M,,13,classic.com
BMW,1600 GT,,,,1,classic.com
BMW,2 SERIES,F22|G42|M2|M235I|M240I,COMPETITION|CS|M235I XDRIVE|M235IR|M240I XDRIVE|M240IR|MODE DESIGN 10TH ANNIVERSARY EDITION|PERFORMANCE EDITION,,21,classic.com
BMW,2600 GT,,,,1,classic.com
BMW,3 20,,,,1,classic.com
BMW,3 SERIES,E21|E30|E36|E46|E90|F30|G20|M3|M340I,30 JAHRE|315|316|316I|318|318CI|318D|318I|318IS|318TDS|318TI|320|3206|320CI|320D|320I|320IS|320SI|323CI|323I|323IS|323TI|324D|324TD|325|325CI|325D|325E|325ES|325I|325IS|325IX|325TDS|325TI|325XI|328CI|328I|328IS|328XI|330CI|330CI ZHP|330D|330I|330I ZHP|330XI|335D|335I|335IS|335XI|340I|340I XDRIVE|50 JAHRE|ALPINA B3|ALPINA B6|ALPINA B8|ALPINA C1|ALPINA C2|ALPINA D3|BAUR AUTOMATIC|BAUR MANUAL|COMPETITION|COMPETITION PACKAGE|COMPETITION PACKAGE MANUAL|COMPETITION PACKAGE SMG|COMPETITION XDRIVE|CONVERTIBLE SMG|COUPE SMG|CRT|CS|CSL|EUROPAMEISTER|EVO I|EVO II|EVOLUTION|GT|GT INDIVIDUAL|GTS|IMOLA INDIVIDUAL|JOHNNY CECOTTO EDITION|LIGHTWEIGHT|LIME ROCK PARK EDITION|M340I XDRIVE|PURE|SPORT EVOLUTION|ZCP COUPE AUTOMATIC|ZCP COUPE MANUAL|ZCP SEDAN AUTOMATIC|ZCP SEDAN MANUAL,CONVERTIBLE|COUPE|SEDAN|TOURING,199,classic.com
BMW,30 CSL,,,,1,classic.com
BMW,3000 GT,,,,1,classic.com
BMW,303,309|315|319|329,,,5,classic.com
BMW,315,,,,1,classic.com
BMW,320,,,,1,classic.com
BMW,3200 CS,,,,1,classic.com
BMW,321,,,,1,classic.com
BMW,326,,,,1,classic.com
BMW,327,,,,1,classic.com
BMW,327328,,,,1,classic.com
BMW,328,,,,1,classic.com
BMW,335,,,,1,classic.com
BMW,4 SERIES,F32|G22|GT4|M4|M440I,420D|420I|428I|428I XDRIVE|430I|430I XDRIVE|435D|435I|435I XDRIVE|440I|440I XDRIVE|50 JAHRE|ALPINA B4|ALPINA D4|COMPETITION PACKAGE|CS|CSL|DTM CHAMPION EDITION|GTS|KITH EDITION|M HERITAGE EDITION|M440I XDRIVE|MAGNY COURS EDITION,,39,classic.com
BMW,5 SERIES,E12|E28|E34|E39|E60|F10|G30|G60|M5|M535I|M540I,30 JAHRE|35 JAHRE|518|518I|520|5206|520I|523I|524TD|525|525D|525E|525I|525IX|525TDS|525XI|528|528E|528I|528XI|530I|530XI|533I|535I|535IS|535XI|540I|545I|550I|550I XDRIVE|ALPINA B10|ALPINA B2|ALPINA B28|ALPINA B5|ALPINA B7|ALPINA B9|ALPINA D10|ALPINA D5|ALPINA TWR|BASE MODEL AUTOMATIC|BASE MODEL MANUAL|COMPETITION PACKAGE|COMPETITION PACKAGE AUTOMATIC|COMPETITION PACKAGE MANUAL|CS|FIRST EDITION|GRAN TURISMO|M550I XDRIVE|SEDAN SMG|TOURING SMG,SEDAN|TOURING,110,classic.com
BMW,501,,,,1,classic.com
BMW,502,,,,1,classic.com
BMW,503,,,,1,classic.com
BMW,507,,,,1,classic.com
BMW,6 SERIES,E24|E63|F12|L6|M6,628CSI AUTOMATIC|628CSI MANUAL|630CSI AUTOMATIC|630CSI MANUAL|630I|633CSI AUTOMATIC|633CSI MANUAL|635CSI AUTOMATIC|635CSI MANUAL|635D|640I|645CI|650I|ALPINA B10|ALPINA B6|ALPINA B7|ALPINA B9|M635CSI,CONVERTIBLE|COUPE,38,classic.com
BMW,7 SERIES,E23|E32|E38|E65|F01|G11|G70|I7|L7|M760I,725TDS|728|728I|730D|730I|730LI|732I|733I|735I|735IL|740I|740IL|745I|745I SA|745LI|750I|750I XDRIVE|750IL|750LI|750LI XDRIVE|750LXI|750XI|760I|760LI|ALPINA B11|ALPINA B12|ALPINA B7|ALPINA B9|EDRIVE50|M70 XDRIVE|XDRIVE60,,64,classic.com
BMW,700,,,,1,classic.com
BMW,8 SERIES,E31|G15|M8|M850I,840CI AUTOMATIC|840CI MANUAL|840I|850CI AUTOMATIC|850CI MANUAL|850CSI MANUAL|850I AUTOMATIC|850I MANUAL|ALPINA B12|ALPINA B8|COMPETITION,,17,classic.com
BMW,ALPINA RLE,,,,1,classic.com
BMW,ALPINA ROADSTER V8,,,,1,classic.com
BMW,I3,,,,1,classic.com
BMW,I5,,,,1,classic.com
BMW,I8,,,,1,classic.com
BMW,ISETTA,250|300|600,,,4,classic.com
BMW,M1,,ROAD CARS,,3,classic.com
BMW,MOTORRAD,C1|C600|F650|F700|F800|F900|G310|G650|HP2|HP4|K1|K100|K1100|K1200|K1300|K1600|K75|M1000|R100|R11|R1100|R1150|R12|R1200|R1250|R1300|R16|R17|R18|R2|R25|R26|R27|R32|R35|R37|R39|R4|R42|R45|R47|R5|R50|R51|R52|R57|R60|R61|R62|R63|R65|R66|R67|R68|R69|R71|R75|R80|R850|R90|RS500|RS54|S1000,CE|F750 GP|NMOTO NOSTALGIA|R NINET,,68,classic.com
BMW,NEW CLASS,,1500|1600|1800|2000 C|2000 CS,COUPE|SEDAN,10,classic.com
BMW,NEW SIX,E3|E9,25 CS|2500|2800|2800 CS|30 CS|30 CSI|30 CSL|30 L|30 S|30 SI|33 L|33 LI|ALPINA|BAVARIA,,18,classic.com
BMW,X3,E83|F25|G01|G45,,,5,classic.com
BMW,X4,F26|G02|M40I,ALPINA XD4|M,,7,classic.com
BMW,X5,E53|E70|F15|G05|M50I|M60I,30D|30I|30SI|44I|46IS|48I|48IS|M,,17,classic.com
BMW,X6,E71|F16|G06|M50D|M50I|M60I,M,,10,classic.com
BMW,X7,M50I|M60I,ALPINA XB7,,4,classic.com
BMW,XM,,LABEL,,3,classic.com
BMW,Z1,,,,1,classic.com
BMW,Z3,,18|19|19I|20|22I|23|25I|28|30I|M,COUPE|ROADSTER,16,classic.com
BMW,Z4,E85|E89|G29,20I|22I|25I|25SI|30I|30SI|ALPINA ROADSTER S|SDRIVE18I|SDRIVE20I|SDRIVE23I|SDRIVE28I|SDRIVE30I|SDRIVE35I|SDRIVE35IS|Z4 M COUPE|Z4 M ROADSTER,,21,classic.com
BMW,Z8,,,,1,classic.com
BOCAR,XP SERIES,,,,1,classic.com
BORGWARD,B2000,,,,1,classic.com
BORGWARD,B611,,,,1,classic.com
BORGWARD,ISABELLA,,,,1,classic.com
BORGWARD,L1400,,,,1,classic.com
BRICKLIN,SV 1,,,,1,classic.com
BRIGGS CUNNINGHAM,C 3,,,,1,classic.com
BRIGGS CUNNINGHAM,C 4R,,,,1,classic.com
BRISTOL,400,,,,1,classic.com
BRISTOL,401402,,,,1,classic.com
BRISTOL,403,,,,1,classic.com
BRISTOL,404405,,,,1,classic.com
BRISTOL,406,,,,1,classic.com
BRISTOL,407,,,,1,classic.com
BRISTOL,408,,,,1,classic.com
BRISTOL,409,,,,1,classic.com
BRISTOL,410,,,,1,classic.com
BRISTOL,411,,,,1,classic.com
BRISTOL,412,,,,1,classic.com
BRISTOL,603,,,,1,classic.com
BROCKHOUSE,CORGI,,,,1,classic.com
BSA,1520,,,,1,classic.com
BSA,MOTORCYCLES,,,,1,classic.com
BSA,SCOUT,,,,1,classic.com
BSA,TRIKE,,,,1,classic.com
BUGATTI,AVIO,,,,1,classic.com
BUGATTI,BOLIDE,,,,1,classic.com
BUGATTI,CENTODIECI,,,,1,classic.com
BUGATTI,CHIRON,,110 ANS BUGATTI|PROFILEE|PUR SPORT|SPORT|SUPER SPORT|SUPER SPORT 300,,8,classic.com
BUGATTI,DIVO,,,,1,classic.com
BUGATTI,EB110,,GT|SUPER SPORT|SUPER SPORT LIGHTWEIGHT BY DAUER,,4,classic.com
BUGATTI,EB112,,,,1,classic.com
BUGATTI,MISTRAL,,,,1,classic.com
BUGATTI,TYPE 10,,,,1,classic.com
BUGATTI,TYPE 101,,,,1,classic.com
BUGATTI,TYPE 13,,,,1,classic.com
BUGATTI,TYPE 22,,,,1,classic.com
BUGATTI,TYPE 23,,,,1,classic.com
BUGATTI,TYPE 30,,,,1,classic.com
BUGATTI,TYPE 35,,35|35A|35B|35C|REPLICA,,6,classic.com
BUGATTI,TYPE 37,,,,1,classic.com
BUGATTI,TYPE 38,,,,1,classic.com
BUGATTI,TYPE 39,,,,1,classic.com
BUGATTI,TYPE 40,,,,1,classic.com
BUGATTI,TYPE 43,,,,1,classic.com
BUGATTI,TYPE 44,,,,1,classic.com
BUGATTI,TYPE 46,,,,1,classic.com
BUGATTI,TYPE 49,,,,1,classic.com
BUGATTI,TYPE 50,,,,1,classic.com
BUGATTI,TYPE 51,,,,1,classic.com
BUGATTI,TYPE 54,,,,1,classic.com
BUGATTI,TYPE 55,,,,1,classic.com
BUGATTI,TYPE 55 REPLICA,,,,1,classic.com
BUGATTI,TYPE 57,,BASE|C|S|SC,,5,classic.com
BUGATTI,TYPE 59,,,,1,classic.com
BUGATTI,VEYRON,,EB 164|GRAND SPORT|GRAND SPORT VITESSE|SUPER SPORT,,5,classic.com
BUICK,APOLLO,,,,1,classic.com
BUICK,CENTURION,,,,1,classic.com
BUICK,CENTURY,1ST GEN|2ND GEN|3RD GEN|4TH GEN|5TH GEN|6TH GEN,GRAN SPORT,,9,classic.com
BUICK,ELECTRA,1ST GEN|2ND GEN|3RD GEN|4TH GEN|5TH GEN|6TH GEN,,,7,classic.com
BUICK,GRAN SPORT,340|350|400|455,CALIFORNIA|GSX,,7,classic.com
BUICK,INVICTA,1ST GEN|2ND GEN,,,3,classic.com
BUICK,LESABRE,1ST GEN|2ND GEN|3RD GEN|4TH GEN|5TH GEN|6TH GEN|7TH GEN|8TH GEN,,,9,classic.com
BUICK,LIMITED,1ST GEN|2ND GEN,,,3,classic.com
BUICK,MARQUETTE SERIES 30,,,,1,classic.com
BUICK,MODEL 10,,,,1,classic.com
BUICK,MODEL 16,,,,1,classic.com
BUICK,MODEL 17,,,,1,classic.com
BUICK,MODEL 19,,,,1,classic.com
BUICK,MODEL 25,,,,1,classic.com
BUICK,MODEL 26,,,,1,classic.com
BUICK,MODEL 29,,,,1,classic.com
BUICK,MODEL 30,,,,1,classic.com
BUICK,MODEL 32,,,,1,classic.com
BUICK,MODEL 34,,,,1,classic.com
BUICK,MODEL 35,,,,1,classic.com
BUICK,MODEL 38,,,,1,classic.com
BUICK,MODEL 39,,,,1,classic.com
BUICK,MODEL 43,,,,1,classic.com
BUICK,MODEL C,,,,1,classic.com
BUICK,MODEL F,,,,1,classic.com
BUICK,MODEL G,,,,1,classic.com
BUICK,PARK AVENUE,,,,1,classic.com
BUICK,REATTA,,,,1,classic.com
BUICK,REGAL,1ST GEN|2ND GEN|3RD GEN|4TH GEN,GNX|GRAND NATIONAL|T TYPE|TURBO T,,10,classic.com
BUICK,RIVIERA,1ST GEN|2ND GEN|3RD GEN|4TH GEN|5TH GEN|6TH GEN|7TH GEN|8TH GEN,GRAN SPORT,,13,classic.com
BUICK,ROADMASTER,1ST GEN|2ND GEN|3RD GEN|4TH GEN|5TH GEN|6TH GEN|7TH GEN|8TH GEN,ESTATE WAGON|SKYLARK,,14,classic.com
BUICK,SERIES 21,,,,1,classic.com
BUICK,SERIES 22,,,,1,classic.com
BUICK,SERIES 23,,,,1,classic.com
BUICK,SERIES 24,,,,1,classic.com
BUICK,SERIES 40,,,,1,classic.com
BUICK,SERIES 50,,,,1,classic.com
BUICK,SERIES 60,,,,1,classic.com
BUICK,SERIES 80,,,,1,classic.com
BUICK,SERIES 90,,,,1,classic.com
BUICK,SERIES B,,,,1,classic.com
BUICK,SERIES C,,,,1,classic.com
BUICK,SERIES D,,,,1,classic.com
BUICK,SERIES E,,,,1,classic.com
BUICK,SERIES H,,,,1,classic.com
BUICK,SERIES K,,,,1,classic.com
BUICK,SIX,,,,1,classic.com
BUICK,SKYHAWK,,,,1,classic.com
BUICK,SKYLARK,1ST GEN|2ND GEN|3RD GEN|4TH GEN|5TH GEN|6TH GEN,GRAN SPORT,,9,classic.com
BUICK,SPECIAL,1ST GEN|2ND GEN|3RD GEN|4TH GEN,,,5,classic.com
BUICK,SPORT WAGON,,,,1,classic.com
BUICK,SUPER,1ST GEN|2ND GEN|3RD GEN|4TH GEN|5TH GEN,,,6,classic.com
BUICK,WILDCAT,1ST GEN|2ND GEN,,,3,classic.com
CADILLAC,ALLANTE,,,,1,classic.com
CADILLAC,ATS,,,,1,classic.com
CADILLAC,BROUGHAM,,,,1,classic.com
CADILLAC,CALAIS,1ST GEN|2ND GEN,,,3,classic.com
CADILLAC,CASTILIAN,,,,1,classic.com
CADILLAC,CIMARRON,,,,1,classic.com
CADILLAC,COMMERCIAL CHASSIS,,,,1,classic.com
CADILLAC,CT4 V,,,,1,classic.com
CADILLAC,CT5,,,,1,classic.com
CADILLAC,CT6,,,,1,classic.com
CADILLAC,CTS,1ST GEN|2ND GEN|3RD GEN,V,COUPE|SEDAN|WAGON,14,classic.com
CADILLAC,DEVILLE,1ST GEN|2ND GEN|3RD GEN|4TH GEN|5TH GEN|6TH GEN|7TH GEN|8TH GEN,,,9,classic.com
CADILLAC,DTS,,,,1,classic.com
CADILLAC,ELDORADO,10TH GEN|11TH GEN|12TH GEN|1ST GEN|2ND GEN|3RD GEN|4TH GEN|5TH GEN|6TH GEN|7TH GEN|8TH GEN|9TH GEN,,,13,classic.com
CADILLAC,ELR,,,,1,classic.com
CADILLAC,ESCALADE,1ST GEN|2ND GEN|3RD GEN|4TH GEN|5TH GEN,,,6,classic.com
CADILLAC,ESCALADE IQ,,,,1,classic.com
CADILLAC,FLEETWOOD,1ST GEN|2ND GEN,,,3,classic.com
CADILLAC,FLEETWOOD BROUGHAM,,,,1,classic.com
CADILLAC,MIRAGE,,,,1,classic.com
CADILLAC,MODEL 1912,,,,1,classic.com
CADILLAC,MODEL 1913,,,,1,classic.com
CADILLAC,MODEL 1914,,,,1,classic.com
CADILLAC,MODEL 30,,,,1,classic.com
CADILLAC,RUNABOUT TONNEAU,,,,1,classic.com
CADILLAC,SERIES 314,,,,1,classic.com
CADILLAC,SERIES 341,,,,1,classic.com
CADILLAC,SERIES 353,,,,1,classic.com
CADILLAC,SERIES 355,,,,1,classic.com
CADILLAC,SERIES 60,,,,1,classic.com
CADILLAC,SERIES 61,1ST GEN|2ND GEN|3RD GEN|4TH GEN,,,5,classic.com
CADILLAC,SERIES 62,1ST GEN|2ND GEN|3RD GEN|4TH GEN|5TH GEN|6TH GEN|7TH GEN,,,8,classic.com
CADILLAC,SERIES 65,,,,1,classic.com
CADILLAC,SERIES 67,,,,1,classic.com
CADILLAC,SERIES 70,,,,1,classic.com
CADILLAC,SERIES 72,,,,1,classic.com
CADILLAC,SERIES 75,10TH GEN|11TH GEN|1ST GEN|2ND GEN|3RD GEN|4TH GEN|5TH GEN|6TH GEN|7TH GEN|8TH GEN|9TH GEN,FLEETWOOD LIMOUSINE,,13,classic.com
CADILLAC,SEVILLE,1ST GEN|2ND GEN|3RD GEN|4TH GEN|5TH GEN,,,6,classic.com
CADILLAC,SIXTY SPECIAL,10TH GEN|11TH GEN|1ST GEN|2ND GEN|3RD GEN|4TH GEN|5TH GEN|6TH GEN|7TH GEN|8TH GEN|9TH GEN,,,12,classic.com
CADILLAC,STS,,V,,2,classic.com
CADILLAC,TYPE 51,,,,1,classic.com
CADILLAC,TYPE 53,,,,1,classic.com
CADILLAC,TYPE 55,,,,1,classic.com
CADILLAC,TYPE 57,,,,1,classic.com
CADILLAC,TYPE 59,,,,1,classic.com
CADILLAC,TYPE 61,,,,1,classic.com
CADILLAC,TYPE V 63,,,,1,classic.com
CADILLAC,V 12,,SERIES 370|SERIES 8085,,3,classic.com
CADILLAC,V 16,,GENERATION 1|GENERATION 2,,3,classic.com
CADILLAC,XLR,,V,,3,classic.com
CAN AM,MOTORCYCLES,,,,1,classic.com
CAN AM,OHV,,ATV|COMMANDER|DEFENDER|MAVERICK,,5,classic.com
CAN AM,TRIKE,,,,1,classic.com
CATERHAM,SEVEN,,,,1,classic.com
CATERHAM,SP300R,,,,1,classic.com
CHECKER,MARATHON,,,,1,classic.com
CHENARD WALCKER,ALL MODELS,,,,1,classic.com
CHERY,MOKE,,,,1,classic.com
CHEVROLET,150,1ST GEN|2ND GEN,,,3,classic.com
CHEVROLET,210,1ST GEN|2ND GEN,,,3,classic.com
CHEVROLET,ADVANCE DESIGN,,,,1,classic.com
CHEVROLET,AK SERIES,,,,1,classic.com
CHEVROLET,ASTRO,,,,1,classic.com
CHEVROLET,AVALANCHE,,,,1,classic.com
CHEVROLET,BEL AIR,1ST GEN|2ND GEN|3RD GEN|4TH GEN|5TH GEN|6TH GEN|7TH GEN,,,8,classic.com
CHEVROLET,BERETTA,,,,1,classic.com
CHEVROLET,BISCAYNE,1ST GEN|2ND GEN|3RD GEN|4TH GEN|5TH GEN,,,6,classic.com
CHEVROLET,BROOKWOOD,,,,1,classic.com
CHEVROLET,CAMARO,1ST GEN|2ND GEN|3RD GEN|4TH GEN|5TH GEN|6TH GEN|LT1|Z10|Z28|ZL1,1967 INDY 500 PACE CAR|1969 INDY PACE CAR|1982 INDY PACE CAR|1993 INDY PACE CAR|45TH ANNIVERSARY EDITION|50TH ANNIVERSARY HOT WHEELS EDITION|B4C SSP|BASE|CALLAWAY|COPO|HENNESSEY|HOT WHEELS EDITION|INDY PACE CAR EDITION|IROC Z|NEIMAN MARCUS EDITION|SLP ZL|SS|YENKO CAMARO|ZL 1,,58,classic.com
CHEVROLET,CAPRICE,1ST GEN|2ND GEN|3RD GEN|4TH GEN,,,5,classic.com
CHEVROLET,CAPRICE PPV,,,,1,classic.com
CHEVROLET,CAVALIER,,,,1,classic.com
CHEVROLET,CERV,,,,1,classic.com
CHEVROLET,CHEVELLE,1ST GEN|2ND GEN|3RD GEN|Z16,COPO|MALIBU|MALIBU SS|SS|YENKO,,14,classic.com
CHEVROLET,CHEVETTE,,,,1,classic.com
CHEVROLET,CHEVY II NOVA,1ST GEN|2ND GEN|3RD GEN|4TH GEN|5TH GEN|6TH GEN,SS|YENKO DEUCE,,14,classic.com
CHEVROLET,CITATION,,,,1,classic.com
CHEVROLET,CK,1ST GEN|2ND GEN|3RD GEN|4TH GEN|C10|C1500|C20|C2500|C30|C3500|C40|C50|C60|D30|K10|K1500|K20|K2500|K30|K3500,454SS|HEAVY DUTY|INDY 500 PACE TRUCK,,40,classic.com
CHEVROLET,COBALT,,,,1,classic.com
CHEVROLET,COLORADO,1ST GEN|2ND GEN|3RD GEN|ZR2,,,5,classic.com
CHEVROLET,CORVAIR,1ST GEN|2ND GEN,,,3,classic.com
CHEVROLET,CORVAIR PICKUP,,,,1,classic.com
CHEVROLET,CORVETTE,C1|C12|C16|C2|C3|C4|C5|C6|C7|C8|L82|L88|L89|LS6|LT1|SC560|SC580|SC606|SC616|SC620|SC627|SC652|SC680|SC757|Z06|ZR1X|ZR2,1995 INDY PACE CAR EDITION|1998 INDY PACE CAR|2007 INDY PACE CAR|2008 INDY PACE CAR|25TH ANNIVERSARY EDITION|327250|327300|327340|327350|327360|327360 Z06|327365|327375|35TH ANNIVERSARY EDITION|396425|40TH ANNIVERSARY EDITION|427 COLLECTOR EDITION|427 LIMITED EDITION|427390|427400|427425|427430 L88|427435|50TH ANNIVERSARY EDITION|AUTOMATIC|C6RS|C7R EDITION|CALLAWAY|CARBON 65 EDITION|CARBON LIMITED EDITION|CENTENNIAL EDITION|COLLECTORS EDITION|CSR|E RAY|GRAND SPORT|GT1 CHAMPIONSHIP EDITION|HENNESSEY|HERTZ 100TH ANNIVERSARY EDITION|IMSA GTLM CHAMPIONSHIP EDITION|INDY 500 PACE CAR|LEMANS COMMEMORATIVE EDITION|MANUAL|RON FELLOWS CHAMPIONSHIP EDITION|SC CORVETTE|SEMI CONVERTIBLE|SEMI CONVERTIBLE AUTOMATIC|SEMI CONVERTIBLE MANUAL|SILVER ANNIVERSARY|SLEDGEHAMMER|STINGRAY|SUPERNATURAL|TWIN TURBO|ZHZ|ZR 1,CONVERTIBLE|SPEEDSTER,127,classic.com
CHEVROLET,D20,,,,1,classic.com
CHEVROLET,DELRAY,,,,1,classic.com
CHEVROLET,EL CAMINO,1ST GEN|2ND GEN|3RD GEN|4TH GEN|5TH GEN,,,6,classic.com
CHEVROLET,EL MOROCCO,,,,1,classic.com
CHEVROLET,EXPRESS,,,,1,classic.com
CHEVROLET,FLEETMASTER,,,,1,classic.com
CHEVROLET,GREENBRIER,,,,1,classic.com
CHEVROLET,HHR,,,,1,classic.com
CHEVROLET,IMPALA,1ST GEN|2ND GEN|4TH GEN|5TH GEN|6TH GEN|7TH GEN|8TH GEN|9TH GEN,SS,,12,classic.com
CHEVROLET,K5 BLAZER,1ST GEN|2ND GEN|3RD GEN,,,6,classic.com
CHEVROLET,KINGSWOOD ESTATE,,,,1,classic.com
CHEVROLET,KODIAK,,,,1,classic.com
CHEVROLET,LUMINA,,,,1,classic.com
CHEVROLET,LUV,,,,1,classic.com
CHEVROLET,MALIBU,4TH GEN,,,2,classic.com
CHEVROLET,MASTER STANDARD,,,,1,classic.com
CHEVROLET,MONTE CARLO,1ST GEN|2ND GEN|3RD GEN|4TH GEN|5TH GEN|6TH GEN,,,7,classic.com
CHEVROLET,MONZA,,,,1,classic.com
CHEVROLET,NASCAR,,,,1,classic.com
CHEVROLET,NOMAD,1ST GEN|2ND GEN,,,3,classic.com
CHEVROLET,OPALA,,,,1,classic.com
CHEVROLET,PARKWOOD,,,,1,classic.com
CHEVROLET,PRE WAR PICKUPS,,,,1,classic.com
CHEVROLET,S 10 PICKUP,1ST GEN|2ND GEN,,,3,classic.com
CHEVROLET,S10 BLAZER,1ST GEN|2ND GEN,,,3,classic.com
CHEVROLET,SEDAN DELIVERY,,,,1,classic.com
CHEVROLET,SERIES 490,,,,1,classic.com
CHEVROLET,SERIES AA CAPITOL,,,,1,classic.com
CHEVROLET,SERIES AB NATIONAL,,,,1,classic.com
CHEVROLET,SERIES AC INTERNATIONAL,,,,1,classic.com
CHEVROLET,SERIES AD UNIVERSAL,,,,1,classic.com
CHEVROLET,SERIES AE INDEPENDENCE,,,,1,classic.com
CHEVROLET,SERIES BA CONFEDERATE,,,,1,classic.com
CHEVROLET,SERIES C,,,,1,classic.com
CHEVROLET,SERIES D,,,,1,classic.com
CHEVROLET,SERIES H,,,,1,classic.com
CHEVROLET,SILVERADO,1ST GEN,,,2,classic.com
CHEVROLET,SPECIAL DELUXE,,,,1,classic.com
CHEVROLET,SPRINT,,,,1,classic.com
CHEVROLET,SS,,,,1,classic.com
CHEVROLET,SSR,,,,1,classic.com
CHEVROLET,STYLEMASTER,,,,1,classic.com
CHEVROLET,SUBURBAN,1ST GEN|2ND GEN|3RD GEN|4TH GEN|5TH GEN|6TH GEN|7TH GEN|8TH GEN|9TH GEN,,,10,classic.com
CHEVROLET,SUPERIOR,,,,1,classic.com
CHEVROLET,TAHOE,1ST GEN|2ND GEN|3RD GEN,,,4,classic.com
CHEVROLET,TASK FORCE,,3100|3200|CAMEO CARRIER,,5,classic.com
CHEVROLET,TRACKER,,,,1,classic.com
CHEVROLET,TRAILBLAZER,,,,1,classic.com
CHEVROLET,VAN,,,,1,classic.com
CHEVROLET,VEGA,,COSWORTH VEGA,,3,classic.com
CHEVROLET,YEOMAN,,,,1,classic.com
CHEVRON,ALL MODELS,,,,1,classic.com
CHEVRON,B12,,,,1,classic.com
CHEVRON,B16,,,,1,classic.com
CHEVRON,B19,,,,1,classic.com
CHEVRON,B23,,,,1,classic.com
CHEVRON,B8,,,,1,classic.com
CHRYSLER,300,1ST GEN|2ND GEN,SRT 8,,5,classic.com
CHRYSLER,300 LETTER SERIES,,300B|300C|300D|300E|300F|300G|300H|300J|300K|300L|C 300|SPECIAL GT,CONVERTIBLE|HARDTOP,29,classic.com
CHRYSLER,300 NON LETTER SERIES,1ST GEN|2ND GEN|3RD GEN,300 HURST,,6,classic.com
CHRYSLER,AIRFLOW,,,,1,classic.com
CHRYSLER,AIRSTREAM,,,,1,classic.com
CHRYSLER,B 70,,,,1,classic.com
CHRYSLER,CA CB,,,,1,classic.com
CHRYSLER,CD,,,,1,classic.com
CHRYSLER,CI,,,,1,classic.com
CHRYSLER,CJ,,,,1,classic.com
CHRYSLER,CM,,,,1,classic.com
CHRYSLER,CO,,,,1,classic.com
CHRYSLER,CONQUEST,,,,1,classic.com
CHRYSLER,CORDOBA,1ST GEN|2ND GEN,,,3,classic.com
CHRYSLER,CP,,,,1,classic.com
CHRYSLER,CROSSFIRE,,LIMITED|SRT 6,,4,classic.com
CHRYSLER,DAYTONA,,,,1,classic.com
CHRYSLER,E CLASS,,,,1,classic.com
CHRYSLER,EXECUTIVE,,,,1,classic.com
CHRYSLER,F 58,,,,1,classic.com
CHRYSLER,FIFTH AVENUE,,,,1,classic.com
CHRYSLER,G 70,,,,1,classic.com
CHRYSLER,IDEA CARS,,,,1,classic.com
CHRYSLER,IMPERIAL,1ST GEN|2ND GEN|3RD GEN|4TH GEN|5TH GEN|6TH GEN|7TH GEN,,,8,classic.com
CHRYSLER,LASER,,,,1,classic.com
CHRYSLER,LEBARON,1ST GEN|2ND GEN|3RD GEN,,,4,classic.com
CHRYSLER,LHS,,,,1,classic.com
CHRYSLER,NEW YORKER,10TH GEN|11TH GEN|12TH GEN|13TH GEN|14TH GEN|1ST GEN|2ND GEN|3RD GEN|4TH GEN|5TH GEN|6TH GEN|7TH GEN|8TH GEN|9TH GEN,,,15,classic.com
CHRYSLER,NEWPORT,1ST GEN|2ND GEN|3RD GEN|4TH GEN|5TH GEN,,PHAETON,7,classic.com
CHRYSLER,PT CRUISER,,,,1,classic.com
CHRYSLER,ROYAL,1ST GEN|2ND GEN,,,3,classic.com
CHRYSLER,SARATOGA,,,,1,classic.com
CHRYSLER,SEBRING,,,,1,classic.com
CHRYSLER,SERIES 50,,,,1,classic.com
CHRYSLER,SERIES 60,,,,1,classic.com
CHRYSLER,SERIES 65,,,,1,classic.com
CHRYSLER,SERIES 70,,,,1,classic.com
CHRYSLER,SERIES 75,,,,1,classic.com
CHRYSLER,SNO RUNNER,,,,1,classic.com
CHRYSLER,TC BY MASERATI,,,,1,classic.com
CHRYSLER,THUNDERBOLT,,,,1,classic.com
CHRYSLER,TOWN COUNTRY,2ND GEN|3RD GEN|4TH GEN|5TH GEN|6TH GEN|7TH GEN|8TH GEN,1ST GEN POST WAR|1ST GEN PRE WAR,MINIVAN,11,classic.com
CHRYSLER,VALIANT,,,,1,classic.com
CHRYSLER,VOYAGER,,,,1,classic.com
CHRYSLER,WINDSOR,1ST GEN|2ND GEN|3RD GEN|4TH GEN|5TH GEN|6TH GEN|7TH GEN,,,8,classic.com
CISITALIA,202,,,,1,classic.com
CISITALIA,505 DF,,,,1,classic.com
CISITALIA,808XF,,,,1,classic.com
CISITALIA,850,,,,1,classic.com
CISITALIA,D46,,,,1,classic.com
CITROEN,1224,,,,1,classic.com
CITROEN,2CV,,BASE|SAHARA,,3,classic.com
CITROEN,ACADIANE,,,,1,classic.com
CITROEN,AMI,,AMI CLASSIC|AMI ELECTRIC,,3,classic.com
CITROEN,AX,,,,1,classic.com
CITROEN,AXEL,,,,1,classic.com
CITROEN,BELPHEGOR,,,,1,classic.com
CITROEN,BERLINGO,,,,1,classic.com
CITROEN,BIJOU,,,,1,classic.com
CITROEN,BX,,,,1,classic.com
CITROEN,C15,,,,1,classic.com
CITROEN,C2,,,,1,classic.com
CITROEN,C3,,,,1,classic.com
CITROEN,C35,,,,1,classic.com
CITROEN,C4,,,,1,classic.com
CITROEN,C4 C6,,,,1,classic.com
CITROEN,C5,,,,1,classic.com
CITROEN,C6,,,,1,classic.com
CITROEN,CX,,,,1,classic.com
CITROEN,D,,D SPECIAL|D SUPER|D SUPER 5,,4,classic.com
CITROEN,DALAT,,,,1,classic.com
CITROEN,DS,DS19|DS20|DS21|DS23|M35,CONCORDE|DS19 SEDAN|DS19 WAGON|DS21 SEDAN|DS21 WAGON|DS23 SEDAN|DS23 WAGON|LE CADDY|LE DANDY|LE LEMAN|MAJESTY|PALM BEACH|PRESTIGE,CABRIOLET,27,classic.com
CITROEN,DYANE,,,,1,classic.com
CITROEN,DYNA M,,,,1,classic.com
CITROEN,GS,,,,1,classic.com
CITROEN,H VAN,,,,1,classic.com
CITROEN,ID,ID19|ID20|ID21,,,4,classic.com
CITROEN,KEGRESSE,,,,1,classic.com
CITROEN,LNA,,,,1,classic.com
CITROEN,MEHARI,,,,1,classic.com
CITROEN,ROSALIE,,,,1,classic.com
CITROEN,SAXO,,,,1,classic.com
CITROEN,SM,,,,1,classic.com
CITROEN,SPECIALS,,,,1,classic.com
CITROEN,TRACTION AVANT,,,,1,classic.com
CITROEN,TYPE A,,,,1,classic.com
CITROEN,TYPE B10,,,,1,classic.com
CITROEN,TYPE B12,,,,1,classic.com
CITROEN,TYPE B14,,,,1,classic.com
CITROEN,TYPE B2,,,,1,classic.com
CITROEN,TYPE C,,,,1,classic.com
CITROEN,VISA,,,,1,classic.com
CITROEN,XANTIA,,,,1,classic.com
CITROEN,XM,,,,1,classic.com
CITROEN,XSARA,,,,1,classic.com
CITROEN,ZX,,,,1,classic.com
CMC,DESTINY,,,,1,classic.com
CMC,GAZELLE,,,,1,classic.com
CMC,TIFFANY,,,,1,classic.com
COOPER,ALL MODELS,,,,1,classic.com
COOPER,T39,,,,1,classic.com
COOPER,T49,,,,1,classic.com
COOPER,T57,,,,1,classic.com
COOPER,T61,,,,1,classic.com
CORD,810,,,,1,classic.com
CORD,812,,,,1,classic.com
CORD,L 29,,,,1,classic.com
CORD,REPLICAS,,,,1,classic.com
CROSLEY,CC FOUR,,,,1,classic.com
CROSLEY,CD FOUR,,,,1,classic.com
CROSLEY,FARM O ROAD,,,,1,classic.com
CROSLEY,HOTSHOT,,,,1,classic.com
CROSLEY,SERIES,,,,1,classic.com
CZINGER,21C,,,,1,classic.com
DAF,26002605,,,,1,classic.com
DAF,33,,,,1,classic.com
DAF,400,,,,1,classic.com
DAF,44,,,,1,classic.com
DAF,55,,,,1,classic.com
DAF,66,,,,1,classic.com
DAF,DAFFODIL,,,,1,classic.com
DAF,YA,,,,1,classic.com
DAIHATSU,CHARADE,,,,1,classic.com
DAIHATSU,CHARMANT,,,,1,classic.com
DAIHATSU,COPEN,,,,1,classic.com
DAIHATSU,DELTA,,,,1,classic.com
DAIHATSU,HIJET,,,,1,classic.com
DAIHATSU,LEEZA,,,,1,classic.com
DAIHATSU,MIDGET,,,,1,classic.com
DAIHATSU,MIRA,,,,1,classic.com
DAIHATSU,MOVE,,,,1,classic.com
DAIHATSU,ROCKY RUGGER,,,,1,classic.com
DAIHATSU,TAFT,,,,1,classic.com
DAIHATSU,TERIOS,,,,1,classic.com
DAIMLER,25 V8,,,,1,classic.com
DAIMLER,CONQUEST,,,,1,classic.com
DAIMLER,DAIMLER XJ40,,,,1,classic.com
DAIMLER,DB18,,,,1,classic.com
DAIMLER,DE,,,,1,classic.com
DAIMLER,DK400,,,,1,classic.com
DAIMLER,DOUBLE SIX,,,,1,classic.com
DAIMLER,DS420,,,,1,classic.com
DAIMLER,E20,,,,1,classic.com
DAIMLER,FERRET,,,,1,classic.com
DAIMLER,FOUR,,,,1,classic.com
DAIMLER,MAJESTIC,,,,1,classic.com
DAIMLER,REGENCY,,,,1,classic.com
DAIMLER,SIX,,,,1,classic.com
DAIMLER,SIX X300,,,,1,classic.com
DAIMLER,SOVEREIGN,,,,1,classic.com
DAIMLER,SP250,,,,1,classic.com
DAIMLER,STRAIGHT EIGHT,,,,1,classic.com
DAIMLER,SUPER V8,,,,1,classic.com
DAIMLER,V8 250,,,,1,classic.com
DALLARA,DAYTONA PROTOTYPES,,,,1,classic.com
DALLARA,FORMULA 2,,,,1,classic.com
DALLARA,FORMULA 3,,,,1,classic.com
DALLARA,FORMULA RENAULT,,,,1,classic.com
DALLARA,INDY,,,,1,classic.com
DALLARA,LE MANS,,,,1,classic.com
DALLARA,MPS,,,,1,classic.com
DALLARA,STRADALE,,,,1,classic.com
DE SOTO,1961,,,,1,classic.com
DE SOTO,ADVENTURER,,,,1,classic.com
DE SOTO,AIRFLOW,,,,1,classic.com
DE SOTO,AIRSTREAM,,,,1,classic.com
DE SOTO,CF EIGHT,,,,1,classic.com
DE SOTO,CUSTOM,,,,1,classic.com
DE SOTO,DELUXE,,,,1,classic.com
DE SOTO,FIREDOME,1ST GEN|2ND GEN|3RD GEN,,,4,classic.com
DE SOTO,FIREFLITE,,,,1,classic.com
DE SOTO,FIRESWEEP,,,,1,classic.com
DE SOTO,POWERMASTER,,,,1,classic.com
DE SOTO,S3,,,,1,classic.com
DE SOTO,S5,,,,1,classic.com
DE SOTO,SIX,,,,1,classic.com
DE TOMASO,DEAUVILLE,,,,1,classic.com
DE TOMASO,GUARA,,,,1,classic.com
DE TOMASO,LONGCHAMP,,,,1,classic.com
DE TOMASO,MANGUSTA,,,,1,classic.com
DE TOMASO,PANTERA,GT5,GT5 S|GTS|SI,,7,classic.com
DE TOMASO,VALLELUNGA,,,,1,classic.com
DELAGE,D SERIES,,,,1,classic.com
DELAGE,D6,,,,1,classic.com
DELAGE,D8,,,,1,classic.com
DELAGE,TYPE AI,,,,1,classic.com
DELAHAYE,134,,,,1,classic.com
DELAHAYE,135,135,135M|135MS|135S|REPLICA,,6,classic.com
DELAHAYE,145,,,,1,classic.com
DELAHAYE,148,,,,1,classic.com
DELAHAYE,175,,,,1,classic.com
DELAHAYE,178,,,,1,classic.com
DELAHAYE,180,,,,1,classic.com
DELAHAYE,235,,,,1,classic.com
DELAHAYE,TYPE 43,,,,1,classic.com
DELAHAYE,TYPE 48,,,,1,classic.com
DELOREAN,DMC 12,,AUTOMATIC|MANUAL,,3,classic.com
DEVIN,C,,,,1,classic.com
DEVIN,D,,,,1,classic.com
DEVIN,MONZA,,,,1,classic.com
DEVIN,SPECIAL KIT CARS,,,,1,classic.com
DEVIN,SUPER SPORT,,,,1,classic.com
DIAMOND T,306,,,,1,classic.com
DIAMOND T,509,,,,1,classic.com
DIAMOND T,700 SERIES,,,,1,classic.com
DIAMOND T,900 SERIES,,,,1,classic.com
DIAMOND T,M3 HALF TRACK,,,,1,classic.com
DIAMOND T,MODEL 201,,,,1,classic.com
DIAMOND T,MODEL 222,,,,1,classic.com
DIAMOND T,MODEL 301,,,,1,classic.com
DIAMOND T,MODEL 406,,,,1,classic.com
DIAMOND T,MODEL 80,,,,1,classic.com
DKW,1000,,,,1,classic.com
DKW,F SERIES,,,,1,classic.com
DKW,JUNIOR,,,,1,classic.com
DKW,MOTORCYCLES,,,,1,classic.com
DKW,MUNGA,,,,1,classic.com
DKW,SCHNELLASTER,,,,1,classic.com
DOBLE,SERIES E,,,,1,classic.com
DOBLE,SERIES F,,,,1,classic.com
DODGE,330,,,,1,classic.com
DODGE,3700,,,,1,classic.com
DODGE,400,,,,1,classic.com
DODGE,440,,,,1,classic.com
DODGE,600,,,,1,classic.com
DODGE,A100,,,,1,classic.com
DODGE,ARIES,,,,1,classic.com
DODGE,ASPEN,,,,1,classic.com
DODGE,B SERIES,,,,1,classic.com
DODGE,C SERIES,,,,1,classic.com
DODGE,CALIBER,,,,1,classic.com
DODGE,CARAVAN,,,,1,classic.com
DODGE,CHALLENGER,1ST GEN|2ND GEN|3RD GEN,BLACK GHOST|DRAG PAK|GT|HENNESSEY|RT|SALEEN|SRT 392|SRT DEMON|SRT DEMON 170|SRT HELLCAT|SRT HELLCAT REDEYE|SRT JAILBREAK|SRT SUPER STOCK|SRT8|SWINGER|SXT|TA,,25,classic.com
DODGE,CHARGER,1ST GEN|2ND GEN|3RD GEN|4TH GEN|5TH GEN|6TH GEN|7TH GEN|8TH GEN,426CI V8 HEMI|440CI V8|500|DAYTONA|DAYTONA RT|DAYTONA SCAT PACK|KING DAYTONA|RT|SCAT PACK|SRT 392|SRT 8|SRT HELLCAT|SRT HELLCAT REDEYE|SRT JAILBREAK|SUPER BEE|SWINGER,,36,classic.com
DODGE,COLT,,,,1,classic.com
DODGE,CONQUEST,,,,1,classic.com
DODGE,CORONET,1ST GEN|2ND GEN|3RD GEN|4TH GEN|5TH GEN|6TH GEN|7TH GEN,RT,,10,classic.com
DODGE,CUSTOM,,,,1,classic.com
DODGE,CUSTOM 880,,,,1,classic.com
DODGE,CUSTOM ROYAL,,,,1,classic.com
DODGE,D SERIES,1ST GEN|2ND GEN|3RD GEN|D100|D150|D200|D300|W100|W150|W200|W300|W400,LIL RED EXPRESS|WARLOCK,,15,classic.com
DODGE,DAKOTA,1ST GEN|2ND GEN,LIL RED EXPRESS|SHELBY DAKOTA|SPORT CONVERTIBLE,,7,classic.com
DODGE,DART,1ST GEN|2ND GEN|3RD GEN|4TH GEN,DEMON|GT|GTS|SPORT|SWINGER,,12,classic.com
DODGE,DAYTONA,,,,1,classic.com
DODGE,DELUXE,,,,1,classic.com
DODGE,DIPLOMAT,,,,1,classic.com
DODGE,DURANGO,1ST GEN|2ND GEN|3RD GEN,HENNESSEY|RT|SHELBY SP360|SRT|SRT HELLCAT,,10,classic.com
DODGE,DYNASTY,,,,1,classic.com
DODGE,EIGHT,,,,1,classic.com
DODGE,FIREARROW,,,,1,classic.com
DODGE,FIRST SERIES,,,,1,classic.com
DODGE,FORE POINT SERIES,,,,1,classic.com
DODGE,FOUR,,,,1,classic.com
DODGE,INTREPID,,,,1,classic.com
DODGE,LA FEMME,,,,1,classic.com
DODGE,LANCER,1ST GEN|2ND GEN,,,3,classic.com
DODGE,LUXURY LINER,,,,1,classic.com
DODGE,M37,,,,1,classic.com
DODGE,MAGNUM B PLATFORM,,,,1,classic.com
DODGE,MAGNUM LX PLATFORM,,,,1,classic.com
DODGE,MATADOR,,,,1,classic.com
DODGE,MEADOWBROOK,,,,1,classic.com
DODGE,MEXICAN SUPER BEE,,,,1,classic.com
DODGE,MIRADA,,,,1,classic.com
DODGE,MODEL 30,,,,1,classic.com
DODGE,MONACO,,,,1,classic.com
DODGE,NASCAR,,,,1,classic.com
DODGE,NEON,,SRT 4,,2,classic.com
DODGE,OMNI,,GLH S,,2,classic.com
DODGE,POLARA,1ST GEN|2ND GEN|3RD GEN|4TH GEN,,,5,classic.com
DODGE,POWER WAGON,,TYPE D|TYPE G,,4,classic.com
DODGE,RAIDER,,,,1,classic.com
DODGE,RAM,1ST GEN|2ND GEN|3RD GEN|4TH GEN|5TH GEN|D100|D150|D200|D250|D350|W100|W150|W200|W250|W350,1500|2500|3500|HENNESSEY|INDY PACE TRUCK|RHO|SRT 10|SST|TRX,,34,classic.com
DODGE,RAM 50,,,,1,classic.com
DODGE,RAM VAN,,,,1,classic.com
DODGE,RAMCHARGER,1ST GEN|2ND GEN|3RD GEN,,,4,classic.com
DODGE,RAMPAGE,,,,1,classic.com
DODGE,ROYAL,,,,1,classic.com
DODGE,SECOND SERIES,,,,1,classic.com
DODGE,SHADOW,,,,1,classic.com
DODGE,SIERRA,,,,1,classic.com
DODGE,SIX,,,,1,classic.com
DODGE,SPACEVAN,,,,1,classic.com
DODGE,SPIRIT,,,,1,classic.com
DODGE,STEALTH,,ES|RT|RT TWIN TURBO,,5,classic.com
DODGE,STRATUS,,,,1,classic.com
DODGE,SUPER BEE,,,,1,classic.com
DODGE,T V SERIES,,,,1,classic.com
DODGE,TOWN WAGON TOWN PANEL,,,,1,classic.com
DODGE,TRAVCO,,,,1,classic.com
DODGE,VIPER,1ST GEN|2ND GEN|3RD GEN|4TH GEN|5TH GEN|RT10,ACR|ACR SR II|ACR X ZB II|ACR ZB II|COUPE ZB I|COUPE ZB II|GT|GT2 GTS R|GTS|GTS R|HENNESSEY|MAMBA EDITION|ROADSTER ZB I|ROADSTER ZB II|SRT|TA|VOI9 EDITION,,26,classic.com
DODGE,W SERIES,,,,1,classic.com
DODGE,WAYFARER,,,,1,classic.com
DODGE,WC SERIES,,,,1,classic.com
DONKERVOORT,D8,,GTO|GTO JD70,,4,classic.com
DONKERVOORT,S7,,,,1,classic.com
DONKERVOORT,S8,,,,1,classic.com
DUCATI,100,,,,1,classic.com
DUCATI,1098,,,,1,classic.com
DUCATI,1198,,,,1,classic.com
DUCATI,200,,,,1,classic.com
DUCATI,239,,,,1,classic.com
DUCATI,250,,24 HORAS|DIANA|DIANA MARK 3,,4,classic.com
DUCATI,350,,,,1,classic.com
DUCATI,350 SPORT DESMO,,,,1,classic.com
DUCATI,400 F3,,,,1,classic.com
DUCATI,450,,,,1,classic.com
DUCATI,48,,,,1,classic.com
DUCATI,50,,,,1,classic.com
DUCATI,60,,,,1,classic.com
DUCATI,748,,,,1,classic.com
DUCATI,749,,,,1,classic.com
DUCATI,750 F1,,,,1,classic.com
DUCATI,750 GT,,,,1,classic.com
DUCATI,750 IMOLA DESMO,,,,1,classic.com
DUCATI,750 SPORT,,,,1,classic.com
DUCATI,750 SPORT PASO,,,,1,classic.com
DUCATI,848,,,,1,classic.com
DUCATI,85,,,,1,classic.com
DUCATI,851,,,,1,classic.com
DUCATI,860,,,,1,classic.com
DUCATI,888,,,,1,classic.com
DUCATI,916,,,,1,classic.com
DUCATI,98,,,,1,classic.com
DUCATI,996,,,,1,classic.com
DUCATI,998,,,,1,classic.com
DUCATI,999,,,,1,classic.com
DUCATI,CRUISER,,,,1,classic.com
DUCATI,CUCCIOLO,,,,1,classic.com
DUCATI,DARMAH,,,,1,classic.com
DUCATI,DESERT X,,,,1,classic.com
DUCATI,DESMOSEDICI,,,,1,classic.com
DUCATI,DIAVEL,,,,1,classic.com
DUCATI,DUCATI NCR900 RACER,,,,1,classic.com
DUCATI,E 900,,,,1,classic.com
DUCATI,GRAN SPORT MARIANNA,,,,1,classic.com
DUCATI,HYPERMOTARD,,,,1,classic.com
DUCATI,HYPERSTRADA,,,,1,classic.com
DUCATI,MACH 1,,,,1,classic.com
DUCATI,MARK 3,,,,1,classic.com
DUCATI,MH900 EVOLUCIONE,,,,1,classic.com
DUCATI,MIKE HAILWOOD REPLICA,900,MILLE,,3,classic.com
DUCATI,MONSTER,,,,1,classic.com
DUCATI,MONZA,,,,1,classic.com
DUCATI,MONZA JUNIOR,,,,1,classic.com
DUCATI,MULTISTRADA,,,,1,classic.com
DUCATI,PANIGALE,899|959|V2|V4,1199|1299,,7,classic.com
DUCATI,PANTAH,,,,1,classic.com
DUCATI,PASO,,,,1,classic.com
DUCATI,ROAD 250,,,,1,classic.com
DUCATI,RT 450,,,,1,classic.com
DUCATI,SCRAMBLER,1ST GEN|2ND GEN,,,3,classic.com
DUCATI,SPORTCLASSICS,,,,1,classic.com
DUCATI,ST SERIES,,,,1,classic.com
DUCATI,STREETFIGHTER,848|V2|V4|V4S,BASE|S,,7,classic.com
DUCATI,SUPERSPORT,,,,1,classic.com
DUCATI,TT,,,,1,classic.com
DUESENBERG,II,,,,1,classic.com
DUESENBERG,MODEL A,,,,1,classic.com
DUESENBERG,MODEL D,,,,1,classic.com
DUESENBERG,MODEL J,,JN|SJ|SSJ,,5,classic.com
DUESENBERG,MODEL X,,,,1,classic.com
DUESENBERG,MODEL Y,,,,1,classic.com
DUESENBERG,REPLICA,,,,1,classic.com
EAGLE,PREMIER,,,,1,classic.com
EAGLE,SUMMIT,,,,1,classic.com
EAGLE,TALON,,,,1,classic.com
EAGLE,VISION,,,,1,classic.com
EDSEL,BERMUDA,,,,1,classic.com
EDSEL,CITATION,,,,1,classic.com
EDSEL,CORSAIR,,,,1,classic.com
EDSEL,PACER,,,,1,classic.com
EDSEL,RANGER,,,,1,classic.com
EDSEL,ROUNDUP,,,,1,classic.com
EDSEL,VILLAGER,,,,1,classic.com
EMW,327,,,,1,classic.com
EMW,340,,,,1,classic.com
ESSEX,FOUR,,,,1,classic.com
ESSEX,SIX,,,,1,classic.com
ESSEX,TERRAPLANE,,,,1,classic.com
FACEL VEGA,EXCELLENCE,,,,1,classic.com
FACEL VEGA,FACEL 6,,,,1,classic.com
FACEL VEGA,FACEL II,,,,1,classic.com
FACEL VEGA,FACEL III,,,,1,classic.com
FACEL VEGA,FACELLIA,,,,1,classic.com
FACEL VEGA,FV,,,,1,classic.com
FACEL VEGA,HK500,,,,1,classic.com
FACTORY FIVE,33 HOT ROD,,,,1,classic.com
FACTORY FIVE,35 PICKUP,,,,1,classic.com
FACTORY FIVE,818,,,,1,classic.com
FERRARI,12CILINDRI,,,,1,classic.com
FERRARI,166,,INTER|MM|S,,4,classic.com
FERRARI,195 INTER,,,,1,classic.com
FERRARI,208,,,,1,classic.com
FERRARI,212,,EUROPA|EXPORT|INTER,,4,classic.com
FERRARI,225 S,,,,1,classic.com
FERRARI,250,,EUROPA|EUROPA GT|GT BERLINETTA COMPETIZIONE|GT BERLINETTA LWB|GT BERLINETTA SWB|GT CABRIOLET PF SERIES I|GT CABRIOLET PF SERIES II|GT CALIFORNIA LWB|GT CALIFORNIA SWB|GT COUPE BOANO ELLENA|GT COUPE PF|GT COUPE PF SPECIALE|GT LUSSO|GTE 22|GTO|LM|MM|MONZA|RE CREATION|REPLICA|TESTA ROSSA,,22,classic.com
FERRARI,275,,GTB|GTB COMPETIZIONE SPECIALE|GTB4|GTBC|GTS|GTS4 NART SPIDER,,7,classic.com
FERRARI,288 GTO,,,,1,classic.com
FERRARI,290 MM,,,,1,classic.com
FERRARI,296,,CHALLENGE|GTB|GTS,,4,classic.com
FERRARI,308,,GTB|GTB QV|GTB VETRORESINA|GTBI|GTS|GTS QV|GTSI,,8,classic.com
FERRARI,312 PB,,,,1,classic.com
FERRARI,328,,GTB|GTS,,3,classic.com
FERRARI,330,,AMERICA|GT 22 SERIES I|GT 22 SERIES II|GTC|GTS,,6,classic.com
FERRARI,333 SP,,,,1,classic.com
FERRARI,335 S,,,,1,classic.com
FERRARI,348,,CHALLENGE|GT COMPETIZIONE|GTB|GTS|SERIE SPECIALE|TB|TS|ZAGATO ELABORAZIONE,SPIDER,10,classic.com
FERRARI,360,,CHALLENGE STRADALE|MANUAL CONVERSIONS|MODENA CHALLENGE|MODENA F1|MODENA MANUAL|N GT|SPIDER F1,SPIDER,9,classic.com
FERRARI,365,,CALIFORNIA|GT 22|GTC|GTC4|GTS,,6,classic.com
FERRARI,365 GT4 22 400 412,,365 GT4 22|400 AUTOMATIC|400 MANUAL|400I AUTOMATIC|400I MANUAL|412 AUTOMATIC|412 MANUAL|MEERA S,,9,classic.com
FERRARI,375 MM,,,,1,classic.com
FERRARI,375 PLUS,,,,1,classic.com
FERRARI,410 S,,,,1,classic.com
FERRARI,412 P,,,,1,classic.com
FERRARI,456,,GT|GTA|M GT|M GTA,,5,classic.com
FERRARI,458,GT3,CHALLENGE|SERGIO|SPECIALE|SPECIALE A,COUPE|SPIDER,8,classic.com
FERRARI,488,,70TH ANNIVERSARY|CHALLENGE|GT3GTE|GTB|PISTA|PISTA PILOTI FERRARI|PISTA SPIDER,SPIDER,9,classic.com
FERRARI,500 MONDIAL,,,,1,classic.com
FERRARI,500 TRC,,,,1,classic.com
FERRARI,512 TR,,,,1,classic.com
FERRARI,550,,BARCHETTA|MARANELLO,,4,classic.com
FERRARI,575M,,GTC|GTZ|MANUAL CONVERSIONS|MARANELLO F1|MARANELLO MANUAL|SUPERAMERICA F1|SUPERAMERICA MANUAL,,8,classic.com
FERRARI,599,SP30,60 F1|GTB F1|GTB MANUAL|GTO|GTZ|HGTE|MANUAL CONVERSIONS|SA APERTA|XX,,11,classic.com
FERRARI,612 SCAGLIETTI,F1,MANUAL|MANUAL CONVERSIONS|SESSANTA,,5,classic.com
FERRARI,735 LM 121 LM,,,,1,classic.com
FERRARI,750 MONZA,,,,1,classic.com
FERRARI,812,,COMPETIZIONE|GTS|SUPERFAST,,4,classic.com
FERRARI,AMERICA,,340 AMERICA|340 MM|342 AMERICA|375 AMERICA|400 SUPERAMERICA|410 SUPERAMERICA|500 SUPERFAST,,8,classic.com
FERRARI,BERLINETTA BOXER,,365 GT4 BB|512 BBLM|BB 512|BB 512I,,5,classic.com
FERRARI,CALIFORNIA,,30|BASE|T TWIN TURBO,,4,classic.com
FERRARI,DAYTONA,,365 GTB4|365 GTS4|COMPETIZIONE|REPLICA,,5,classic.com
FERRARI,DAYTONA SP3,,,,1,classic.com
FERRARI,DINO,,206 GT|206 S|208 GT4|246 GT|246 GTS|308 GT4,,7,classic.com
FERRARI,ENZO,,,,1,classic.com
FERRARI,F12,,70TH ANNIVERSARY|BERLINETTA|F60 AMERICA|TDF,,5,classic.com
FERRARI,F355,,BERLINETTA F1|BERLINETTA MANUAL|CHALLENGE|GTS F1|GTS MANUAL|MANUAL CONVERSIONS|SPIDER F1|SPIDER SERIE FIORANO,SPIDER,10,classic.com
FERRARI,F40,,,,1,classic.com
FERRARI,F40 LM,,,,1,classic.com
FERRARI,F430,F1|GT3,CHALLENGE|GTC|MANUAL|MANUAL CONVERSIONS|SCUDERIA|SCUDERIA SPIDER 16M,COUPE|SPIDER,13,classic.com
FERRARI,F50,,,,1,classic.com
FERRARI,F512 M,,,,1,classic.com
FERRARI,F8,,TRIBUTO,SPIDER,3,classic.com
FERRARI,FF,,,,1,classic.com
FERRARI,FORMULA 1,,,,1,classic.com
FERRARI,FXX,,,,1,classic.com
FERRARI,FXX K,,,,1,classic.com
FERRARI,GTC4LUSSO,V12,T,,3,classic.com
FERRARI,LAFERRARI,,APERTA,COUPE,3,classic.com
FERRARI,MONDIAL,,32 CABRIOLET|32 COUPE|8|QV CABRIOLET|QV COUPE|T CABRIOLET|T COUPE,,8,classic.com
FERRARI,MONZA SP,,,,1,classic.com
FERRARI,PORTOFINO,,BASE|M,,3,classic.com
FERRARI,PUROSANGUE,,,,1,classic.com
FERRARI,ROMA,,,COUPE|SPIDER,3,classic.com
FERRARI,SF90,,STRADALE|XX,SPIDER,4,classic.com
FERRARI,SP,,,,1,classic.com
FERRARI,TESTAROSSA,,,,1,classic.com
FERVES,RANGER,,,,1,classic.com
FIAT,1100,,,,1,classic.com
FIAT,1200,,1200 CABRIOLET|1200 COUPE|1500 AERODYNAMICA BERLINETTA|1500 S CABRIOLET|1500 S COUPE|1600 S CABRIOLET|1600 S COUPE|GRANLUCE|TV SPIDER,,10,classic.com
FIAT,1215 HP,,,,1,classic.com
FIAT,124,,ABARTH RALLY|BERLINA BERLINE|SPECIAL|SPORT COUPE|SPORT SPIDER,SEDAN|SPIDER,8,classic.com
FIAT,125,,,,1,classic.com
FIAT,126,,,,1,classic.com
FIAT,127,,,,1,classic.com
FIAT,128,,,,1,classic.com
FIAT,130,,,,1,classic.com
FIAT,1300 1500,,1300|1500|1500 TS,COUPE|SPIDER,7,classic.com
FIAT,131,,ABARTH RALLY RACE CAR|ABARTH RALLY STRADALE,,4,classic.com
FIAT,132,,,,1,classic.com
FIAT,1400 1900,,,,1,classic.com
FIAT,1500,,,,1,classic.com
FIAT,1800 2100,,,,1,classic.com
FIAT,2300,,,,1,classic.com
FIAT,238,,,,1,classic.com
FIAT,24 32 HP,,,,1,classic.com
FIAT,241,,,,1,classic.com
FIAT,242,,,,1,classic.com
FIAT,2800,,,,1,classic.com
FIAT,500,500,ABARTH|ABARTH 695 SS|ABARTH ASSETTO CORSE|E|GAMINE|JOLLY|JOLLY REPLICA|NUOVA 500|REPLICA|TOPOLINO,,15,classic.com
FIAT,501,,,,1,classic.com
FIAT,503,,,,1,classic.com
FIAT,505,,,,1,classic.com
FIAT,508 BALILLA,,,,1,classic.com
FIAT,508 C BALILLA 1100,,,,1,classic.com
FIAT,509,,,,1,classic.com
FIAT,510,,,,1,classic.com
FIAT,512,,,,1,classic.com
FIAT,514,,,,1,classic.com
FIAT,519,,,,1,classic.com
FIAT,520,,,,1,classic.com
FIAT,521,,,,1,classic.com
FIAT,522,,,,1,classic.com
FIAT,525,,,,1,classic.com
FIAT,60 HP,,,,1,classic.com
FIAT,600,,1000 TC|600D|600E|600L|600T|850 TC|JOLLY|MIRAFIORI|MULTIPLA|SAVIO JUNGLA|VIGNALE|VIOTTI COUPE|VIOTTI TORINO,,15,classic.com
FIAT,616,,,,1,classic.com
FIAT,625,,,,1,classic.com
FIAT,6602,,,,1,classic.com
FIAT,850,,LOMBARDI GRAND PRIX|SHELLETTE,COUPE|SPIDER|VAN,7,classic.com
FIAT,8V,,,,1,classic.com
FIAT,900T,,,,1,classic.com
FIAT,ABARTH,750,1600 SPYDER ALLEMANO|850 ALLEMANO|ABARTH 2200|BIALBERO MONOMILLE,,6,classic.com
FIAT,BARCHETTA,,,,1,classic.com
FIAT,BRAVO BRAVA,,,,1,classic.com
FIAT,CAMPAGNOLA,,1101|1107,,3,classic.com
FIAT,CINQUECENTO,,,,1,classic.com
FIAT,COUPE,,,,1,classic.com
FIAT,DINO,,20|24,COUPE|SPIDER,7,classic.com
FIAT,DUCATO,,,,1,classic.com
FIAT,FIORINO,,,,1,classic.com
FIAT,MAREA,,,,1,classic.com
FIAT,MODEL 56,,,,1,classic.com
FIAT,MORETTI SPORTIVA,,,,1,classic.com
FIAT,MULTIPLA,,,,1,classic.com
FIAT,PANDA,,,,1,classic.com
FIAT,PREMIO,,,,1,classic.com
FIAT,PUNTO,,,,1,classic.com
FIAT,RITMO,,,,1,classic.com
FIAT,SEICENTO,,,,1,classic.com
FIAT,TEMPRA,,,,1,classic.com
FIAT,TIPO,,,,1,classic.com
FIAT,TIPO 6,,,,1,classic.com
FIAT,UNO,,,,1,classic.com
FIAT,X19,,,,1,classic.com
FIBERFAB,AVENGER GT,,,,1,classic.com
FIBERFAB,AZTEC,,,,1,classic.com
FIBERFAB,CARIBEE,,,,1,classic.com
FIBERFAB,JAMAICAN,,,,1,classic.com
FIBERFAB,VALKYRIE,,,,1,classic.com
FISKER,KARMA,,,,1,classic.com
FISKER,LATIGO CS,,,,1,classic.com
FISKER,OCEAN,,,,1,classic.com
FISKER,TRAMONTO,,,,1,classic.com
FORCE INDIA,FORMULA 1,,,,1,classic.com
FORD,300,,,,1,classic.com
FORD,AEROSTAR,,,,1,classic.com
FORD,ANGLIA EUROPE,,,,1,classic.com
FORD,B SERIES,,,,1,classic.com
FORD,BREWSTER FORD,,,,1,classic.com
FORD,BRONCO,1ST GEN|2ND GEN|3RD GEN|4TH GEN|5TH GEN|6TH GEN,BADLANDS|BIG BEND|BILL STROPPE EDITION|BLACK DIAMOND|DESERT RACER|EVERGLADES|FIRST EDITION|HENNESSEY|HERITAGE EDITION|OUTER BANKS|RAPTOR|SOFLO SUMMERTIME|STROPPE BAJA EDITION|WILDTRAK,PICKUP|ROADSTER|WAGON,27,classic.com
FORD,BRONCO II,,,,1,classic.com
FORD,C SERIES,,,,1,classic.com
FORD,CAPRI EUROPE,,MKI|MKII|MKIII,,5,classic.com
FORD,COMETE EUROPE,,,,1,classic.com
FORD,CONSUL EUROPE,,,,1,classic.com
FORD,CONTOUR,,,,1,classic.com
FORD,CORSAIR EUROPE,,,,1,classic.com
FORD,CORTINA,,,,1,classic.com
FORD,COUGAR,,,,1,classic.com
FORD,COUNTRY SEDAN,1ST GEN|2ND GEN|3RD GEN|4TH GEN|5TH GEN|6TH GEN,,,7,classic.com
FORD,COUNTRY SQUIRE,1ST GEN|2ND GEN|3RD GEN|4TH GEN|5TH GEN|6TH GEN|7TH GEN|8TH GEN,,,9,classic.com
FORD,COURIER,1ST GEN|2ND GEN,,,3,classic.com
FORD,CRESTLINE,,,,1,classic.com
FORD,CROWN VICTORIA,,,,1,classic.com
FORD,CUSTOM 300 500,1ST GEN|2ND GEN,,,3,classic.com
FORD,CUSTOM DELUXE DELUXE,,,,1,classic.com
FORD,CUSTOMLINE,1ST GEN|2ND GEN,,,3,classic.com
FORD,DEL RIO,,,,1,classic.com
FORD,DELUXE SUPER DELUXE,,SPORTSMAN,,4,classic.com
FORD,EARLY MODEL A,,,,1,classic.com
FORD,EARLY MODEL B,,,,1,classic.com
FORD,ECONOLINE,1ST GEN|2ND GEN|3RD GEN|4TH GEN,,,5,classic.com
FORD,EIFEL,,,,1,classic.com
FORD,ELITE,,,,1,classic.com
FORD,ESCORT EUROPE,MK1|MK2|MK3|MK4|MK5|MK6|RS1600|RS2000,MEXICO|MONTE CARLO|RS COSWORTH|TWIN CAM,,17,classic.com
FORD,ESCORT NORTH AMERICA,,,,1,classic.com
FORD,EXCURSION,,,,1,classic.com
FORD,EXP,,,,1,classic.com
FORD,EXPEDITION,1ST GEN|2ND GEN,,,3,classic.com
FORD,EXPLORER,1ST GEN|2ND GEN|3RD GEN|4TH GEN|5TH GEN|6TH GEN,,,7,classic.com
FORD,EXPLORER SPORT TRAC,,,,1,classic.com
FORD,F SERIES,10TH GEN|11TH GEN|12TH GEN|13TH GEN|14TH GEN|1ST GEN|2ND GEN|3RD GEN|4TH GEN|5TH GEN|6TH GEN|7TH GEN|8TH GEN|9TH GEN|F100|F150|F250|F350,BOSS 54|F 1|F 100|F 2|F 250|F 3|F 350|F SUPER DUTY|FOOSE EDITION|HARLEY DAVIDSON EDITION|HEAVY DUTY|HENNESSEY|LIGHTNING|RAPTOR|RAPTOR R|ROUSH|SALEEN|SHELBY|SHELBY GT150|SVT LIGHTING|SVT RAPTOR|TONKA EDITION,,92,classic.com
FORD,F SERIES SUPER DUTY,1ST GEN|2ND GEN|3RD GEN|4TH GEN|5TH GEN,F 250|F 350|F 450|F 550|F 650|F 750,,34,classic.com
FORD,FAIRLANE,1ST GEN|2ND GEN|3RD GEN|4TH GEN|5TH GEN|6TH GEN|7TH GEN,FAIRLANE CROWN VICTORIA|THUNDERBOLT,,12,classic.com
FORD,FAIRLANE 500 SKYLINER,,,,1,classic.com
FORD,FALCON,1ST GEN|2ND GEN|3RD GEN,INTERMEDIATE,,6,classic.com
FORD,FALCON AUSTRALIA,,,,1,classic.com
FORD,FESTIVA,,,,1,classic.com
FORD,FIESTA,MK1|MK2|MK3|MK4|MK5|MK6,ST,,9,classic.com
FORD,FOCUS,MK1 EU|MK1 US|MK2 EU|MK3|RS500,RS|SALEEN|ST|SVT,,15,classic.com
FORD,FORMULA FORD,,,,1,classic.com
FORD,GALAXIE,1ST GEN|2ND GEN|3RD GEN|4TH GEN,STARLINER|SUNLINER,,8,classic.com
FORD,GPA AMPHIBIOUS,,,,1,classic.com
FORD,GRANADA AMERICA,,,,1,classic.com
FORD,GRANADA EUROPE,,,,1,classic.com
FORD,GT,1ST GEN|2ND GEN,CARBON SERIES|COMPETITION SERIES|GTX1|HERITAGE EDITION|LIGHTWEIGHT|LIQUID CARBON|MK II|MK IV|STUDIO COLLECTION SERIES,,15,classic.com
FORD,GT40,,,,1,classic.com
FORD,GT40 REPLICA CONTINUATION,,,,1,classic.com
FORD,HOT ROD HI BOY,,,,1,classic.com
FORD,LTD,1ST GEN|2ND GEN|3RD GEN|4TH GEN,,,5,classic.com
FORD,LTD CROWN VICTORIA,,,,1,classic.com
FORD,LTD II,,,,1,classic.com
FORD,M151,,,,1,classic.com
FORD,MAINLINE,,,,1,classic.com
FORD,MAVERICK,,,,1,classic.com
FORD,MODEL 18 40,,,,1,classic.com
FORD,MODEL 48 68,,,,1,classic.com
FORD,MODEL A,,,,1,classic.com
FORD,MODEL AA,,,,1,classic.com
FORD,MODEL B,,,,1,classic.com
FORD,MODEL BB,,,,1,classic.com
FORD,MODEL C,,,,1,classic.com
FORD,MODEL C TEN,,,,1,classic.com
FORD,MODEL F,,,,1,classic.com
FORD,MODEL K,,,,1,classic.com
FORD,MODEL N,,,,1,classic.com
FORD,MODEL R,,,,1,classic.com
FORD,MODEL T,,,,1,classic.com
FORD,MODEL TT,,,,1,classic.com
FORD,MODEL Y,,,,1,classic.com
FORD,MONDEO,,,,1,classic.com
FORD,MUSTANG,1ST GEN|2ND GEN|3RD GEN|4TH GEN|5TH GEN|6TH GEN|7TH GEN|P51|RS1|S 197 I|S 197 II|S281|S302,23L I4|302 BLACK LABEL|302 WHITE LABEL|302 YELLOW LABEL|360R|380R|427R|428R|429R|440A|450R|50L V8|50TH ANNIVERSARY|5XR|7 UP EDITION|80TH TRIBUTE EDITION|AFX|ASC MCLAREN|BARRETT JACKSON EDITION|BOSS 302|BOSS 302 LAGUNA SECA|BOSS 302 TRANS AM RACE CAR|BOSS 302S|BOSS 351|BOSS 429|BOYD CODDINGTON|BULLITT|CALIFORNIA SPECIAL|COBRA|COBRA JET LIGHTWEIGHT|DARK HORSE|DARK HORSE R|DARK HORSE SC|DAYTONA 500 PACE CAR|DRAG PAK|ECOBOOST|FEATURE EDITION|FOOSE STALLION|FORD PERFORMANCE RACE CARS|GHIA|GL|GLX|GT|GT ZAGATO ELABORAZIONE|GT350 20TH ANNIVERSARY|GTS|H281DG DAN GURNEY EDITION|H302 3V|H302 DARK HORSE|H302 SC|HENNESSEY|HERTZ PENSKE|HURST EDITION|IACOCCA|INDIANAPOLIS PACE CAR EDITION|INDY PACE CAR|JACK ROUSH EDITION|JACKHAMMER|KING PREMIER EDITION|LX|LX 38L V6|LX 50L V8|MACH 1|MCLAREN M81|OTHER VARIANTS|PETTYS GARAGE|RACECRAFT 420 S|REGENCY CONVERSIONS|REVENGE GT|ROUSH|RS|RTC|RTR|S281 3V|S281 EXTREME|S281 SC|S281 SUPERCHARGED|S281RF RED FLAG EDITION|S302 EXTREME|S302 EXTREME 25TH ANNIVERSARY|S302 PJ PARNELLI JONES EDITION|SA 40 SPEEDSTER|SAAC|SALEEN|SN 95|SN 99|SPORT|SSP|STAGE 1|STAGE 2|STAGE 3|STEVE MCQUEEN EDITION|SUMMER EDITION|SVO|SVT COBRA|SVT COBRA R|TRAKPAK|TURBO GT|TWISTER SPECIAL|WARRIOR,CONVERTIBLE|FASTBACK|HARDTOP|ROADSTER|SPEEDSTER,223,classic.com
FORD,NASCAR,,,,1,classic.com
FORD,ORION,,,,1,classic.com
FORD,P100,,,,1,classic.com
FORD,PARKLANE,,,,1,classic.com
FORD,PILOT EUROPE,,,,1,classic.com
FORD,PINTO,,,,1,classic.com
FORD,POPULAR,,,,1,classic.com
FORD,PRE WAR PICKUPS,,,,1,classic.com
FORD,PREFECT EUROPE,,,,1,classic.com
FORD,PROBE,,,,1,classic.com
FORD,PUMA,,BASE|RACING PUMA,,4,classic.com
FORD,RANCH WAGON,,,,1,classic.com
FORD,RANCHERO,1ST GEN|2ND GEN|3RD GEN|4TH GEN|5TH GEN|6TH GEN|7TH GEN,,,8,classic.com
FORD,RANGER,1ST GEN|2ND GEN|3RD GEN|4TH GEN|5TH GEN,,,6,classic.com
FORD,RS200,,,,1,classic.com
FORD,SCORPIO,,,,1,classic.com
FORD,SHELBY MUSTANG,1ST GEN|2ND GEN|3RD GEN|4TH GEN|CS6|CS8|GT350|GT350H|GT350R|GT500|S 197 I|S 197 II,BARRETT JACKSON SHELBY GT|CARROLL SHELBY CENTENNIAL EDITION|CONTINUATION SERIES|ELEANOR TRIBUTE EDITION|GT|GT C|GT H|GT350TA|GT500 50TH ANNIVERSARY EDITION SUPER SNAKE|GT500 CODE RED|GT500 SUPER SNAKE|GT500KR|GTS|GTSC|SHELBY 1000|SHELBY GT|SHELBY SIGNATURE EDITION|SUPER SNAKE|SUPER SNAKE SPEEDSTER|TERLINGUA,,56,classic.com
FORD,SIERRA,,RS COSWORTH|RS500 COSWORTH|SAPPHIRE RS COSWORTH,,6,classic.com
FORD,SQUIRE EUROPE,,,,1,classic.com
FORD,STANDARD DELUXE,,,,3,classic.com
FORD,T BUCKET HOT ROD,,,,1,classic.com
FORD,TAUNUS EUROPE,,,,1,classic.com
FORD,TAURUS,1ST GEN|2ND GEN|3RD GEN|4TH GEN|5TH GEN|6TH GEN,,,7,classic.com
FORD,TELSTAR,,,,1,classic.com
FORD,TEMPO,,,,1,classic.com
FORD,THAMES EUROPE,,,,1,classic.com
FORD,THUNDERBIRD,10TH GEN|11TH GEN|1ST GEN|2ND GEN|3RD GEN|4TH GEN|5TH GEN|6TH GEN|7TH GEN|8TH GEN|9TH GEN,,,12,classic.com
FORD,TORINO,1ST GEN|2ND GEN|3RD GEN,,,4,classic.com
FORD,TRACTORS,,,,1,classic.com
FORD,TRANSIT,,,,1,classic.com
FORD,UTE AUSTRALIA,,,,1,classic.com
FORD,VEDETTE EUROPE,,,,1,classic.com
FORD,ZEPHYR EUROPE,,,,1,classic.com
FORD,ZODIAC EUROPE,,,,1,classic.com
FRANKLIN,AIRMAN,,,,1,classic.com
FRANKLIN,FOUR,,,,1,classic.com
FRANKLIN,SIX,,,,1,classic.com
FRAZER NASH,BOULOGNE,,,,1,classic.com
FRAZER NASH,COLMORE,,,,1,classic.com
FRAZER NASH,FAST TOURER,,,,1,classic.com
FRAZER NASH,LE MANS COUPE,,,,1,classic.com
FRAZER NASH,LE MANS REPLICA,,,,1,classic.com
FRAZER NASH,RECREATIONS,,,,1,classic.com
FRAZER NASH,SHELSLEY,,,,1,classic.com
FRAZER NASH,SPORTOP,,,,1,classic.com
FRAZER NASH,SUPER SPORTS,,,,1,classic.com
FRAZER NASH,TARGA FLORIO,,,,1,classic.com
FRAZER NASH,TT REPLICA,,,,1,classic.com
GEO,METRO,,,,1,classic.com
GEO,STORM,,,,1,classic.com
GEO,TRACKER,,,,1,classic.com
GHIA,1500 GT,,,,1,classic.com
GHIA,450 SS,,,,1,classic.com
GHIA,L64,,,,1,classic.com
GILBERN,GENIE,,,,1,classic.com
GILBERN,GT,,,,1,classic.com
GILBERN,INVADER,,,,1,classic.com
GMC,A SERIES,,,,1,classic.com
GMC,BLUE CHIP SERIES,,,,1,classic.com
GMC,C E SERIES,,,,1,classic.com
GMC,CABALLERO,,,,1,classic.com
GMC,CK,1ST GEN|2ND GEN|3RD GEN|C1500|C2500|C3500|K1000|K1500|K2500|K3500|R1500|R2500|R3500|V1500|V2500|V3500,1000|1500|2500,,29,classic.com
GMC,DUKW AMPHIBIOUS,,,,1,classic.com
GMC,HANDI VAN,,,,1,classic.com
GMC,JIMMY,1ST GEN|2ND GEN,,,3,classic.com
GMC,MODEL 16,,,,1,classic.com
GMC,MOTORHOME,,,,1,classic.com
GMC,NEW DESIGN,,,,1,classic.com
GMC,S 15 JIMMY,,,,1,classic.com
GMC,S 15 SONOMA,1ST GEN|2ND GEN,,,3,classic.com
GMC,SAFARI,,,,1,classic.com
GMC,SAVANA,,,,1,classic.com
GMC,SIERRA,1ST GEN|2ND GEN|C1500|C2500|C3500|K1500|K2500|K3500,1500|1500HD|2500|2500HD|3500,,14,classic.com
GMC,SPRINT,,,,1,classic.com
GMC,SUBURBAN,1ST GEN|2ND GEN|3RD GEN|4TH GEN|5TH GEN|6TH GEN|7TH GEN|8TH GEN,,,9,classic.com
GMC,SYCLONE,,,,1,classic.com
GMC,T F SERIES,,,,1,classic.com
GMC,TOPKICK,,,,1,classic.com
GMC,TYPHOON,,,,1,classic.com
GMC,VANDURA,,,,1,classic.com
GMC,YUKON,1ST GEN|2ND GEN,,,3,classic.com
GOGGOMOBIL,DART,,,,1,classic.com
GOGGOMOBIL,T SEDAN,T250|T300|T400,,,4,classic.com
GOGGOMOBIL,TRANSPORTER,,,,1,classic.com
GOGGOMOBIL,TS COUPE,TS250|TS300|TS400,,,4,classic.com
GORDON MURRAY AUTOMOTIVE,S1 LM,,,,1,classic.com
GORDON MURRAY AUTOMOTIVE,T50,,,,1,classic.com
GRAHAM PAIGE,BLUE STREAK,,,,1,classic.com
GRAHAM PAIGE,GRAHAM BROTHERS,,,,1,classic.com
GRAHAM PAIGE,HOLLYWOOD,,,,1,classic.com
GRAHAM PAIGE,SHARKNOSE,,,,1,classic.com
GRAHAM PAIGE,SPECIAL SERIES,,,,1,classic.com
GRAHAM PAIGE,SPIRIT OF MOTION,,,,1,classic.com
GUMPERT,APOLLO,,,,1,classic.com
HARLEY-DAVIDSON,BAJA 100,,,,1,classic.com
HARLEY-DAVIDSON,BOBCAT,,,,1,classic.com
HARLEY-DAVIDSON,FL,,,,1,classic.com
HARLEY-DAVIDSON,FX,,,,1,classic.com
HARLEY-DAVIDSON,HUMMER,,,,1,classic.com
HARLEY-DAVIDSON,KR,,,,1,classic.com
HARLEY-DAVIDSON,LIVEWIRE,,,,1,classic.com
HARLEY-DAVIDSON,M50,,,,1,classic.com
HARLEY-DAVIDSON,M65,,,,1,classic.com
HARLEY-DAVIDSON,MODEL 10,,,,1,classic.com
HARLEY-DAVIDSON,MODEL 11,,,,1,classic.com
HARLEY-DAVIDSON,MODEL 125,,,,1,classic.com
HARLEY-DAVIDSON,MODEL 165,,,,1,classic.com
HARLEY-DAVIDSON,MODEL 4,,,,1,classic.com
HARLEY-DAVIDSON,MODEL 5,,,,1,classic.com
HARLEY-DAVIDSON,MODEL 6,,,,1,classic.com
HARLEY-DAVIDSON,MODEL 7,,,,1,classic.com
HARLEY-DAVIDSON,MODEL 8,,,,1,classic.com
HARLEY-DAVIDSON,MODEL 9,,,,1,classic.com
HARLEY-DAVIDSON,MODEL B,,,,1,classic.com
HARLEY-DAVIDSON,MODEL D,,,,1,classic.com
HARLEY-DAVIDSON,MODEL E,,,,1,classic.com
HARLEY-DAVIDSON,MODEL F,,,,1,classic.com
HARLEY-DAVIDSON,MODEL J,,,,1,classic.com
HARLEY-DAVIDSON,MODEL K,,,,1,classic.com
HARLEY-DAVIDSON,MODEL R,,,,1,classic.com
HARLEY-DAVIDSON,MODEL T,,,,1,classic.com
HARLEY-DAVIDSON,MODEL U,,,,1,classic.com
HARLEY-DAVIDSON,MODEL V,,,,1,classic.com
HARLEY-DAVIDSON,MODEL W,,,,1,classic.com
HARLEY-DAVIDSON,MT,,,,1,classic.com
HARLEY-DAVIDSON,MX250,,,,1,classic.com
HARLEY-DAVIDSON,PACER,,,,1,classic.com
HARLEY-DAVIDSON,PAN AMERICA,,,,1,classic.com
HARLEY-DAVIDSON,RAPIDO,,,,1,classic.com
HARLEY-DAVIDSON,SCAT,,,,1,classic.com
HARLEY-DAVIDSON,SERVI CAR,,,,1,classic.com
HARLEY-DAVIDSON,SINGLE,,,,1,classic.com
HARLEY-DAVIDSON,SPORTSTER,,,,1,classic.com
HARLEY-DAVIDSON,SPRINT,,,,1,classic.com
HARLEY-DAVIDSON,SS,,,,1,classic.com
HARLEY-DAVIDSON,STREET,,,,1,classic.com
HARLEY-DAVIDSON,SX,,,,1,classic.com
HARLEY-DAVIDSON,TOPPER,,,,1,classic.com
HARLEY-DAVIDSON,VR1000,,,,1,classic.com
HARLEY-DAVIDSON,VRSC,,,,1,classic.com
HARLEY-DAVIDSON,W SERIES,,,,1,classic.com
HARLEY-DAVIDSON,WLA,,,,1,classic.com
HARLEY-DAVIDSON,X90,,,,1,classic.com
HARLEY-DAVIDSON,XA,,,,1,classic.com
HARLEY-DAVIDSON,XR750,,,,1,classic.com
HARLEY-DAVIDSON,Z90,,,,1,classic.com
HEALEY,ABBOTT DROPHEAD COUPE,,,,1,classic.com
HEALEY,ELLIOTT SALOON,,,,1,classic.com
HEALEY,SILVERSTONE,,,,1,classic.com
HEALEY,TICKFORD SALOON,,,,1,classic.com
HEALEY,WESTLAND ROADSTER,,,,1,classic.com
HENNESSEY,VENOM F5,,,,1,classic.com
HENNESSEY,VENOM GT,,,,1,classic.com
HILLMAN,80,,,,1,classic.com
HILLMAN,HUNTER,,,,1,classic.com
HILLMAN,HUSKY,,,,1,classic.com
HILLMAN,IMP,,,,1,classic.com
HILLMAN,MINX,,AUDAX|NEW|POSTWAR|PREWAR|SUPER,,6,classic.com
HISPANO SUIZA,12 15,,,,1,classic.com
HISPANO SUIZA,15 20,,,,1,classic.com
HISPANO SUIZA,16T,,,,1,classic.com
HISPANO SUIZA,ALFONSO XIII,,,,1,classic.com
HISPANO SUIZA,H6,,,,1,classic.com
HISPANO SUIZA,J 12,,,,1,classic.com
HISPANO SUIZA,JUNIOR,,,,1,classic.com
HISPANO SUIZA,K6,,,,1,classic.com
HISPANO SUIZA,T 48,,,,1,classic.com
HISPANO SUIZA,T 49,,,,1,classic.com
HISPANO SUIZA,TYPE 20 BIS,,,,1,classic.com
HISPANO SUIZA,TYPE 24,,,,1,classic.com
HISPANO SUIZA,TYPE 32,,,,1,classic.com
HOLDEN,ASTRA,,,,1,classic.com
HOLDEN,COMMODORE,1ST GEN|2ND GEN|3RD GEN|4TH GEN|5TH GEN,,,6,classic.com
HOLDEN,FC,,,,1,classic.com
HOLDEN,HG,,,,1,classic.com
HOLDEN,HK,,,,1,classic.com
HOLDEN,HQ,,,,1,classic.com
HOLDEN,HR,,,,1,classic.com
HOLDEN,HZ,,,,1,classic.com
HOLDEN,MALOO,,,,1,classic.com
HOLDEN,MONARO,,,,1,classic.com
HOLDEN,PIAZZA,,,,1,classic.com
HOLDEN,TORANA,,,,1,classic.com
HONDA,1300,,,,1,classic.com
HONDA,ACCORD,1ST GEN|2ND GEN|3RD GEN|4TH GEN|5TH GEN|6TH GEN,,,7,classic.com
HONDA,ACTY,1ST GEN|2ND GEN|3RD GEN,,,4,classic.com
HONDA,ASCOT,,,,1,classic.com
HONDA,ATV,,,,1,classic.com
HONDA,BEAT,,,,1,classic.com
HONDA,CAPA,,,,1,classic.com
HONDA,CITY,,,,1,classic.com
HONDA,CIVIC,10TH GEN|11TH GEN|1ST GEN|2ND GEN|3RD GEN|4TH GEN|5TH GEN|6TH GEN|7TH GEN|8TH GEN|9TH GEN,CVCC|DX|MUGEN RR|MUGEN SI|SI|SIR|TYPE R|TYPE R GT|TYPE R TCR|VTI,,42,classic.com
HONDA,CONCERTO,,,,1,classic.com
HONDA,CR V,,,,1,classic.com
HONDA,CR X,1ST GEN|2ND GEN,,,3,classic.com
HONDA,DEL SOL,,,,1,classic.com
HONDA,DOMANI,,,,1,classic.com
HONDA,ELEMENT,,,,1,classic.com
HONDA,FORMULA 1,,,,1,classic.com
HONDA,HORIZON,,,,1,classic.com
HONDA,INDYCAR,,,,1,classic.com
HONDA,INSIGHT,,,,1,classic.com
HONDA,INSPIRE,,,,1,classic.com
HONDA,INTEGRA,1ST GEN|2ND GEN|3RD GEN|4TH GEN,TYPE R,,8,classic.com
HONDA,JAZZ,,,,1,classic.com
HONDA,LEGEND,,,,1,classic.com
HONDA,LIFE,1ST GEN|2ND GEN|3RD GEN,,,4,classic.com
HONDA,MOTORCYCLES,CZ100|EZ90|GL1000|GL1100|GL1200|GL1500|GL1800|GL500|GL700|Z125|Z50|ZB50,1|100|1000|102|110|1100|115|125|125M|1300|160|175|185|200|240|250|305|350|350X|360|400|450|50|500|550|600|650|70|700|71|72|750|76|77|78|90|900|91|92|929|95|954|ATC|BEAT|CB|CBR|CBX|CCA|CCA125|CD|CG|CJ|CL|CM|CMX|CR|CRF|CT|CTX|CUB F TYPE|CUSTOM CHOPPER|CX|DN 01|DREAM 3ESA|ELITE|EXPRESS|FOUR|FT|GB|GOLD WING|GROM|GYRO|HELIX|HOBBIT|J TYPE|JOKER|JUNO|LITTLE CUB|MB|ME|MELODY|METROPOLITAN|MONKEY|MOTOCOMPACTO|MOTOCOMPO|MR|MT|MVX|NAVI|NF|NM|NQ|NR|NS|NSC|NSF|NSR|NT|NX|PC|PF|QA|QR|RACING MOTORCYCLES|RC|RS|RUCKUS|RUNE|RVF|SCOOTER|SH|SL|SPORT|SS|ST|ST DAX|TB|TL|TR|TWIN|VALKYRIE|VF|VFR|VT|VTX|XBR|XL|XR|XRV,,201,classic.com
HONDA,N,,,,1,classic.com
HONDA,N BOX,,,,1,classic.com
HONDA,NSX,1ST GEN|2ND GEN|NA1|NA2,NSX R|NSX T|TYPE S,COUPE,13,classic.com
HONDA,ODYSSEY,,,,1,classic.com
HONDA,PASSPORT,,,,1,classic.com
HONDA,PRELUDE,1ST GEN|2ND GEN|3RD GEN|4TH GEN|5TH GEN,,,6,classic.com
HONDA,S MX,,,,1,classic.com
HONDA,S2000,AP1|AP2,CR|GT|TYPE S,,7,classic.com
HONDA,S600,,,,1,classic.com
HONDA,S660,,,,1,classic.com
HONDA,S800,,,,1,classic.com
HONDA,SABER,1ST GEN,,,2,classic.com
HONDA,STEPWGN,,,,1,classic.com
HONDA,T500,,,,1,classic.com
HONDA,TN360,,,,1,classic.com
HONDA,TODAY,1ST GEN|2ND GEN,,,3,classic.com
HONDA,TORNEO,,,,1,classic.com
HONDA,VAMOS,,,,1,classic.com
HONDA,VIGOR,,,,1,classic.com
HONDA,Z,1ST GEN|2ND GEN,,,3,classic.com
HOTCHKISS,686,,,,1,classic.com
HOTCHKISS,AM,,,,1,classic.com
HOTCHKISS,ANJOU,,,,1,classic.com
HOTCHKISS,GREGOIRE,,,,1,classic.com
HOTCHKISS,JEEP,,,,1,classic.com
HUDSON,BIG BOY PICKUP,,,,1,classic.com
HUDSON,COMMODORE,1ST GEN|2ND GEN|3RD GEN,,,4,classic.com
HUDSON,COUNTRY CLUB EIGHT,,,,1,classic.com
HUDSON,CUSTOM EIGHT,,,,1,classic.com
HUDSON,DELUXE EIGHT,,,,1,classic.com
HUDSON,EIGHT,,,,1,classic.com
HUDSON,GREAT EIGHT,,,,1,classic.com
HUDSON,GREATER EIGHT,,,,1,classic.com
HUDSON,HORNET,1ST GEN|2ND GEN,,,3,classic.com
HUDSON,ITALIA,,,,1,classic.com
HUDSON,JET,,,,1,classic.com
HUDSON,METROPOLITAN,,,,1,classic.com
HUDSON,MODEL 33,,,,1,classic.com
HUDSON,MODEL 37,,,,1,classic.com
HUDSON,PACEMAKER,,,,1,classic.com
HUDSON,RAMBLER,,,,1,classic.com
HUDSON,SHAW SPECIAL,,,,1,classic.com
HUDSON,SIX,,,,1,classic.com
HUDSON,SPECIAL EIGHT,,,,1,classic.com
HUDSON,STANDARD 6 SERIES 92,,,,1,classic.com
HUDSON,SUPER EIGHT,,,,1,classic.com
HUDSON,SUPER SIX,1ST GEN|2ND GEN|3RD GEN|4TH GEN,,,5,classic.com
HUDSON,TWENTY,,,,1,classic.com
HUDSON,UTILITY COUPE,,,,1,classic.com
HUDSON,WASP,,,,1,classic.com
HUMBER,1225,,,,1,classic.com
HUMBER,1440,,,,1,classic.com
HUMBER,15HP,,,,1,classic.com
HUMBER,1620,,,,1,classic.com
HUMBER,1650,,,,1,classic.com
HUMBER,1660,,,,1,classic.com
HUMBER,18,,,,1,classic.com
HUMBER,85HP,,,,1,classic.com
HUMBER,920,,,,1,classic.com
HUMBER,928,,,,1,classic.com
HUMBER,HAWK,,,,1,classic.com
HUMBER,MK IV ARMORED CAR,,,,1,classic.com
HUMBER,MOTORCYCLES,,,,1,classic.com
HUMBER,PULLMAN,,,,1,classic.com
HUMBER,SCEPTRE,,,,1,classic.com
HUMBER,SNIPE,,,,1,classic.com
HUMBER,SUPER SNIPE,,MK|PREWAR|SERIES,,4,classic.com
HUMBER,TWELVE,,,,1,classic.com
HUMMER,EV,,,,1,classic.com
HUMMER,H1,,,,1,classic.com
HUMMER,H2,,,,1,classic.com
HUMMER,H3,,,,1,classic.com
HUMMER,H3T,,,,1,classic.com
HUPMOBILE,CENTURY SIX,,,,1,classic.com
HUPMOBILE,MODEL 20,,,,1,classic.com
HUPMOBILE,MODEL 32,,,,1,classic.com
HUPMOBILE,MODEL A,,,,1,classic.com
HUPMOBILE,MODEL B,,,,1,classic.com
HUPMOBILE,MODEL E,,,,1,classic.com
HUPMOBILE,MODEL I,,,,1,classic.com
HUPMOBILE,MODEL K,,,,1,classic.com
HUPMOBILE,MODEL M,,,,1,classic.com
HUPMOBILE,MODEL R,,,,1,classic.com
HUPMOBILE,MODEL S,,,,1,classic.com
HUPMOBILE,MODEL T,,,,1,classic.com
HUPMOBILE,MODEL W,,,,1,classic.com
HUPMOBILE,SKYLARK,,,,1,classic.com
HYPTEC,SSR,,,,1,classic.com
HYUNDAI,EQUUS,,,,1,classic.com
HYUNDAI,GALLOPER,,,,1,classic.com
HYUNDAI,GENESIS,,,,1,classic.com
HYUNDAI,I30,,,,1,classic.com
HYUNDAI,TIBURON,,,,1,classic.com
HYUNDAI,VELOSTER,,,,1,classic.com
IBEX,F8,,,,1,classic.com
IMPERIAL,1ST GEN,,,,1,classic.com
IMPERIAL,2ND GEN,,,,1,classic.com
IMPERIAL,3RD GEN,,,,1,classic.com
IMPERIAL,4TH GEN,,,,1,classic.com
IMPERIAL,5TH GEN,,,,1,classic.com
IMPERIAL,6TH GEN,,,,1,classic.com
INDIAN MOTORCYCLE,CHALLENGER,,,,1,classic.com
INDIAN MOTORCYCLE,CHIEF,,,,1,classic.com
INDIAN MOTORCYCLE,FOUR,,,,1,classic.com
INDIAN MOTORCYCLE,FTR,,,,1,classic.com
INDIAN MOTORCYCLE,LIL INDIAN,,,,1,classic.com
INDIAN MOTORCYCLE,M SERIES,,,,1,classic.com
INDIAN MOTORCYCLE,MINI BAMBINO,,,,1,classic.com
INDIAN MOTORCYCLE,PAPOOSE,,,,1,classic.com
INDIAN MOTORCYCLE,ROADMASTER,,,,1,classic.com
INDIAN MOTORCYCLE,SCOUT,,,,1,classic.com
INDIAN MOTORCYCLE,SINGLE,,,,1,classic.com
INDIAN MOTORCYCLE,SPIRIT,,,,1,classic.com
INDIAN MOTORCYCLE,SPRINGFIELD,,,,1,classic.com
INDIAN MOTORCYCLE,TWIN,,,,1,classic.com
INEOS,GRENADIER,,,,1,classic.com
INFINITI,G,1ST GEN|2ND GEN|3RD GEN|4TH GEN,,,5,classic.com
INFINITI,I30,,,,1,classic.com
INFINITI,J30,,,,1,classic.com
INFINITI,M,1ST GEN|2ND GEN|3RD GEN|4TH GEN,,,5,classic.com
INFINITI,Q45,,,,1,classic.com
INFINITI,Q50,,,,1,classic.com
INFINITI,Q60,,,,1,classic.com
INFINITI,QX4,,,,1,classic.com
INTERMECCANICA,INDRA,,,,1,classic.com
INTERMECCANICA,ITALIA,,,,1,classic.com
INTERMECCANICA,MURENA,,,,1,classic.com
INTERMECCANICA,OMEGA,,,,1,classic.com
INTERMECCANICA,SQUIRE,,,,1,classic.com
INTERNATIONAL HARVESTER,9000 SERIES,,,,1,classic.com
INTERNATIONAL HARVESTER,A SERIES,,,,1,classic.com
INTERNATIONAL HARVESTER,AUTO BUGGY WAGON,,,,1,classic.com
INTERNATIONAL HARVESTER,B SERIES,,,,1,classic.com
INTERNATIONAL HARVESTER,C SERIES,,,,1,classic.com
INTERNATIONAL HARVESTER,CV,,,,1,classic.com
INTERNATIONAL HARVESTER,D SERIES,,,,1,classic.com
INTERNATIONAL HARVESTER,DURASTAR,,,,1,classic.com
INTERNATIONAL HARVESTER,K SERIES,,,,1,classic.com
INTERNATIONAL HARVESTER,KB SERIES,,,,1,classic.com
INTERNATIONAL HARVESTER,L SERIES,,,,1,classic.com
INTERNATIONAL HARVESTER,LOADSTAR,,,,1,classic.com
INTERNATIONAL HARVESTER,MEDIUM DUTY S SERIES,,,,1,classic.com
INTERNATIONAL HARVESTER,METRO,,,,1,classic.com
INTERNATIONAL HARVESTER,MODEL F,,,,1,classic.com
INTERNATIONAL HARVESTER,MODEL H,,,,1,classic.com
INTERNATIONAL HARVESTER,R SERIES,,,,1,classic.com
INTERNATIONAL HARVESTER,S SERIES,,,,1,classic.com
INTERNATIONAL HARVESTER,SCOUT,800,80|II,,5,classic.com
INTERNATIONAL HARVESTER,TERRASTAR,,,,1,classic.com
INTERNATIONAL HARVESTER,TRACTORS,,,,1,classic.com
INTERNATIONAL HARVESTER,TRAVELALL,1ST GEN|2ND GEN|3RD GEN|4TH GEN,,,5,classic.com
INTERNATIONAL HARVESTER,WORKSTAR,,,,1,classic.com
INTERNATIONAL HARVESTER,XT SERIES,,,,1,classic.com
ISDERA,COMMENDATORE 112I,,,,1,classic.com
ISDERA,IMPERATOR 108I,,,,1,classic.com
ISDERA,SPYDER,,,,1,classic.com
ISO,FIDIA,,,,1,classic.com
ISO,GRIFO,A3C,SERIES I|SERIES II,,4,classic.com
ISO,ISETTA,,,,1,classic.com
ISO,LELE,,,,1,classic.com
ISO,RIVOLTA,,,,1,classic.com
ISORIVOLTA,GTZ,,,,1,classic.com
ISOTTA FRASCHINI,TIPO 8,,,,1,classic.com
ISOTTA FRASCHINI,TIPO 8A,,,,1,classic.com
ISOTTA FRASCHINI,TIPO FE,,,,1,classic.com
ISOTTA FRASCHINI,TIPO IM,,,,1,classic.com
ISOTTA FRASCHINI,TIPO PM,,,,1,classic.com
ISUZU,117 COUPE,,,,1,classic.com
ISUZU,BELLEL,,,,1,classic.com
ISUZU,BELLETT,,,,1,classic.com
ISUZU,FARGO,,,,1,classic.com
ISUZU,FASTER,,,,1,classic.com
ISUZU,GEMINI,,,,1,classic.com
ISUZU,I MARK,,,,1,classic.com
ISUZU,IMPULSE,,,,1,classic.com
ISUZU,RODEO,,,,1,classic.com
ISUZU,TROOPER,,,,1,classic.com
ISUZU,VEHICROSS,,,,1,classic.com
JAGUAR,C TYPE,,CUSTOMER|FACTORY|REPLICA,,4,classic.com
JAGUAR,D TYPE,,CONTINUATION|CUSTOMER|FACTORY|REPLICA,,5,classic.com
JAGUAR,E TYPE,,E TYPE LIGHTWEIGHT CONTINUATION|FLAT FLOOR|LIGHTWEIGHT|RACECAR|SERIES 1|SERIES 15|SERIES 2|SERIES 3,COUPE|ROADSTER,13,classic.com
JAGUAR,F PACE,,F PACE SVR,,2,classic.com
JAGUAR,F TYPE,1ST GEN|2ND GEN|P300|P340|P380|P400|P450,PROJECT 7|R|R P575|S|SVR,,14,classic.com
JAGUAR,MARK 1,,ROAD CARS,,3,classic.com
JAGUAR,MARK 2,,,,1,classic.com
JAGUAR,MARK IX,,,,1,classic.com
JAGUAR,MARK V,,,,1,classic.com
JAGUAR,MARK VII,,,,1,classic.com
JAGUAR,MARK VIII,,,,1,classic.com
JAGUAR,MARK X,,,,1,classic.com
JAGUAR,S TYPE,1ST GEN|2ND GEN,R,,4,classic.com
JAGUAR,SPECIALS,,,,1,classic.com
JAGUAR,SS CARS,,REPLICA|SS 1|SS 100|SS 90|SS JAGUAR MARK IV,,6,classic.com
JAGUAR,X TYPE,,,,1,classic.com
JAGUAR,XE,,SV PROJECT 8,,2,classic.com
JAGUAR,XF,,,,1,classic.com
JAGUAR,XJ,XJ300|XJ308|XJ350|XJ351|XJ40,SERIES 1|SERIES 2|SERIES 3,,9,classic.com
JAGUAR,XJ13 REPLICA,,,,1,classic.com
JAGUAR,XJ220,,COMPETITION,,3,classic.com
JAGUAR,XJR 15,,,,1,classic.com
JAGUAR,XJR RACE CARS,,,,1,classic.com
JAGUAR,XJR S,,,,1,classic.com
JAGUAR,XJS,,SERIES I|SERIES II|SERIES III,,5,classic.com
JAGUAR,XK,1ST GEN|2ND GEN|XK8,XK RS|XK8 42S|XKR|XKR 42S|XKR S|XKR S GT,,12,classic.com
JAGUAR,XK120,,ROAD CARS,COUPE|ROADSTER,5,classic.com
JAGUAR,XK140,,ROAD CARS|ROADSTER OTS,COUPE,5,classic.com
JAGUAR,XK150,,,COUPE|ROADSTER,4,classic.com
JAGUAR,XKSS,,CONTINUATION|ORIGINAL|REPLICA,,4,classic.com
JEEP,CHEROKEE,,SJ|XJ,,3,classic.com
JEEP,CJ,CJ10|CJ2A|CJ3A|CJ3B|CJ5|CJ6|CJ7|CJ8,,,9,classic.com
JEEP,COMANCHE,,,,1,classic.com
JEEP,COMMANDO,C101|C104,,,3,classic.com
JEEP,DJ,,,,1,classic.com
JEEP,FORWARD CONTROL,,,,1,classic.com
JEEP,GLADIATOR,,JT|SJ,,2,classic.com
JEEP,GRAND CHEROKEE,WK2,SRT|SRT 8|TRACKHAWK|WJ|WK|ZJ,,9,classic.com
JEEP,J SERIES PICKUP,,J 10|J 20|J 2000|J 4000,,5,classic.com
JEEP,WAGONEER,,GRAND WAGONEER|SJ|WAGONEER LIMITED,,5,classic.com
JEEP,WILLYS PICKUP,,,,1,classic.com
JEEP,WILLYS WAGON,,,,1,classic.com
JEEP,WRANGLER,,JK|JL|TJ|YJ,,5,classic.com
JENSEN,541,,,,1,classic.com
JENSEN,541R,,,,1,classic.com
JENSEN,541S,,,,1,classic.com
JENSEN,C V8,,,,1,classic.com
JENSEN,FF,,,,1,classic.com
JENSEN,GT,,,,1,classic.com
JENSEN,H TYPE,,,,1,classic.com
JENSEN,INTERCEPTOR,1ST GEN|2ND GEN|S4,MK I|MK II|MK III,CONVERTIBLE|COUPE|LIFTBACK,10,classic.com
JENSEN,JENSEN FORD,,,,1,classic.com
JENSEN,JENSEN HEALEY,,MK I|MK II,,3,classic.com
JENSEN,S TYPE,,,,1,classic.com
JENSEN,S V8,,,,1,classic.com
JENSEN,SP,,,,1,classic.com
JOWETT,7HP,,,,1,classic.com
JOWETT,JAVELIN,,,,1,classic.com
JOWETT,JUPITER,,,,1,classic.com
KAISER FRAZER,CARABELA,,,,1,classic.com
KAISER FRAZER,DARRIN,,,,1,classic.com
KAISER FRAZER,DRAGON,,,,1,classic.com
KAISER FRAZER,FRAZER,,MANHATTAN|VAGABOND,,3,classic.com
KAISER FRAZER,HENRY J,,,,1,classic.com
KAISER FRAZER,KAISER,,DELUXE|MANHATTAN|SPECIAL,,4,classic.com
KAISER FRAZER,M715,,,,1,classic.com
KARMA,GS,,,,1,classic.com
KARMA,REVERO,,,,1,classic.com
KIA,K900,,,,1,classic.com
KIA,STINGER,,,,1,classic.com
KIA,VIGATO,,,,1,classic.com
KISSEL,EIGHT,,,,1,classic.com
KISSEL,MODEL 30,,,,1,classic.com
KISSEL,MODEL D,,,,1,classic.com
KISSEL,SIX,,,,1,classic.com
KOENIGSEGG,AGERA,,,,1,classic.com
KOENIGSEGG,CCR,,,,1,classic.com
KOENIGSEGG,CCX,,,,1,classic.com
KOENIGSEGG,JESKO,,,,1,classic.com
KOENIGSEGG,REGERA,,,,1,classic.com
KTM,X BOW,GT4,BASE|DALLARA|GT|GTX|GTX XR|R,,8,classic.com
KTM MOTORCYCLES,1090,,,,1,classic.com
KTM MOTORCYCLES,1190,,,,1,classic.com
KTM MOTORCYCLES,125,,,,1,classic.com
KTM MOTORCYCLES,1290,,,,1,classic.com
KTM MOTORCYCLES,200,,,,1,classic.com
KTM MOTORCYCLES,250,,,,1,classic.com
KTM MOTORCYCLES,300,,,,1,classic.com
KTM MOTORCYCLES,340,,,,1,classic.com
KTM MOTORCYCLES,350,,,,1,classic.com
KTM MOTORCYCLES,390,,,,1,classic.com
KTM MOTORCYCLES,400,,,,1,classic.com
KTM MOTORCYCLES,420,,,,1,classic.com
KTM MOTORCYCLES,450,,,,1,classic.com
KTM MOTORCYCLES,495,,,,1,classic.com
KTM MOTORCYCLES,50,,,,1,classic.com
KTM MOTORCYCLES,500,,,,1,classic.com
KTM MOTORCYCLES,505,,,,1,classic.com
KTM MOTORCYCLES,525,,,,1,classic.com
KTM MOTORCYCLES,530,,,,1,classic.com
KTM MOTORCYCLES,540,,,,1,classic.com
KTM MOTORCYCLES,560,,,,1,classic.com
KTM MOTORCYCLES,600,,,,1,classic.com
KTM MOTORCYCLES,620,,,,1,classic.com
KTM MOTORCYCLES,640,,,,1,classic.com
KTM MOTORCYCLES,65,,,,1,classic.com
KTM MOTORCYCLES,690,,,,1,classic.com
KTM MOTORCYCLES,790,,,,1,classic.com
KTM MOTORCYCLES,890,,,,1,classic.com
KTM MOTORCYCLES,950,,,,1,classic.com
KTM MOTORCYCLES,990,,,,1,classic.com
KTM MOTORCYCLES,BRABUS,,,,1,classic.com
KTM MOTORCYCLES,FREERIDE,,,,1,classic.com
KTM MOTORCYCLES,RC,,,,1,classic.com
KURTIS,500KK,,,,1,classic.com
KURTIS,500S,,,,1,classic.com
KURTIS,ALL MODELS,,,,1,classic.com
LADA,2101,,,,1,classic.com
LADA,2103,,,,1,classic.com
LADA,2106,,,,1,classic.com
LADA,CLASSIC,,,,1,classic.com
LADA,NIVA,,,,1,classic.com
LAFORZA,LA FORZA,,,,1,classic.com
LAGONDA,11,,,,1,classic.com
LAGONDA,1224,,,,1,classic.com
LAGONDA,1680,,,,1,classic.com
LAGONDA,2 LITRE,,,,1,classic.com
LAGONDA,26 LITRE,,,,1,classic.com
LAGONDA,3 LITRE,,,,1,classic.com
LAGONDA,3 LITRE 50S,,,,1,classic.com
LAGONDA,LG45,,,,1,classic.com
LAGONDA,LG6,,,,1,classic.com
LAGONDA,M35,,,,1,classic.com
LAGONDA,M45,,,,1,classic.com
LAGONDA,RAPIER,,,,1,classic.com
LAGONDA,TARAF,,,,1,classic.com
LAGONDA,V12,,,,1,classic.com
LAMBORGHINI,350 GT,,,,1,classic.com
LAMBORGHINI,400 GT,,22|INTERIM,,3,classic.com
LAMBORGHINI,5 95 ZAGATO,,,,1,classic.com
LAMBORGHINI,AVENTADOR,,LP700 4|LP700 4 ROADSTER|LP720 4|LP720 4 ROADSTER|LP740 4 S|LP740 4 S ROADSTER|LP750 4 SV|LP750 4 SV ROADSTER|LP770 4 SVJ|LP770 4 SVJ ROADSTER|LP780 4 ULTIMAE|LP780 4 ULTIMAE ROADSTER|MIURA HOMAGE,,14,classic.com
LAMBORGHINI,CENTENARIO,,,,1,classic.com
LAMBORGHINI,COUNTACH,LP400,25TH ANNIVERSARY EDITION|LP400 S|LP500 S|LP5000 QUATTROVALVOLE|LPI 800 4,,7,classic.com
LAMBORGHINI,DIABLO,1ST GEN|2ND GEN|SE30,60|60 SE|GT|GTR|SE30 JOTA|SV|VT,ROADSTER,17,classic.com
LAMBORGHINI,ESPADA,,SERIES I|SERIES II|SERIES III,,4,classic.com
LAMBORGHINI,ESSENZA SCV12,,,,1,classic.com
LAMBORGHINI,GALLARDO,,LP550 2|LP550 2 SPYDER|LP560 2 50TH ANNIVERSARY|LP560 2 50TH ANNIVERSARY SPYDER|LP560 4|LP560 4 SPYDER|LP570 4 SPYDER PERFORMANTE|LP570 4 SQUADRA CORSE|LP570 4 SUPER TROFEO STRADALE|LP570 4 SUPERLEGGERA|SE|SUPERLEGGERA,SPYDER,16,classic.com
LAMBORGHINI,HURACAN,,EVO|EVO RWD|EVO RWD SPYDER|EVO SPYDER|LP580 2|LP580 2 SPYDER|LP610 4|LP610 4 SPYDER|LP640 4 PERFORMANTE|LP640 4 PERFORMANTE SPYDER|STERRATO|STO|TECNICA,,15,classic.com
LAMBORGHINI,ISLERO,,S,,3,classic.com
LAMBORGHINI,JALPA,,,,1,classic.com
LAMBORGHINI,JARAMA,,GT|S,,3,classic.com
LAMBORGHINI,LM002,,,,1,classic.com
LAMBORGHINI,MIURA,P400|P400S,P400SV|P400SVJ,,5,classic.com
LAMBORGHINI,MURCIELAGO,,40TH ANNIVERSARY|BASE AUTOMATIC|BASE MANUAL|LP640 AUTOMATIC|LP640 MANUAL|LP640 ROADSTER AUTOMATIC|LP640 ROADSTER MANUAL|LP650 4 ROADSTER|LP670 4 SV|R GT,ROADSTER,13,classic.com
LAMBORGHINI,REVENTON,,,,1,classic.com
LAMBORGHINI,REVUELTO,,,,1,classic.com
LAMBORGHINI,SESTO ELEMENTO,,,,1,classic.com
LAMBORGHINI,SIAN,,,,1,classic.com
LAMBORGHINI,SILHOUETTE,,,,1,classic.com
LAMBORGHINI,TRACTORS,,,,1,classic.com
LAMBORGHINI,URRACO,P111|P200|P250|P300,,,5,classic.com
LAMBORGHINI,URUS,,PERFORMANTE|S|SE,,5,classic.com
LAMBORGHINI,VENENO,,,,1,classic.com
LANCHESTER,1518,,,,1,classic.com
LANCHESTER,23HP,,,,1,classic.com
LANCHESTER,25,,,,1,classic.com
LANCHESTER,30HP,,,,1,classic.com
LANCHESTER,40,,,,1,classic.com
LANCHESTER,ELEVEN,,,,1,classic.com
LANCHESTER,FOURTEEN,,,,1,classic.com
LANCHESTER,LE27,,,,1,classic.com
LANCHESTER,LIGHT SIX,,,,1,classic.com
LANCHESTER,TEN,,,,1,classic.com
LANCIA,037,,KIMERA EVO 037|RALLY|STRADALE,,4,classic.com
LANCIA,2000,,,,1,classic.com
LANCIA,APPIA,,,,1,classic.com
LANCIA,APRILIA,,,,1,classic.com
LANCIA,ARDEA,,,,1,classic.com
LANCIA,ARTENA,,,,1,classic.com
LANCIA,ASTURA,,,,1,classic.com
LANCIA,AUGUSTA,,,,1,classic.com
LANCIA,AURELIA,,,,1,classic.com
LANCIA,BETA,,,,1,classic.com
LANCIA,DELTA,1ST GEN|2ND GEN|3RD GEN,FUTURISTA|HF 4WD|HF INTEGRALE 16V|HF INTEGRALE 8V|HF INTEGRALE EVO I|HF INTEGRALE EVO II|HF TURBO|HPE|S4 GROUP B|S4 STRADALE,,16,classic.com
LANCIA,DILAMBDA,,,,1,classic.com
LANCIA,EPSILON,,,,1,classic.com
LANCIA,FLAMINIA,,GT|GTL|SPORT SERIES 1|SPORT SERIES 2|SUPER SPORT,BERLINA|CONVERTIBLE|COUPE,9,classic.com
LANCIA,FLAVIA,,,,1,classic.com
LANCIA,FULVIA,,HF|RALLYE|SERIES I|SERIES II|SPORT,BERLINA|COUPE,13,classic.com
LANCIA,GAMMA,,,,1,classic.com
LANCIA,HYENA,,,,1,classic.com
LANCIA,KAPPA,,,,1,classic.com
LANCIA,LAMBDA,,,,1,classic.com
LANCIA,LC2,,,,1,classic.com
LANCIA,MONTECARLO SCORPION,,,,1,classic.com
LANCIA,PRISMA,,,,1,classic.com
LANCIA,STRATOS,,HF STRADALE|STRATOS HF ZERO,,4,classic.com
LANCIA,SUPERJOLLY,,,,1,classic.com
LANCIA,THEMA,,,,1,classic.com
LANCIA,THETA,,,,1,classic.com
LANCIA,TREVI,,,,1,classic.com
LANCIA,YPSILON,,,,1,classic.com
LAND ROVER,101 FORWARD CONTROL,,,,1,classic.com
LAND ROVER,DEFENDER,L663,110|110 NAS HARD TOP|110 OCTA|127130|130|50TH ANNIVERSARY EDITION ROW|50TH ANNIVERSARY EDITION SOUTH AFRICA|6X6 DOUBLE CAB PICKUP|90|CHALLENGE BY BOWLER|CLASSIC|NAS|NINETY|NINETYONE TEN|ONETEN|OVERFICH|PUMA L316,DOUBLE CAB PICKUP|HARD TOP|PICKUP|SOFT TOP|WAGON,68,classic.com
LAND ROVER,DISCOVERY,,1|2|3|4,,5,classic.com
LAND ROVER,FREELANDER,,,,1,classic.com
LAND ROVER,RANGE ROVER,,CLASSIC SERIES 1|CLASSIC SERIES 2|CLASSIC SERIES 3|SERIES 2 LP|SERIES 3|SERIES 4|SERIES 5 L460,,8,classic.com
LAND ROVER,RANGE ROVER EVOQUE,L538|L551,,CONVERTIBLE|COUPE,7,classic.com
LAND ROVER,RANGE ROVER SPORT,1ST GEN|2ND GEN|3RD GEN,,,4,classic.com
LAND ROVER,RANGE ROVER VELAR,,,,1,classic.com
LAND ROVER,SANTANA,,SERIES II|SERIES IIA|SERIES III|SERIES IV,,5,classic.com
LAND ROVER,SERIES,,I|II|IIA|III,,5,classic.com
LASALLE,SERIES 303,,,,1,classic.com
LASALLE,SERIES 328,,,,1,classic.com
LASALLE,SERIES 340,,,,1,classic.com
LASALLE,SERIES 345,,,,1,classic.com
LASALLE,SERIES 50,,,,1,classic.com
LASALLE,SERIES 52,,,,1,classic.com
LEXUS,ES,V20|XV10|XV20|XV30,,,5,classic.com
LEXUS,GS,L10|S140|S160|S190,,,5,classic.com
LEXUS,GX,J120|J150|J250,,,4,classic.com
LEXUS,IS,IS200|IS250|IS300|IS350|IS500|XE10|XE20|XE30,IS F,,10,classic.com
LEXUS,LC,,LC 500|LC 500H,,3,classic.com
LEXUS,LFA,,LFA NURBURGRING,,3,classic.com
LEXUS,LS,XF10|XF20|XF30|XF40|XF50,,,6,classic.com
LEXUS,LX,J100|J200|J310|J80,,,5,classic.com
LEXUS,RC,,RC 200T|RC 300|RC 350|RC F,,5,classic.com
LEXUS,RX,XU10|XU30,,,2,classic.com
LEXUS,SC,SC300|SC400|Z30|Z40,,,5,classic.com
LINCOLN,BLACKWOOD,,,,1,classic.com
LINCOLN,CAPRI,1ST GEN|2ND GEN|3RD GEN,,,4,classic.com
LINCOLN,CONTINENTAL,10TH GEN|1ST GEN|2ND GEN|3RD GEN|4TH GEN|5TH GEN|6TH GEN|7TH GEN|8TH GEN|9TH GEN,,CONVERTIBLE|COUPE|LIMOUSINE|SEDAN,16,classic.com
LINCOLN,COSMOPOLITAN,,,,1,classic.com
LINCOLN,CUSTOM,,,,1,classic.com
LINCOLN,EL SERIES,,,,1,classic.com
LINCOLN,H SERIES,,,,1,classic.com
LINCOLN,K SERIES,,,,1,classic.com
LINCOLN,L SERIES,,,,1,classic.com
LINCOLN,MARK LT,,,,1,classic.com
LINCOLN,MARK SERIES,,MARK III|MARK IV|MARK V|MARK VI|MARK VII|MARK VIII,,7,classic.com
LINCOLN,PREMIERE,1ST GEN|2ND GEN,,,3,classic.com
LINCOLN,TOWN CAR,1ST GEN|2ND GEN|3RD GEN,,,4,classic.com
LINCOLN,VERSAILLES,,,,1,classic.com
LINCOLN,ZEPHYR,,,,3,classic.com
LISTER,RACE CAR REPLICAS,,,,1,classic.com
LISTER,RACE CARS,,,,1,classic.com
LISTER,XJS CONVERSIONS,,,,1,classic.com
LOCAL MOTORS,RALLY FIGHTER,,,,1,classic.com
LOLA,FORMULA CARS,F3000,2000S|80S|90S|FORMULA 1|FORMULA CAR|INDY CARS|INDY LIGHTS,,9,classic.com
LOLA,SPORTS CARS,T210|T290|T490|T70,MKI|REPLICA CONTINUATION|SPORTS CAR,COUPE|SPYDER,10,classic.com
LORDSTOWN,ENDURANCE,,,,1,classic.com
LOTUS,18,,,,1,classic.com
LOTUS,19 MONTE CARLO,,,,1,classic.com
LOTUS,2 ELEVEN,,,,1,classic.com
LOTUS,22,,,,1,classic.com
LOTUS,23,,,,1,classic.com
LOTUS,3 ELEVEN,,,,1,classic.com
LOTUS,59,,,,1,classic.com
LOTUS,61,,,,1,classic.com
LOTUS,70,,,,1,classic.com
LOTUS,C 01,,,,1,classic.com
LOTUS,CARLTON,,,,1,classic.com
LOTUS,CORTINA,MK 1 RACE CARS|MK1|MK2,,,4,classic.com
LOTUS,ECLAT,,,,1,classic.com
LOTUS,ELAN,1ST GEN|M100,2|SERIES 1 S1|SERIES 2 S2|SERIES 3 S3|SERIES 4 S4|SPRINT,,10,classic.com
LOTUS,ELETRE,,,,1,classic.com
LOTUS,ELEVEN,,,,1,classic.com
LOTUS,ELEVEN REPLICA,,,,1,classic.com
LOTUS,ELISE,,340R|BASE|SERIES 1|SERIES 2|SERIES 3,,7,classic.com
LOTUS,ELITE,,TYPE 14|TYPE 75 83,,3,classic.com
LOTUS,EMIRA,,,,1,classic.com
LOTUS,ESPRIT,X180,SERIES 1|SERIES 2|SERIES 3|SERIES 4,,6,classic.com
LOTUS,EUROPA,1ST GEN|2ND GEN,,,3,classic.com
LOTUS,EVORA,400|410,BASE|GT|GT 430|GTE|S,,9,classic.com
LOTUS,EXCEL,,,,1,classic.com
LOTUS,EXIGE,,SERIES 1|SERIES 2|SERIES 3,,5,classic.com
LOTUS,FORMULA 1,,,,1,classic.com
LOTUS,MARK VI,,,,1,classic.com
LOTUS,MARK X,,,,1,classic.com
LOTUS,SEVEN,,REPLICA|SERIES 1|SERIES 2|SERIES 3|SERIES 4,,6,classic.com
LOTUS,T125,,,,1,classic.com
LOTUS,TYPE 30,,,,1,classic.com
LUCID,AIR,,,,1,classic.com
LUCID,GRAVITY,,,,1,classic.com
MARCH,IMSA GTP,,,,1,classic.com
MARCOS,GT,,,,1,classic.com
MARCOS,GT XYLON,,,,1,classic.com
MARCOS,MANTARA,,,,1,classic.com
MARCOS,MANTARAY,,,,1,classic.com
MARCOS,MANTIS,,,,1,classic.com
MARCOS,MANTULA,,,,1,classic.com
MARCOS,MARCASITE,,,,1,classic.com
MARCOS,MINI,,,,1,classic.com
MARCOS,TSO,,,,1,classic.com
MARMON,D 74,,,,1,classic.com
MARMON,HCM SPECIAL,,,,1,classic.com
MARMON,MODEL 34,,,,1,classic.com
MARMON,MODEL 41,,,,1,classic.com
MARMON,MODEL 48,,,,1,classic.com
MARMON,MODEL 68,,,,1,classic.com
MARMON,MODEL 70,,,,1,classic.com
MARMON,MODEL 78,,,,1,classic.com
MARMON,MODEL 8,,,,1,classic.com
MARMON,SIXTEEN,,,,1,classic.com
MASERATI,200S,,,,1,classic.com
MASERATI,250F,,RACE CAR|REPLICA,,3,classic.com
MASERATI,3200 GT,,,,1,classic.com
MASERATI,3500 GT,,GTI COUPE|GTI SPYDER,COUPE|SPYDER,5,classic.com
MASERATI,450S,,RACE CAR|REPLICA,,3,classic.com
MASERATI,4CM,,,,1,classic.com
MASERATI,5000 GT,,,,1,classic.com
MASERATI,6CM,,,,1,classic.com
MASERATI,8C,,,,1,classic.com
MASERATI,A6,,A6 1500|A6G 2000|A6G 54|A6GCS|A6GCS 53|A6GCS REPLICA,,7,classic.com
MASERATI,BITURBO,,,,1,classic.com
MASERATI,BORA,,47|49,,3,classic.com
MASERATI,COUPE,,,,1,classic.com
MASERATI,GHIBLI,AM115|AM336|M157,SS|SS SPYDER,COUPE|SPYDER,8,classic.com
MASERATI,GRANSPORT,,,,1,classic.com
MASERATI,GRANTURISMO,M145|M189,FOLGORE|GRANCABRIO I|GRANCABRIO MC|GRANCABRIO SPORT|MC|MC STRADALE|MODENA|S|SCIADEPERSIA|SPORT|TROFEO,,15,classic.com
MASERATI,INDY,,,,1,classic.com
MASERATI,KARIF,,,,1,classic.com
MASERATI,KHAMSIN,,,,1,classic.com
MASERATI,KYALAMI,,,,1,classic.com
MASERATI,LEVANTE,,,,1,classic.com
MASERATI,MC12,,,,1,classic.com
MASERATI,MC20,,CIELO|GT2 STRADALE|MCXTREMA,COUPE,5,classic.com
MASERATI,MERAK,,2000 GT|SS,,4,classic.com
MASERATI,MEXICO,,,,1,classic.com
MASERATI,MISTRAL,,35|37|40,COUPE|SPYDER,9,classic.com
MASERATI,MOTORCYCLES,,,,1,classic.com
MASERATI,QUATTROPORTE,AM107|AM121|AM123|AM330|AM337|M139|M156,,,8,classic.com
MASERATI,SEBRING,,,,1,classic.com
MASERATI,SHAMAL,,,,1,classic.com
MASERATI,SPYDER,,,,1,classic.com
MASERATI,TIPO 26B,,,,1,classic.com
MASERATI,TIPO 61,,RACE CAR|REPLICA,,3,classic.com
MATRA,BAGHEERA,,,,1,classic.com
MATRA,DJET,,,,1,classic.com
MATRA,M530,,,,1,classic.com
MATRA,MURENA,,,,1,classic.com
MATRA,RANCHO,,,,1,classic.com
MAYBACH,57,,,,1,classic.com
MAYBACH,57 S,,,,1,classic.com
MAYBACH,57S CRUISERO COUPE,,,,1,classic.com
MAYBACH,62,,,,1,classic.com
MAYBACH,62 S,,,,1,classic.com
MAYBACH,SW,,,,1,classic.com
MAYBACH,ZEPPELIN,,,,1,classic.com
MAZDA,1300,,,,1,classic.com
MAZDA,323,,,,1,classic.com
MAZDA,626,,,,1,classic.com
MAZDA,929,,,,1,classic.com
MAZDA,AZ OFFROAD,,,,1,classic.com
MAZDA,B SERIES,1ST GEN|2ND GEN|3RD GEN|4TH GEN|5TH GEN,,,6,classic.com
MAZDA,BONGO,,,,1,classic.com
MAZDA,COSMO,,SERIES CD|SERIES HB|SERIES JC|SERIES L10AL10B,,5,classic.com
MAZDA,LANTIS,,,,1,classic.com
MAZDA,MAZDA6,,,,1,classic.com
MAZDA,MAZDASPEED3,,BK 1ST GEN|BL 2ND GEN,,3,classic.com
MAZDA,MILLENIA,,,,1,classic.com
MAZDA,MPV,,,,1,classic.com
MAZDA,MX 3,,,,1,classic.com
MAZDA,MX 5 MIATA,,10TH ANNIVERSARY EDITION|BLACK MIATA|CLUB SPORT|EUNOS ROADSTER|LIMITED EDITION|LS|M EDITION|MAZDASPEED|NA 1ST GEN|NB 2ND GEN|NC 3RD GEN|ND 4TH GEN|R PACKAGE|ROADSTER COUPE|SHINSHEN|SPECIAL EDITION|SPECIAL TOURING OPTION,,24,classic.com
MAZDA,MX 6,1ST GEN|2ND GEN,,,3,classic.com
MAZDA,NAVAJO,,,,1,classic.com
MAZDA,PROTEGE,,,,1,classic.com
MAZDA,R100,,,,1,classic.com
MAZDA,RX 2,,,,1,classic.com
MAZDA,RX 3,,,,1,classic.com
MAZDA,RX 4,,,,1,classic.com
MAZDA,RX 7,1ST GEN|2ND GEN|3RD GEN,BASE CONVERTIBLE|BASE COUPE|GTU|JDM VARIANTS|PEG|R1 R2|RS R|SPIRIT R|TURBO II|TYPE R|TYPE R BATHURST|TYPE RS|TYPE RZ,TOURING,21,classic.com
MAZDA,RX 8,R3,40TH ANNIVERSARY EDITION|GRAND TOURING|SHINKA EDITION|SPORT,TOURING,7,classic.com
MAZDA,SCRUM,,,,1,classic.com
MCLAREN,570GT,,,,1,classic.com
MCLAREN,570S,GT4,540C|620R,COUPE|SPIDER,6,classic.com
MCLAREN,600LT,,,,1,classic.com
MCLAREN,650S,,,,1,classic.com
MCLAREN,675LT,,,,1,classic.com
MCLAREN,720S,,,,1,classic.com
MCLAREN,750S,,,,1,classic.com
MCLAREN,765LT,,,,1,classic.com
MCLAREN,ARTURA,,,,1,classic.com
MCLAREN,ELVA,,,,1,classic.com
MCLAREN,F1,,,,1,classic.com
MCLAREN,F1 GP,,,,1,classic.com
MCLAREN,GT,,,,1,classic.com
MCLAREN,GTS,,,,1,classic.com
MCLAREN,HYPERCAR,,,,1,classic.com
MCLAREN,M1B,,,,1,classic.com
MCLAREN,M4B,,,,1,classic.com
MCLAREN,M6B,,,,1,classic.com
MCLAREN,M8,,,,1,classic.com
MCLAREN,MP4 12C,GT3,,COUPE|SPIDER,4,classic.com
MCLAREN,MSO,,,,1,classic.com
MCLAREN,P1,,,,1,classic.com
MCLAREN,P1 GTR,,,,1,classic.com
MCLAREN,SABRE,,,,1,classic.com
MCLAREN,SENNA,,BASE|CAN AM|GTR|GTR LM|LM|XP,,7,classic.com
MCLAREN,SOLUS GT,,,,1,classic.com
MCLAREN,SPEEDTAIL,,,,1,classic.com
MERCEDES-BENZ,104065,,,,1,classic.com
MERCEDES-BENZ,1570100,,,,1,classic.com
MERCEDES-BENZ,1645,,,,1,classic.com
MERCEDES-BENZ,170,,170 S|170 V|CABRIOLET A|CABRIOLET B|CABRIOLET LIMOUSINE|OPEN TOURER POLICE OTP|TYPE 170|UTILITY VEHICLES,CABRIOLET|ROADSTER|SALOON,17,classic.com
MERCEDES-BENZ,170 SV,,,,1,classic.com
MERCEDES-BENZ,190,190,190 D|190 D 22|190 D 25|190 D 25 TURBO|190 E|190 E 18|190 E 20|190 E 23|190 E 23 16|190 E 25 16|190 E 25 16 EVOLUTION I|190 E 25 16 EVOLUTION II|190 E 26|190 LE|190 SCHULZ CABRIO|AMG|BRABUS|CABRIOLET AKH CARO,,20,classic.com
MERCEDES-BENZ,200,,,,1,classic.com
MERCEDES-BENZ,200 V,,,,1,classic.com
MERCEDES-BENZ,2135,,,,1,classic.com
MERCEDES-BENZ,220,,CABRIOLET A|CABRIOLET B,COUPE|SALOON,5,classic.com
MERCEDES-BENZ,2240,,,,1,classic.com
MERCEDES-BENZ,2250,,,,1,classic.com
MERCEDES-BENZ,230,,,,1,classic.com
MERCEDES-BENZ,24100140,,,,1,classic.com
MERCEDES-BENZ,2850,,,,1,classic.com
MERCEDES-BENZ,2860,,,,1,classic.com
MERCEDES-BENZ,2895 HP,,,,1,classic.com
MERCEDES-BENZ,290,,,,1,classic.com
MERCEDES-BENZ,300,W186|W189,300A|300B|300C,CABRIOLET|SALOON,14,classic.com
MERCEDES-BENZ,300 S,,S|SB|SC,CABRIOLET|COUPE|ROADSTER,13,classic.com
MERCEDES-BENZ,300 SL GULLWING REPLICA,,,,1,classic.com
MERCEDES-BENZ,300 SLR,,,,1,classic.com
MERCEDES-BENZ,320,,,,1,classic.com
MERCEDES-BENZ,380,,,,1,classic.com
MERCEDES-BENZ,3870,,,,1,classic.com
MERCEDES-BENZ,500 K,,,,1,classic.com
MERCEDES-BENZ,500 K REPLICA,,,,1,classic.com
MERCEDES-BENZ,540 K,,,,1,classic.com
MERCEDES-BENZ,540 K REPLICA,,,,1,classic.com
MERCEDES-BENZ,600,,600 PULLMAN|600 SWB|FOUR DOOR PULLMAN|FOUR DOOR PULLMAN LANDAULET|SIX DOOR PULLMAN|SIX DOOR PULLMAN LANDAULET,,7,classic.com
MERCEDES-BENZ,770,,,,1,classic.com
MERCEDES-BENZ,838,,,,1,classic.com
MERCEDES-BENZ,A CLASS,,,,1,classic.com
MERCEDES-BENZ,AMG GT,GT3|GT4,COUPE C192|GT|GT 43 4MATIC|GT 55 4MATIC|GT 63 4MATIC|GT 63 PRO 4MATIC|GT 63 S E PERFORMANCE 4MATIC|GT BLACK SERIES|GT C|GT C EDITION 50|GT R|GT R PRO|GT S|GT TRACK SERIES|GT2 PRO,COUPE|ROADSTER,24,classic.com
MERCEDES-BENZ,AMG GT 4 DOOR,,BRABUS|GT 43 4MATIC|GT 53 4MATIC|GT 63 4MATIC|GT 63 S 4MATIC|GT 63 S E PERFORMANCE,,7,classic.com
MERCEDES-BENZ,AMG ONE,,,,1,classic.com
MERCEDES-BENZ,BROOKLAND SEMMERING RENNWAGEN,,,,1,classic.com
MERCEDES-BENZ,C,W202|W203|W204|W205|W206,BRABUS|C 180|C 180 KOMPRESSOR|C 200|C 200 KOMPRESSOR|C 220|C 220 CDI|C 220 CDI BLUEEFFICIENCY|C 220 CDI SEDAN|C 220 CDI WAGON|C 230|C 230 KOMPRESSOR|C 240|C 240 4MATIC|C 250 CGI BLUEEFFICIENCY|C 250 DIESEL|C 250 SPORT|C 250 TURBODIESEL|C 280|C 280 4MATIC|C 300|C 300 4MATIC|C 32 AMG|C 320|C 320 4MATIC|C 350|C 350 4MATIC|C 350 CDI BLUEEFFICIENCY|C 36 AMG|C 43 AMG|C 43 AMG 4MATIC|C 450 4MATIC AMG SPORT|C 55 AMG|C 63 AMG|C 63 AMG BLACK SERIES|C 63 AMG EDITION 1|C 63 AMG EDITION 507|C 63 AMG S|C 63 AMG S 4MATIC|C 63 S AMG E PERFORMANCE|EDITION 507 SEDAN|P30 SEDAN|P31 SEDAN|SPORTCOUPE,CABRIOLET|COUPE|SEDAN|WAGON,105,classic.com
MERCEDES-BENZ,CL,C140|C215|C216,BRABUS|CL 420|CL 500|CL 500 BLUEEFFICIENCY|CL 55 AMG|CL 550|CL 550 4MATIC|CL 550 BLUEEFFICIENCY 4MATIC|CL 600|CL 600 AMG 70|CL 63 AMG|CL 65 AMG,,24,classic.com
MERCEDES-BENZ,CLA,,,,1,classic.com
MERCEDES-BENZ,CLE,,AMG CLE 53 4MATIC,CONVERTIBLE|COUPE,5,classic.com
MERCEDES-BENZ,CLK,W208|W209,BRABUS|CLK 200|CLK 200 KOMPRESSOR|CLK 220 CDI|CLK 230 KOMPRESSOR|CLK 240|CLK 270 CDI|CLK 280|CLK 320|CLK 350|CLK 430|CLK 500|CLK 55 AMG|CLK 550|CLK 63 AMG BLACK SERIES|CLK DTM|CLK63 AMG,CONVERTIBLE|COUPE,56,classic.com
MERCEDES-BENZ,CLK GTR,,,,1,classic.com
MERCEDES-BENZ,CLS,C218|C219|C257,AMG CLS 53 4MATIC|BRABUS|CLS 320 CDI|CLS 350|CLS 350 BLUEEFFICIENCY|CLS 400|CLS 400 4MATIC|CLS 450|CLS 450 4MATIC|CLS 500|CLS 500 CLS 550|CLS 55 AMG|CLS 550|CLS 550 4MATIC|CLS 550 4MATIC SHOOTING BRAKE|CLS 63 AMG|CLS 63 AMG 4MATIC|CLS 63 AMG S|CLS 63 AMG S 4MATIC|CLS 63 AMG S SHOOTING BRAKE|CLS 63 AMG SHOOTING BRAKE,,27,classic.com
MERCEDES-BENZ,E,E350|W105|W110|W114|W115|W120|W121|W123|W124|W210|W211|W212|W213|W214,180|180 A|180 B|180 C|180 D|190|190 B|190 C|190 D|190 DB|190 DC|200|200 CE|200 CE 16|200 D|200 E|200 T|200 TD|200 TE|220|220 CE|220 D|220 D LANG|220 E|220 TE|230|230 C|230 CE|230 E|230 LANG|230 T|230 TE|2304|2306 LANG|240 D|240 D 30|240 TD|250|250 28|250 C|250 C 28|250 CE|250 D|250 T|250 TD|260 E|260 E PULLMAN|280|280 C|280 CE|280 E|280 TE|300 CD|300 CD TURBODIESEL|300 CE|300 CE 24|300 D|300 D 25 TURBO|300 D TURBO|300 D TURBO 4MATIC|300 D TURBODIESEL|300 E|300 E 24|300 E 26|300 E 28|300 E 4MATIC|300 TD|300 TD TURBO|300 TD TURBODIESEL|300 TE|300 TE 24|300 TE 4MATIC|320 CE|320 E|320 TE|400 E|500 E|ALL TERRAIN WAGON|AMG|AMG E 43 4MATIC|AMG E 53 4MATIC|AMG E 63 4MATIC|AMG E 63 S 4MATIC|AMG HAMMER|BRABUS|E 200|E 200 CGI BLUEEFFICIENCY|E 200 D|E 220|E 220 CDI|E 240|E 250 BLUETEC|E 250 BLUETEC 4MATIC|E 250 CDI BLUEEFFICIENCY|E 250 CGI BLUEEFFICIENCY|E 250 D|E 250 DIESEL|E 280|E 280 CDI|E 280 LIMOUSINE|E 280 PULLMAN|E 290 TURBODIESEL|E 300 D|E 300 DIESEL|E 300 TURBODIESEL|E 320|E 320 4MATIC|E 320 BLUETEC|E 320 CDI|E 350|E 350 4MATIC|E 350 BLUETEC|E 350 CDI BLUEEFFICIENCY|E 350 CGI BLUEEFFICIENCY|E 36 AMG|E 36 AMG CABRIOLET|E 36 AMG COUPE|E 400|E 400 4MATIC|E 400 HYBRID|E 420|E 430|E 430 4MATIC|E 450|E 450 4MATIC|E 50 AMG|E 500|E 500 4MATIC|E 53 AMG 4MATIC|E 53 HYBRID 4MATIC|E 55 AMG|E 550|E 550 4MATIC|E 60 AMG|E 63 AMG|E 63 AMG 4MATIC|E 63 AMG S|E 63 AMG S 4MATIC|FIRST SERIES|KOENIG SPECIALS|SECOND SERIES|W114 W115|W120 W121,CABRIOLET|COUPE|LIMOUSINE|SEDAN|WAGON,304,classic.com
MERCEDES-BENZ,EQE,,,,1,classic.com
MERCEDES-BENZ,EQS,,AMG EQS 53 4MATIC|MAYBACH EQS 680 4MATIC SUV,SEDAN|SUV,5,classic.com
MERCEDES-BENZ,G,W460|W461|W463|W465,200 GE|230 G|230 GE|230 GEG 230|240 GD|250 GD|280 GE|280 GE CABRIOLET|290 GD|290 GD TG 290 TURBODIESEL|300 GD|300 GD CABRIOLET|300 GDG 300 D|300 GDG 300 D CABRIOLET|300 GE CABRIOLET|300 GEG 300|350 GD TG 350 TURBODIESEL|350 GD TURBODIESEL CABRIOLET|500 GE|500 GE 60 AMG|BRABUS|G 230 CABRIOLET|G 270 CDI|G 280 CDI|G 300 CDI|G 300 TURBODIESEL|G 300 TURBODIESEL CABRIOLET|G 320|G 320 CABRIOLET|G 320 CDI|G 320 CDI CABRIOLET|G 350 CDI|G 350 CDI BLUETEC|G 350 CDI BLUETEC CABRIOLET|G 350 CDI CABRIOLET|G 350 D|G 350 TURBODIESEL CABRIOLET|G 36 AMG|G 400 CDI|G 400 CDI CABRIOLET|G 400 D|G 500|G 500 4X42G 550 4X42|G 500 CABRIOLET|G 55 AMG|G 55 AMG CABRIOLET|G 550|G 550 AMG 6X6 CONVERSION|G 550 CABRIOLET|G 580E|G 63 6X6|G 63 AMG|G 63 AMG 4X42|G 63 AMG 4X42 CONVERSION|G 63 AMG 6X6 CONVERSION|G 63 AMG V12|G 65 AMG|G 65 AMG 6X6 CONVERSION|G CLASS BRABUS 4X42|G CLASS BRABUS 6X6|G CLASS BRABUS STANDARD VARIANTS|MAYBACH G 650 LANDAULET|W463 POST FACELIFT,,83,classic.com
MERCEDES-BENZ,GL,X164|X166|X167,BRABUS|GL 320 CDI|GL 350 BLUETEC|GL 350 CDI|GL 450|GL 550|GL 63 AMG|GLS 63 AMG 4MATIC|MAYBACH GLS 600 4MATIC,,14,classic.com
MERCEDES-BENZ,GLA,H247|X156,AMG GLA 35 4MATIC|AMG GLA 45 4MATIC|AMG GLA 45 S 4MATIC|GLA 45 AMG 4MATIC,,7,classic.com
MERCEDES-BENZ,GLB,X247,GLB 35 AMG 4MATIC,,3,classic.com
MERCEDES-BENZ,GLC,C253|C254|X253|X254,BRABUS|GLC 43 AMG 4MATIC|GLC 43 AMG 4MATIC COUPE|GLC 63 AMG 4MATIC PLUS|GLC 63 AMG 4MATIC PLUS COUPE|GLC 63 S AMG 4MATIC E PERFORMANCE|GLC 63 S AMG 4MATIC PLUS|GLC 63 S AMG 4MATIC PLUS COUPE,,16,classic.com
MERCEDES-BENZ,GLE,C292|W166|W167,AMG GLE 63 S 4MATIC|BRABUS|GLE 43 AMG 4MATIC|GLE 53 AMG 4MATIC|GLE 63 AMG 4MATIC|GLE 63 S AMG 4MATIC,,12,classic.com
MERCEDES-BENZ,GLK,,GLK 250 BLUETEC 4MATIC|GLK 350|GLK 350 4MATIC|GLK 350 BLUEEFFICIENCY|GLK 350 BLUEEFFICIENCY 4MATIC,,6,classic.com
MERCEDES-BENZ,H,,130 H|150 H|170 H,CABRIOLET|SEDAN,6,classic.com
MERCEDES-BENZ,HARBURG TRANSPORTER,,,,1,classic.com
MERCEDES-BENZ,L319,,,,1,classic.com
MERCEDES-BENZ,MANNHEIM,,,,1,classic.com
MERCEDES-BENZ,MB 100,,,,1,classic.com
MERCEDES-BENZ,ML,W163|W164|W166,BRABUS|ML 270 CDI|ML 280 CDI|ML 320|ML 320 CDI 4MATIC|ML 350|ML 350 4MATIC|ML 350 CDI BLUETEC 4MATIC|ML 420 CDI 4MATIC|ML 430|ML 500|ML 500 4MATIC|ML 55 AMG|ML 550 4MATIC|ML 63 AMG 4MATIC,,21,classic.com
MERCEDES-BENZ,NURBURG,,,,1,classic.com
MERCEDES-BENZ,R,,R 280 CDI|R 320 CDI 4MATIC|R 350|R 350 4MATIC|R 350 BLUETEC 4MATIC|R 500 4MATIC|R 63 AMG 4MATIC|R320 BLUETEC 4MATIC,,9,classic.com
MERCEDES-BENZ,S,W111|W112|W116|W126|W128|W140|W180|W220|W221|W222|W223,220 A|220 S|220 S SEDAN|220 SE CABRIOLET|220 SE COUPE|220 SE SEDAN|220 SEDAN|230 S SEDAN|250 S|250 SE|250 SE CABRIOLET|250 SE COUPE|260 SE|280 S|280 SE|280 SE 35|280 SE 35 CABRIOLET|280 SE 35 COUPE|280 SE 45|280 SE CABRIOLET|280 SE COUPE|280 SEL|280 SEL 35|280 SEL 45|300 SD|300 SDL|300 SE|300 SE CABRIOLET|300 SE COUPE|300 SE SEDAN|300 SEL|300 SEL 35|300 SEL 45|300 SEL 63|300 SEL 63 22|350 SD|350 SDL|350 SE|380 SE|380 SEC|380 SEL|380SEC 50 AMG C126|400 SE|400 SEL|420 SE|420 SEC|420 SEL|450 SE|450 SEL|450 SEL 69|500 SE|500 SEC|500 SEC 60 AMG|500 SEL|500SEC AMG C126|54|56|560 SEC|560 SEL|560 SEL 60 AMG|560SEC AMG C126|60|600 SE|600 SEC|600 SEL|A217 CABRIOLET|AMG|AMG S 63 E PERFORMANCE|BRABUS|C126 COUPE|C140 COUPE|C217 COUPE|KOENIG SPECIALS|MAYBACH S 550|MAYBACH S 550 4MATIC|MAYBACH S 560|MAYBACH S 560 4MATIC|MAYBACH S 580 4MATIC|MAYBACH S 600|MAYBACH S 600 PULLMAN|MAYBACH S 650|MAYBACH S 650 4MATIC|MAYBACH S 680 4MATIC|MAYBACH S 680 4MATIC ED100|S 280|S 320 CDI S 320 L CDI|S 320 S 320 L|S 350|S 350 BLUETEC 4MATIC|S 350 S 350 L|S 350 TURBODIESEL|S 400 CDI|S 400 HYBRID|S 420 S 420 L|S 430 4MATIC|S 430 S 430 L|S 450 4MATIC|S 500|S 500 4MATIC|S 500 4MATIC S 500 L 4MATIC|S 500 COUPE|S 500 PULLMAN|S 500 S 500 L|S 55 AMG|S 550|S 550 4MATIC|S 550 LIMOUSINE|S 560|S 560 4MATIC|S 600|S 600 COUPE|S 600 PULLMAN|S 600 S 600 L|S 63 AMG|S 63 AMG 4MATIC|S 63 AMG 4MATIC PLUS|S 65 AMG|S 650|W108W109,CABRIOLET|COUPE|SEDAN,188,classic.com
MERCEDES-BENZ,S SERIES,,,,1,classic.com
MERCEDES-BENZ,SHORT BONNET,,,,1,classic.com
MERCEDES-BENZ,SIMPLEX 2832,,,,1,classic.com
MERCEDES-BENZ,SIMPLEX 35,,,,1,classic.com
MERCEDES-BENZ,SIMPLEX 4550,,,,1,classic.com
MERCEDES-BENZ,SIMPLEX 60,,,,1,classic.com
MERCEDES-BENZ,SL,R129|R230|R231|R232|W113|W121|W198,230 SL PAGODA|250 SL PAGODA|280 SL|280 SL PAGODA|280 SLC|300 SL|300 SL 24|300 SL ALLOY GULLWING|300 SL GULLWING|300 SL ROADSTER|350 SL|350 SLC|380 SL|380 SLC|420 SL|450 SL|450 SLC|450 SLC 50|500 SL|500 SL AMG 50|500 SL AMG 60|500 SLC|560 SL|600 SL|AMG|BRABUS|KOENIG SPECIALS|MAYBACH SL 680|R107 C107|SL 280|SL 320|SL 350|SL 400|SL 43 AMG|SL 450|SL 500|SL 55 AMG|SL 55 AMG 4MATIC PLUS|SL 550|SL 60 AMG|SL 600|SL 63 AMG|SL 63 AMG 4MATIC PLUS|SL 63 S E PERFORMANCE|SL 65 AMG|SL 65 AMG BLACK SERIES|SL 70 AMG|SL 72 AMG|SL 73 AMG,,72,classic.com
MERCEDES-BENZ,SLK,R170|R171|R172,AMG SLC 43|SLC 300|SLK 200|SLK 200 KOMPRESSOR|SLK 230 KOMPRESSOR|SLK 250|SLK 250 CDI|SLK 280|SLK 300|SLK 32 AMG|SLK 320|SLK 350|SLK 55 AMG,,21,classic.com
MERCEDES-BENZ,SLR MCLAREN,,722 EDITION|722 S EDITION|BRABUS|MCLAREN EDITION ROADSTER|SLR MCLAREN EDITION COUPE|STIRLING MOSS,COUPE|ROADSTER,9,classic.com
MERCEDES-BENZ,SLS,GT3,BLACK SERIES|ELECTRIC DRIVE|FINAL EDITION|GT,COUPE|ROADSTER,12,classic.com
MERCEDES-BENZ,SPRINTER,,,,1,classic.com
MERCEDES-BENZ,STUTTGART 260,,,,1,classic.com
MERCEDES-BENZ,T2,,,,1,classic.com
MERCEDES-BENZ,TN,,,,1,classic.com
MERCEDES-BENZ,TYPE 122,,,,1,classic.com
MERCEDES-BENZ,UNIMOG,,,,1,classic.com
MERCEDES-BENZ,V CLASS,,,,1,classic.com
MERCEDES-BENZ,W196 R STREAMLINER,,,,1,classic.com
MERCER,MODEL 22,,,,1,classic.com
MERCER,SERIES 5,,,,1,classic.com
MERCER,SERIES 6,,,,1,classic.com
MERCER,TYPE 35,,,,1,classic.com
MERCURY,BOBCAT,,,,1,classic.com
MERCURY,CAPRI,1ST GEN|2ND GEN|3RD GEN,,,4,classic.com
MERCURY,COLONY PARK,,,,1,classic.com
MERCURY,COMET,1ST GEN|2ND GEN|3RD GEN|4TH GEN|5TH GEN,,,6,classic.com
MERCURY,COMMUTER,,,,1,classic.com
MERCURY,COUGAR,1ST GEN|2ND GEN|3RD GEN|4TH GEN|5TH GEN|6TH GEN|7TH GEN,BASE|ELIMINATOR|XR 7,,11,classic.com
MERCURY,CYCLONE,2ND GEN|3RD GEN|4TH GEN,GT|SPOILER,,7,classic.com
MERCURY,DURANGO,,,,1,classic.com
MERCURY,EIGHT,1ST GEN|2ND GEN|3RD GEN,,,4,classic.com
MERCURY,GRAND MARQUIS,1ST GEN|2ND GEN|3RD GEN,,,4,classic.com
MERCURY,LN7,,,,1,classic.com
MERCURY,LYNX,,,,1,classic.com
MERCURY,M SERIES TRUCKS,,,,1,classic.com
MERCURY,MARAUDER,1ST GEN|2ND GEN|3RD GEN,,,4,classic.com
MERCURY,MARQUIS,1ST GEN|2ND GEN|4TH GEN,,,4,classic.com
MERCURY,MEDALIST,,,,1,classic.com
MERCURY,METEOR,,,,1,classic.com
MERCURY,MONARCH,,,,1,classic.com
MERCURY,MONTCLAIR,1ST GEN|2ND GEN|3RD GEN|4TH GEN|5TH GEN,,,6,classic.com
MERCURY,MONTEGO,1ST GEN|2ND GEN|3RD GEN,,,4,classic.com
MERCURY,MONTEREY,1ST GEN|2ND GEN|3RD GEN|4TH GEN|5TH GEN|6TH GEN|7TH GEN,S 55,,12,classic.com
MERCURY,MOUNTAINEER,,,,1,classic.com
MERCURY,MYSTIQUE,,,,1,classic.com
MERCURY,PARK LANE,1ST GEN|2ND GEN,,,3,classic.com
MERCURY,SABLE,,,,1,classic.com
MERCURY,TOPAZ,,,,1,classic.com
MERCURY,TRACER,,,,1,classic.com
MERCURY,TURNPIKE CRUISER,,,,1,classic.com
MERCURY,VILLAGER,1ST GEN,,,2,classic.com
MERCURY,VOYAGER,,,,1,classic.com
MERCURY,ZEPHYR,,,,1,classic.com
MERKUR,SCORPIO,,,,1,classic.com
MERKUR,XR4TI,,,,1,classic.com
MESSERSCHMITT,KABINENROLLER,KR175|KR200,BUBBLE TOP,CONVERTIBLE|ROADSTER,6,classic.com
MEYERS,KICK OUT,,,,1,classic.com
MEYERS,MANX,,,,1,classic.com
MEYERS,MANXTER 22,,,,1,classic.com
MEYERS,SR,,,,1,classic.com
MEYERS,TOWD,,,,1,classic.com
MG,1100 1300,,,,1,classic.com
MG,14,,,,1,classic.com
MG,A,,1500|1600|MK II|TWIN CAM,,6,classic.com
MG,B,,GT|GT V8|ROADSTER V8,ROADSTER,7,classic.com
MG,C,,GT,ROADSTER,4,classic.com
MG,D TYPE,,,,1,classic.com
MG,F TYPE,,,,1,classic.com
MG,J TYPE,,,,1,classic.com
MG,K TYPE,,,,1,classic.com
MG,L TYPE,,,,1,classic.com
MG,M TYPE,,,,1,classic.com
MG,MAESTRO,,,,1,classic.com
MG,MAGNETTE,,MKIII|MKIV|ZA|ZB,,5,classic.com
MG,METRO,,6R4|TURBO,,4,classic.com
MG,MGF TF,,,,1,classic.com
MG,MIDGET,,1500|MKI|MKII|MKIII,,5,classic.com
MG,MONTEGO,,,,1,classic.com
MG,N TYPE,,,,1,classic.com
MG,P TYPE,,,,1,classic.com
MG,Q TYPE,,,,1,classic.com
MG,RV8,,,,1,classic.com
MG,SA,,,,1,classic.com
MG,SV,,,,1,classic.com
MG,T TYPE,,REPLICA|TA|TB|TC|TD|TF|TF 1500,,8,classic.com
MG,VA,,,,1,classic.com
MG,WA,,,,1,classic.com
MG,Y TYPE,,,,1,classic.com
MG,ZS,,,,1,classic.com
MG,ZT,,,,1,classic.com
MINI,CLASSIC MINI,,BEACH CAR|COOPER MK II|COOPER MKI|COOPER S MK I|COOPER S MK II|COOPER S MK III|MARK I|MARK II|MARK III|MARK IV|MARK V|MARK VI|MARK VII,,18,classic.com
MINI,CLUBMAN,,,,1,classic.com
MINI,COUNTRYMAN,,,,1,classic.com
MINI,MODERN MINI,1ST GEN|2ND GEN|3RD GEN|4TH GEN,CONVERTIBLE 1ST GEN|CONVERTIBLE 2ND GEN|COOPER S 1ST GEN|COOPER S 2ND GEN|COOPER S CONVERTIBLE 1ST GEN|COOPER S CONVERTIBLE 2ND GEN|COOPER S HARDTOP 1ST GEN|COOPER S HARDTOP 2ND GEN|GOODWOOD|HARDTOP 1ST GEN|HARDTOP 2ND GEN|JOHN COOPER WORKS|JOHN COOPER WORKS GP|S|SE,CONVERTIBLE|COUPE|HARDTOP|ROADSTER,28,classic.com
MINI,MOKE,,,,1,classic.com
MINI,PACEMAN,,,,1,classic.com
MITSUBISHI,3000GT,1ST GEN|2ND GEN|3RD GEN,BASE|VR 4|VR 4 COUPE|VR 4 SPYDER,,11,classic.com
MITSUBISHI,CHARIOT,,,,1,classic.com
MITSUBISHI,DELICA,,,,1,classic.com
MITSUBISHI,DIAMANTE,,,,1,classic.com
MITSUBISHI,ECLIPSE,1ST GEN|2ND GEN|3RD GEN|4TH GEN,GS|GS T|GSX|RS,,9,classic.com
MITSUBISHI,ENDEAVOR,,,,1,classic.com
MITSUBISHI,FTO,,,,1,classic.com
MITSUBISHI,FUSO,,,,1,classic.com
MITSUBISHI,GALANT,,,,1,classic.com
MITSUBISHI,GTO,,,,1,classic.com
MITSUBISHI,I MIEV,,,,1,classic.com
MITSUBISHI,JEEP,,,,1,classic.com
MITSUBISHI,LANCER,,,,1,classic.com
MITSUBISHI,LANCER EVOLUTION,,EVOLUTION I|EVOLUTION II|EVOLUTION III|EVOLUTION IV|EVOLUTION IX|EVOLUTION V|EVOLUTION VI|EVOLUTION VII|EVOLUTION VIII|EVOLUTION X|GSR|RS|TOMMI MAKINEN EDITION,,15,classic.com
MITSUBISHI,MINICA,,,,1,classic.com
MITSUBISHI,MINICAB,,,,1,classic.com
MITSUBISHI,MIRAGE,,,,1,classic.com
MITSUBISHI,MIZUSHIMA,,,,1,classic.com
MITSUBISHI,MOTORCYCLES,,,,1,classic.com
MITSUBISHI,PAJERO,,1ST GEN L040|2ND GEN V20|3RD GEN V60|4TH GEN V80|EVOLUTION,,7,classic.com
MITSUBISHI,PAJERO JUNIOR,,,,1,classic.com
MITSUBISHI,PAJERO MINI,,,,1,classic.com
MITSUBISHI,RVR,,,,1,classic.com
MITSUBISHI,SAPPORO,,,,1,classic.com
MITSUBISHI,STARION,,,,3,classic.com
MITSUBISHI,TRITON MIGHTY MAX,,,,1,classic.com
MITSUBISHI,TYPE 73,,,,1,classic.com
MITSUOKA,GALUE,,,,1,classic.com
MITSUOKA,LE SEYDE,,,,1,classic.com
MITSUOKA,OROCHI,,,,1,classic.com
MITSUOKA,RYOGA,,,,1,classic.com
MITSUOKA,VIEWT,,,,1,classic.com
MITSUOKA,ZERO1,,,,1,classic.com
MONTEVERDI,HIGH SPEED,,,,1,classic.com
MONTEVERDI,SAFARI,,,,1,classic.com
MONTEVERDI,SIERRA,,,,1,classic.com
MOON,EIGHT,,,,1,classic.com
MOON,SIX,,,,1,classic.com
MORGAN,3 WHEELER,,,,1,classic.com
MORGAN,44,,16 LITRE|1600|1800|SERIES I|SERIES II|SERIES III|SERIES IV|SERIES V,,9,classic.com
MORGAN,AERO 8,,AERO SUPERSPORTS|AEROMAX,,4,classic.com
MORGAN,F SERIES THREE WHEELER,,,,1,classic.com
MORGAN,MIDSUMMER,,,,1,classic.com
MORGAN,PLUS 4,1ST GEN|2ND GEN|3RD GEN|4TH GEN,,,5,classic.com
MORGAN,PLUS 4 PLUS,,,,1,classic.com
MORGAN,PLUS 8,,,,1,classic.com
MORGAN,PLUS 8 GTR,,,,1,classic.com
MORGAN,PLUS SIX,,,,1,classic.com
MORGAN,ROADSTER,,,,1,classic.com
MORGAN,SUPER 3,,,,1,classic.com
MORGAN,V TWIN THREE WHEELER,,,,1,classic.com
MORRIS,1100 1300,,,,1,classic.com
MORRIS,1800 2200,,,,1,classic.com
MORRIS,BIG SIX,,,,1,classic.com
MORRIS,COWLEY,,,,1,classic.com
MORRIS,EIGHT,,,,1,classic.com
MORRIS,ISIS,,,,1,classic.com
MORRIS,ITAL,,,,1,classic.com
MORRIS,J2,,,,1,classic.com
MORRIS,J4,,,,1,classic.com
MORRIS,LD,,,,1,classic.com
MORRIS,MAJOR,,,,1,classic.com
MORRIS,MARINA,,,,1,classic.com
MORRIS,MINOR,1ST GEN,1000|MM|SERIES II,,5,classic.com
MORRIS,OXFORD,,,,1,classic.com
MORRIS,SIX,,,,1,classic.com
MORRIS,SIX MS,,,,1,classic.com
MORRIS,TEN,,,,1,classic.com
MORRIS,TWELVE,,,,1,classic.com
MUNTZ,JET,,,,1,classic.com
MV AGUSTA,1100 D2 AUTOCARRO,,,,1,classic.com
MV AGUSTA,BRUTALE,,,,1,classic.com
MV AGUSTA,DRAGSTER,,,,1,classic.com
MV AGUSTA,F3,,,,1,classic.com
MV AGUSTA,F4,,,,1,classic.com
MV AGUSTA,SUPERVELOCE,,,,1,classic.com
NASH,600,,,,1,classic.com
NASH,880980,,,,1,classic.com
NASH,890990,,,,1,classic.com
NASH,ADVANCED EIGHT,,,,1,classic.com
NASH,ADVANCED SIX,,,,1,classic.com
NASH,AMBASSADOR,,POST WAR|PRE WAR,,3,classic.com
NASH,BIG SIX,,,,1,classic.com
NASH,LAFAYETTE,,,,1,classic.com
NASH,METROPOLITAN,,SERIES I II|SERIES III|SERIES IV,,4,classic.com
NASH,NASH HEALEY,,,,1,classic.com
NASH,RAMBLER,,,,1,classic.com
NASH,SIX,,,,1,classic.com
NASH,SPECIAL EIGHT,,,,1,classic.com
NASH,SPECIAL SIX,,,,1,classic.com
NASH,STANDARD EIGHT,,,,1,classic.com
NASH,STANDARD SIX,,,,1,classic.com
NASH,STATESMAN,1ST GEN|2ND GEN,,,3,classic.com
NASH,TWIN IGNITION EIGHT,,,,1,classic.com
NISSAN,ALTIMA,,,,1,classic.com
NISSAN,ARMADA,,,,1,classic.com
NISSAN,ATLAS,,,,1,classic.com
NISSAN,BE 1,,,,1,classic.com
NISSAN,BLUEBIRD,510|610|810|L210,,,5,classic.com
NISSAN,CARAVAN,,,,1,classic.com
NISSAN,CEDRIC,,,,1,classic.com
NISSAN,CEFIRO,,,,1,classic.com
NISSAN,CHERRY,,,,1,classic.com
NISSAN,CIMA,,,,1,classic.com
NISSAN,CUBE,,,,1,classic.com
NISSAN,ELGRAND,,,,1,classic.com
NISSAN,FIGARO,,,,1,classic.com
NISSAN,FRONTIER,,,,1,classic.com
NISSAN,GLORIA,,,,1,classic.com
NISSAN,GT R,,4BA R35|CBA R35|DBA R35|GT R50|NISMO|PREMIUM,,9,classic.com
NISSAN,LAUREL,,,,1,classic.com
NISSAN,LEOPARD,,,,1,classic.com
NISSAN,MAXIMA,,1ST GEN G910|2ND GEN PU11|3RD GEN J30|4TH GEN A32|5TH GEN A33B|6TH GEN A34,,7,classic.com
NISSAN,MICRA,,,,1,classic.com
NISSAN,MURANO,,,,1,classic.com
NISSAN,NX,,,,1,classic.com
NISSAN,PAO,,,,1,classic.com
NISSAN,PATHFINDER,,,,1,classic.com
NISSAN,PATROL,160|Y60|Y61|Y62,60,,6,classic.com
NISSAN,PRAIRIE,,,,1,classic.com
NISSAN,PRESIDENT,,,,1,classic.com
NISSAN,PRIMERA,,,,1,classic.com
NISSAN,PULSAR,,,,1,classic.com
NISSAN,RASHEEN,,,,1,classic.com
NISSAN,S CARGO,,,,1,classic.com
NISSAN,SENTRA,B11|B12|B13|B14|B15|B16,,,7,classic.com
NISSAN,SILVIA,S10|S110|S12|S13|S14|S15,180SX|200SX|240SX|CSP311|SILVIA,,16,classic.com
NISSAN,SKYLINE,C10|C110|C210|R30|R31|R32|R33|R34|S50,25GT|25GT TURBO|BASE|GT|GT R|GTS|GTS 25|GTS 4|GTS T|GTS25 T|M SPEC NUR V SPEC II NUR|NISMO|V SPEC I|V SPEC II,,32,classic.com
NISSAN,SPORTS,,1500|1600,,4,classic.com
NISSAN,STAGEA,,260RS AUTECH VERSION|RS FOUR,,4,classic.com
NISSAN,SUNNY,,,,1,classic.com
NISSAN,TITAN,,,,1,classic.com
NISSAN,TRUCK,220|320|520|620|720|D21,,,7,classic.com
NISSAN,VANETTE,,,,1,classic.com
NISSAN,VIOLET,,,,1,classic.com
NISSAN,XTERRA,,,,1,classic.com
NISSAN,Z CAR,S130|S30|Z31|Z32|Z432,240Z|260Z|280Z|280ZX|280ZX TURBO|300ZX|300ZX TURBO|300ZX TURBO 50TH ANNIVERSARY|300ZX TURBO SHIRO SPECIAL|300ZX TWIN TURBO|300ZX TWIN TURBO STILLEN SMZ|350Z|35TH ANNIVERSARY|370Z|40TH ANNIVERSARY|50TH ANNIVERSARY|ENTHUSIAST|FAIRLADY Z|FAIRLADY Z S130|FAIRLADY Z S30|GRAND TOURING|NISMO|SPORT|TRACK|Z,TOURING,40,classic.com
NOBLE,M12,,,,1,classic.com
NOBLE,M400,,,,1,classic.com
NOBLE,M600,,,,1,classic.com
NSU,MOTORCYCLES,,,,1,classic.com
NSU,NECKAR SPECIAL,,,,1,classic.com
NSU,PRINZ,,1000|1200|4|I II III|SPORT,SPIDER,7,classic.com
NSU,RO 80,,,,1,classic.com
NSU,SPIDER,,,,1,classic.com
NSU,TYP 110,,,,1,classic.com
OLDSMOBILE,442,1ST GEN|2ND GEN|3RD GEN|4TH GEN|5TH GEN|6TH GEN,,,7,classic.com
OLDSMOBILE,88,10TH GEN|1ST GEN|2ND GEN|3RD GEN|4TH GEN|5TH GEN|6TH GEN|7TH GEN|8TH GEN|9TH GEN,,,11,classic.com
OLDSMOBILE,98,10TH GEN|11TH GEN|12TH GEN|1ST GEN|2ND GEN|3RD GEN|4TH GEN|5TH GEN|6TH GEN|7TH GEN|8TH GEN|9TH GEN,,,13,classic.com
OLDSMOBILE,ALERO,,,,1,classic.com
OLDSMOBILE,AURORA,,,,1,classic.com
OLDSMOBILE,AUTOCRAT,,,,1,classic.com
OLDSMOBILE,CALAIS,,,,1,classic.com
OLDSMOBILE,CIERA,,,,1,classic.com
OLDSMOBILE,CURVED DASH,,,,1,classic.com
OLDSMOBILE,CURVED DASH REPLICA,,,,1,classic.com
OLDSMOBILE,CUSTOM CRUISER,,,,1,classic.com
OLDSMOBILE,CUTLASS,1ST GEN|2ND GEN|3RD GEN|4TH GEN|5TH GEN|6TH GEN,,,7,classic.com
OLDSMOBILE,CUTLASS SUPREME,1ST GEN|2ND GEN|3RD GEN|4TH GEN|5TH GEN,,,6,classic.com
OLDSMOBILE,DEFENDER,,,,1,classic.com
OLDSMOBILE,ECONOMY TRUCK,,,,1,classic.com
OLDSMOBILE,F 85,,,,1,classic.com
OLDSMOBILE,FRENCH FRONT,,,,1,classic.com
OLDSMOBILE,HURSTOLDS,1ST GEN|2ND GEN|3RD GEN|4TH GEN,,,5,classic.com
OLDSMOBILE,INTRIGUE,,,,1,classic.com
OLDSMOBILE,LIMITED,,,,1,classic.com
OLDSMOBILE,MODEL 30,,,,1,classic.com
OLDSMOBILE,MODEL 37,,,,1,classic.com
OLDSMOBILE,MODEL 42,,,,1,classic.com
OLDSMOBILE,MODEL 43,,,,1,classic.com
OLDSMOBILE,MODEL 45,,,,1,classic.com
OLDSMOBILE,MODEL 53,,,,1,classic.com
OLDSMOBILE,MODEL X,,,,1,classic.com
OLDSMOBILE,NASCAR,,,,1,classic.com
OLDSMOBILE,OMEGA,,,,1,classic.com
OLDSMOBILE,RALLYE 350,,,,1,classic.com
OLDSMOBILE,SERIES 20,,,,1,classic.com
OLDSMOBILE,SERIES 60,1ST GEN|2ND GEN,,,3,classic.com
OLDSMOBILE,SERIES 70 80,1ST GEN|2ND GEN|3RD GEN,,,4,classic.com
OLDSMOBILE,SERIES 80,,,,1,classic.com
OLDSMOBILE,SERIES 90,,,,1,classic.com
OLDSMOBILE,SERIES F,,,,1,classic.com
OLDSMOBILE,SERIES L,,,,1,classic.com
OLDSMOBILE,SILHOUETTE,,,,1,classic.com
OLDSMOBILE,STARFIRE,1ST GEN|2ND GEN,,,3,classic.com
OLDSMOBILE,TORONADO,1ST GEN|2ND GEN|3RD GEN|4TH GEN,,,5,classic.com
OLDSMOBILE,VISTA CRUISER,,,,1,classic.com
OPEL,1438 PS,,,,1,classic.com
OPEL,18 LITER,,,,1,classic.com
OPEL,ADMIRAL,,,,1,classic.com
OPEL,ASCONA,,,,1,classic.com
OPEL,ASTRA,,,,1,classic.com
OPEL,BLITZ,,,,1,classic.com
OPEL,CALIBRA,,,,1,classic.com
OPEL,COMMODORE,,,,1,classic.com
OPEL,CORSA,,,,1,classic.com
OPEL,GT,1ST GEN|2ND GEN,,,3,classic.com
OPEL,KADETT,,,,1,classic.com
OPEL,KAPITAN,,,,1,classic.com
OPEL,MANTA,,,,1,classic.com
OPEL,MONZA,,,,1,classic.com
OPEL,OLYMPIA,,,,1,classic.com
OPEL,OMEGA,,,,1,classic.com
OPEL,REKORD,,,,1,classic.com
OPEL,SENATOR,,,,1,classic.com
OPEL,SPEEDSTER,,,,1,classic.com
OPEL,SUPER 6,,,,1,classic.com
OPEL,TIGRA,,,,1,classic.com
OSPREY,OC110,,,,1,classic.com
OSPREY,OC90,,,,1,classic.com
PACKARD,200,,,,1,classic.com
PACKARD,250,,,,1,classic.com
PACKARD,300,,,,1,classic.com
PACKARD,58L,,,,1,classic.com
PACKARD,BAYLIFF,,,,1,classic.com
PACKARD,CARIBBEAN,,,,1,classic.com
PACKARD,CAVALIER,,,,1,classic.com
PACKARD,CLIPPER,1ST GEN|2ND GEN,,,3,classic.com
PACKARD,CONVERTIBLE,,,,1,classic.com
PACKARD,CUSTOM EIGHT,1ST GEN|2ND GEN,,,3,classic.com
PACKARD,DELUXE EIGHT,1ST GEN|2ND GEN,,,3,classic.com
PACKARD,DOMINANT SIX,,,,1,classic.com
PACKARD,EIGHT,1ST GEN|2ND GEN|3RD GEN|4TH GEN,,,5,classic.com
PACKARD,EXECUTIVE,,,,1,classic.com
PACKARD,FOUR HUNDRED,,,,1,classic.com
PACKARD,HAWK,,,,1,classic.com
PACKARD,LIGHT EIGHT,,,,1,classic.com
PACKARD,MAYFAIR,,,,1,classic.com
PACKARD,MODEL 18,,,,1,classic.com
PACKARD,MODEL 30,,,,1,classic.com
PACKARD,MODEL G,,,,1,classic.com
PACKARD,MODEL S,,,,1,classic.com
PACKARD,ONE EIGHTY,,,,1,classic.com
PACKARD,ONE SIXTY,,,,1,classic.com
PACKARD,ONE TEN,,,,1,classic.com
PACKARD,ONE TWENTY,1ST GEN|2ND GEN,,,3,classic.com
PACKARD,PACIFIC,,,,1,classic.com
PACKARD,PATRICIAN,,,,1,classic.com
PACKARD,SERIES E,,,,1,classic.com
PACKARD,SINGLE CYLINDER,,,,1,classic.com
PACKARD,SINGLE EIGHT,,,,1,classic.com
PACKARD,SINGLE SIX,,,,1,classic.com
PACKARD,SIX,1ST GEN|2ND GEN|3RD GEN,,,4,classic.com
PACKARD,SPEEDSTER,626|734,,,3,classic.com
PACKARD,STANDARD EIGHT,1ST GEN|2ND GEN,,,3,classic.com
PACKARD,SUPER EIGHT,1ST GEN|2ND GEN,,,3,classic.com
PACKARD,TWELVE,,,,1,classic.com
PACKARD,TWIN SIX,1ST GEN|2ND GEN,,,3,classic.com
PAGANI,HUAYRA,,,,1,classic.com
PAGANI,UTOPIA,,,,1,classic.com
PAGANI,ZONDA,,,,1,classic.com
PAGSTA,MINI CHOPPER,,,,1,classic.com
PANHARD,24,,,,1,classic.com
PANHARD,CD,,,,1,classic.com
PANHARD,DYNA JUNIOR,,,,1,classic.com
PANHARD,DYNA X,,,,1,classic.com
PANHARD,DYNA Z,,,,1,classic.com
PANHARD,DYNAMIC 130,,,,1,classic.com
PANHARD,MODEL KB,,,,1,classic.com
PANHARD,PL 17,,,,1,classic.com
PANHARD,TYPE A,,,,1,classic.com
PANHARD,TYPE B1,,,,1,classic.com
PANHARD,TYPE U2,,,,1,classic.com
PANHARD,X14,,,,1,classic.com
PANHARD,X49,,,,1,classic.com
PANHARD,X57,,,,1,classic.com
PANHARD,X72,,,,1,classic.com
PANOZ,AIV ROADSTER,,,,1,classic.com
PANOZ,ESPERANTE,,,,1,classic.com
PANOZ,ROADSTER,,,,1,classic.com
PANTHER WESTWINDS,DE VILLE,,,,1,classic.com
PANTHER WESTWINDS,J72,,,,1,classic.com
PANTHER WESTWINDS,KALLISTA,,,,1,classic.com
PANTHER WESTWINDS,LIMA,,,,1,classic.com
PEEL,P1000,,,,1,classic.com
PEEL,P50,,,,1,classic.com
PEEL,TRIDENT,,,,1,classic.com
PEERLESS UK,GT,,,,1,classic.com
PEERLESS USA,MODEL 19,,,,1,classic.com
PEERLESS USA,MODEL 27,,,,1,classic.com
PEERLESS USA,MODEL 48,,,,1,classic.com
PEERLESS USA,MODEL 56,,,,1,classic.com
PEERLESS USA,MODEL 6,,,,1,classic.com
PEERLESS USA,MODEL 60,,,,1,classic.com
PEERLESS USA,MODEL 66,,,,1,classic.com
PEERLESS USA,MODEL 8,,,,1,classic.com
PEERLESS USA,TYPE 8,,,,1,classic.com
PEGASO,Z 102,,,,1,classic.com
PEUGEOT,104,,,,1,classic.com
PEUGEOT,106,,,,1,classic.com
PEUGEOT,201,,,,1,classic.com
PEUGEOT,202,,,,1,classic.com
PEUGEOT,203,,,,1,classic.com
PEUGEOT,204,,,,1,classic.com
PEUGEOT,205,,16|19|CTI|GRIFFE|GROUP B|GTI|RALLYE|TURBO 16,,12,classic.com
PEUGEOT,206,,,,1,classic.com
PEUGEOT,207,,,,1,classic.com
PEUGEOT,207 THP SPIDER,,,,1,classic.com
PEUGEOT,208,,,,1,classic.com
PEUGEOT,301,,,,1,classic.com
PEUGEOT,302,,,,1,classic.com
PEUGEOT,304,,,,1,classic.com
PEUGEOT,305,,,,1,classic.com
PEUGEOT,306,,,,1,classic.com
PEUGEOT,307,,,,1,classic.com
PEUGEOT,308,,,,1,classic.com
PEUGEOT,309,,,,1,classic.com
PEUGEOT,401,,,,1,classic.com
PEUGEOT,402,,,,1,classic.com
PEUGEOT,403,,,,1,classic.com
PEUGEOT,404,,,,1,classic.com
PEUGEOT,405,,,,1,classic.com
PEUGEOT,406,,,,1,classic.com
PEUGEOT,407,,,,1,classic.com
PEUGEOT,504,,,,1,classic.com
PEUGEOT,505,,,,1,classic.com
PEUGEOT,5CV,,,,1,classic.com
PEUGEOT,601,,,,1,classic.com
PEUGEOT,604,,,,1,classic.com
PEUGEOT,605,,,,1,classic.com
PEUGEOT,908 PROTOTYPE,,,,1,classic.com
PEUGEOT,BEBE,,,,1,classic.com
PEUGEOT,D3,,,,1,classic.com
PEUGEOT,D4,,,,1,classic.com
PEUGEOT,J7,,,,1,classic.com
PEUGEOT,J9,,,,1,classic.com
PEUGEOT,MOTORCYCLES,,,,1,classic.com
PEUGEOT,P4,,,,1,classic.com
PEUGEOT,QUADRILETTE,,,,1,classic.com
PEUGEOT,RCZ,,,,1,classic.com
PEUGEOT,TYPE 134,,,,1,classic.com
PEUGEOT,TYPE 143,,,,1,classic.com
PEUGEOT,TYPE 144,,,,1,classic.com
PEUGEOT,TYPE 156,,,,1,classic.com
PEUGEOT,TYPE 163,,,,1,classic.com
PEUGEOT,TYPE 174,,,,1,classic.com
PEUGEOT,TYPE 177,,,,1,classic.com
PEUGEOT,TYPE 181,,,,1,classic.com
PEUGEOT,TYPE 190,,,,1,classic.com
PEUGEOT,TYPE 54,,,,1,classic.com
PEUGEOT,TYPE 57,,,,1,classic.com
PEUGEOT,TYPE 63,,,,1,classic.com
PEUGEOT,TYPE 67,,,,1,classic.com
PEUGEOT,TYPE 9,,,,1,classic.com
PEUGEOT,TYPE 99,,,,1,classic.com
PIAGGIO,APE,,,,1,classic.com
PIAGGIO,VESPA 400,,,,1,classic.com
PIERCE-ARROW,36HP,,,,1,classic.com
PIERCE-ARROW,ARROW,,,,1,classic.com
PIERCE-ARROW,EIGHT,,,,1,classic.com
PIERCE-ARROW,GREAT ARROW,,,,1,classic.com
PIERCE-ARROW,MODEL 31,,,,1,classic.com
PIERCE-ARROW,MODEL 32,,,,1,classic.com
PIERCE-ARROW,MODEL 33,,,,1,classic.com
PIERCE-ARROW,MODEL 36,,,,1,classic.com
PIERCE-ARROW,MODEL 38,,,,1,classic.com
PIERCE-ARROW,MODEL 48,,,,1,classic.com
PIERCE-ARROW,MODEL 51,,,,1,classic.com
PIERCE-ARROW,MODEL 66,,,,1,classic.com
PIERCE-ARROW,MODEL 80,,,,1,classic.com
PIERCE-ARROW,MODEL 81,,,,1,classic.com
PIERCE-ARROW,MOTORCYCLES,,,,1,classic.com
PIERCE-ARROW,MOTORETTE,,,,1,classic.com
PIERCE-ARROW,RUNABOUT,,,,1,classic.com
PIERCE-ARROW,SILVER ARROW,,,,1,classic.com
PIERCE-ARROW,STANHOPE,,,,1,classic.com
PIERCE-ARROW,TWELVE,,,,1,classic.com
PLYMOUTH,ARROW PICKUP,,,,1,classic.com
PLYMOUTH,BARRACUDA,1ST GEN|2ND GEN|3RD GEN,CUDA|HEMI CUDA,CONVERTIBLE|COUPE,9,classic.com
PLYMOUTH,BELVEDERE,1ST GEN|2ND GEN|3RD GEN|4TH GEN|5TH GEN|6TH GEN|7TH GEN,FURY,,12,classic.com
PLYMOUTH,BREEZE,,,,1,classic.com
PLYMOUTH,CAMBRIDGE,,,,1,classic.com
PLYMOUTH,CARAVELLE,,,,1,classic.com
PLYMOUTH,CHAMP,,,,1,classic.com
PLYMOUTH,COLT,,,,1,classic.com
PLYMOUTH,CONCORD,,,,1,classic.com
PLYMOUTH,CONQUEST,,,,1,classic.com
PLYMOUTH,CRANBROOK,,,,1,classic.com
PLYMOUTH,CRICKET,,,,1,classic.com
PLYMOUTH,DUSTER,,,,1,classic.com
PLYMOUTH,FURY,1ST GEN|2ND GEN|3RD GEN|4TH GEN|5TH GEN|6TH GEN|7TH GEN,,,8,classic.com
PLYMOUTH,GRAN FURY,,,,1,classic.com
PLYMOUTH,GTX,1ST GEN|2ND GEN|3RD GEN,426CI HEMI|440CI,,6,classic.com
PLYMOUTH,HORIZON,,,,1,classic.com
PLYMOUTH,LASER,,,,1,classic.com
PLYMOUTH,MODEL 30 U,,,,1,classic.com
PLYMOUTH,MODEL Q,,,,1,classic.com
PLYMOUTH,MODEL U,,,,1,classic.com
PLYMOUTH,NEON,,,,1,classic.com
PLYMOUTH,P11 P12,,,,1,classic.com
PLYMOUTH,P14,,,,1,classic.com
PLYMOUTH,P15,,,,1,classic.com
PLYMOUTH,P18,,,,1,classic.com
PLYMOUTH,P2,,,,1,classic.com
PLYMOUTH,P20,,,,1,classic.com
PLYMOUTH,P4,,,,1,classic.com
PLYMOUTH,P6,,,,1,classic.com
PLYMOUTH,P7 P8,,,,1,classic.com
PLYMOUTH,P9 P10,,,,1,classic.com
PLYMOUTH,PA PB,,,,1,classic.com
PLYMOUTH,PC PD,,,,1,classic.com
PLYMOUTH,PE,,,,1,classic.com
PLYMOUTH,PLAZA,,,,1,classic.com
PLYMOUTH,PROWLER,,,,1,classic.com
PLYMOUTH,PT PICKUP,,,,1,classic.com
PLYMOUTH,PU,,,,1,classic.com
PLYMOUTH,RELIANT,,,,1,classic.com
PLYMOUTH,ROAD RUNNER,1ST GEN|2ND GEN|3RD GEN,HEMI,,6,classic.com
PLYMOUTH,SAPPORO,,,,1,classic.com
PLYMOUTH,SATELLITE,1ST GEN|2ND GEN|3RD GEN,,,4,classic.com
PLYMOUTH,SAVOY,1ST GEN|2ND GEN|3RD GEN|4TH GEN|5TH GEN,,,6,classic.com
PLYMOUTH,SCAMP,1ST GEN|2ND GEN,,,2,classic.com
PLYMOUTH,SUNDANCE,,,,1,classic.com
PLYMOUTH,SUPERBIRD,440,440 SIX PACK|HEMI,,4,classic.com
PLYMOUTH,TRAIL DUSTER,,,,1,classic.com
PLYMOUTH,TURISMO,,,,1,classic.com
PLYMOUTH,VALIANT,,,,1,classic.com
PLYMOUTH,VOLARE,,,,1,classic.com
POLARIS,MOTORCYCLES,,,,1,classic.com
POLARIS,OHV,,ATVS|GENERAL|RANGER|RZR,,5,classic.com
POLARIS,SLINGSHOT,,BASE|GT|R|ROUSH EDITION|S|SL|SLR,,8,classic.com
POLARIS,SNOW VEHICLES,,INDY SERIES|SNO TRAVELER,,3,classic.com
POLESTAR,1,,,,1,classic.com
PONTIAC,22,,,,1,classic.com
PONTIAC,ASTRE,,,,1,classic.com
PONTIAC,AZTEK,,,,1,classic.com
PONTIAC,BANSHEE,,,,1,classic.com
PONTIAC,BONNEVILLE,10TH GEN|1ST GEN|2ND GEN|3RD GEN|4TH GEN|5TH GEN|6TH GEN|7TH GEN|8TH GEN|9TH GEN,,,11,classic.com
PONTIAC,CATALINA,1ST GEN|2ND GEN|3RD GEN|4TH GEN|5TH GEN,,,6,classic.com
PONTIAC,CHIEFTAIN,1ST GEN|2ND GEN|3RD GEN,,,4,classic.com
PONTIAC,CUSTOM S,,,,1,classic.com
PONTIAC,EARLY,,,,1,classic.com
PONTIAC,EXECUTIVE,,,,1,classic.com
PONTIAC,FIERO,,FORMULA|GT|RACECAR|REPLICA|SE|SPORT COUPE,,9,classic.com
PONTIAC,FIREBIRD,1ST GEN|2ND GEN|3RD GEN|4TH GEN,FIREHAWK|SPECIAL EDITION|SUPER DUTY|TRANS AM,CONVERTIBLE|COUPE,20,classic.com
PONTIAC,FIREBIRD ONE,,,,1,classic.com
PONTIAC,FIREFLY,,,,1,classic.com
PONTIAC,G6,,,,1,classic.com
PONTIAC,G8,,,,1,classic.com
PONTIAC,GRAND AM,,,,1,classic.com
PONTIAC,GRAND PRIX,1ST GEN|2ND GEN|3RD GEN|4TH GEN|5TH GEN|6TH GEN|7TH GEN|8TH GEN,HURST SSJ|J|SJ,,13,classic.com
PONTIAC,GRAND SAFARI,,,,1,classic.com
PONTIAC,GRAND VILLE,,,,1,classic.com
PONTIAC,GTO,1ST GEN|2ND GEN|4TH GEN|5TH GEN,JUDGE,CONVERTIBLE|HARD TOP,10,classic.com
PONTIAC,LAURENTIAN,,,,1,classic.com
PONTIAC,LEMANS,1ST GEN|2ND GEN|3RD GEN|4TH GEN|5TH GEN,CAN AM,,10,classic.com
PONTIAC,PARISIENNE,1ST GEN|2ND GEN|3RD GEN|4TH GEN|5TH GEN,,,6,classic.com
PONTIAC,PATHFINDER,,,,1,classic.com
PONTIAC,PHOENIX,,,,1,classic.com
PONTIAC,SAFARI,,,,1,classic.com
PONTIAC,SOLSTICE,,GXP,,3,classic.com
PONTIAC,SPECIAL DELUXE,,,,1,classic.com
PONTIAC,STAR CHIEF,1ST GEN|2ND GEN|3RD GEN|4TH GEN|5TH GEN|6TH GEN,BONNEVILLE,,9,classic.com
PONTIAC,STREAMLINER,,,,1,classic.com
PONTIAC,SUNBIRD,,,,1,classic.com
PONTIAC,SUNFIRE,,,,1,classic.com
PONTIAC,T 37,,,,1,classic.com
PONTIAC,T1000,,,,1,classic.com
PONTIAC,TEMPEST,1ST GEN|2ND GEN|3RD GEN,,,4,classic.com
PONTIAC,TORPEDO,,,,1,classic.com
PONTIAC,VENTURA,2ND GEN,,,2,classic.com
PORSCHE,356,T5|T6,1600C|356 A|356 B|356 C|AMERICA ROADSTER|CARRERA|CONVERTIBLE D|NOTCHBACK COUPE|PRE A|SC,CABRIOLET|COUPE|ROADSTER|SPEEDSTER,35,classic.com
PORSCHE,550,,,,1,classic.com
PORSCHE,597,,,,1,classic.com
PORSCHE,718,GT4,000 PACKAGE|AUTOMATIC|BOXSTER|CAYMAN|GT4 CLUBSPORT|GT4 RS|GT4 RS CLUBSPORT|GTS|GTS 40|MANUAL|S|SPYDER RS|T,SPYDER,24,classic.com
PORSCHE,718 RSK,,,,1,classic.com
PORSCHE,904,,,,1,classic.com
PORSCHE,906,,,,1,classic.com
PORSCHE,907,,,,1,classic.com
PORSCHE,908,,,,1,classic.com
PORSCHE,910,,,,1,classic.com
PORSCHE,911,964|991|992|993|996|997|F BODY|G BODY|GT1|GT2|GT3,20|22|24|30 JAHRE|40TH ANNIVERSARY|50TH ANNIVERSARY AUTOMATIC|50TH ANNIVERSARY MANUAL|901|911 TR|911E|911L|911R|911S|911T|912|912E|930|934|9345|935|9911|9912|9921|9922|9961|9962|9971|9972|AMERICA ROADSTER|AUTOMATIC|BLACK EDITION|CABRIOLET WIDEBODY|CARRERA|CARRERA 2|CARRERA 27|CARRERA 30|CARRERA 32|CARRERA 4|CARRERA 4 GTS|CARRERA 4S|CARRERA CUP|CARRERA GTS|CARRERA GTS CLUB COUPE|CARRERA GTS RACE CARS|CARRERA GTS RENNSPORT REUNION EDITION|CARRERA RS|CARRERA RS 30|CARRERA RS 38|CARRERA RS AMERICA|CARRERA RS NGT|CARRERA RS STANDARD|CARRERA RS TOURING|CARRERA RSR 30|CARRERA RSR 38|CARRERA S|CARRERA S RACE CARS|CARRERA T|CLUB COUPE|CLUB SPORT|CLUBSPORT|COUPE MFI|COUPE ROW|COUPE US SPEC|CUP|DAKAR|EDITION 50 YEARS PORSCHE DESIGN|EDITION 918 SPYDER|ENDURANCE RACING EDITION|EVO|EXCLUSIVE SERIES|GT AMERICA|GT2 RS|GT2 RS CLUBSPORT|GT2 RS CLUBSPORT 25|GT3 CUP|GT3 MANTHEY|GT3 R|GT3 R RENNSPORT|GT3 RS|GT3 RS 40|GT3 RS RACECAR|GT3 RSR|GUNTHER WERKS|HERITAGE DESIGN EDITION|LIGHTWEIGHT|LWB|MANTHEY|MANUAL|MARTINI RACING EDITION|MILLENNIUM EDITION|PDK|R|RACING VERSION|RS|RSH|RSR|SC|SINGER|SLANT NOSE CABRIOLET|SLANT NOSE COUPE|SLANT NOSE TARGA|SPORT CLASSIC|ST|STANDARD MODEL|SWB|TARGA 4|TARGA 4S|TARGA MFI|TARGA ROW|TARGA US SPEC|TIPTRONIC|TOURING PDK|TURBO|TURBO 30|TURBO 33|TURBO 33 S2|TURBO 36|TURBO 50 YEARS|TURBO CABRIOLET|TURBO CUSTOM|TURBO S|TURBO S 33 LEICHTBAU LIGHTWEIGHT|TURBO S 36|TURBO S 36 FLACHBAU FLAT NOSE|WEISSACH|WIDEBODY|WIDEBODY CABRIOLET|WIDEBODY COUPE|WIDEBODY TARGA,CABRIOLET|CONVERTIBLE|COUPE|SPEEDSTER|TARGA|TOURING,533,classic.com
PORSCHE,914,,914 4|914 6|9146 GT|9146 M471,,7,classic.com
PORSCHE,916,,,,1,classic.com
PORSCHE,917,,,,1,classic.com
PORSCHE,918 SPYDER,,,,1,classic.com
PORSCHE,924,,CARRERA GT|CARRERA GTS|GTR GTP|S|TURBO,,7,classic.com
PORSCHE,928,928,928 GT|928 GTS|928 S|928 S2|928 S4|AUTOMATIC|MANUAL,,16,classic.com
PORSCHE,944,,944 S|944 TURBO|944 TURBO CABRIOLET|944 TURBO CUP|944 TURBO S|CELEBRATION EDITION|PORSCHE 944 FACTORY RACECARS|RESTOMOD CUSTOM|S2 CABRIOLET|S2 COUPE,,13,classic.com
PORSCHE,956,,,,1,classic.com
PORSCHE,959,,,,1,classic.com
PORSCHE,962,,,,1,classic.com
PORSCHE,968,,CLUBSPORT|SPORT|TURBO RS|TURBO S,CABRIOLET|COUPE,10,classic.com
PORSCHE,BOXSTER,981|986,9871|9872|BASE MODEL AUTOMATIC|BASE MODEL MANUAL|GTS|RACECARS|RS60 SPYDER AUTOMATIC|RS60 SPYDER MANUAL|S|S 550 ANNIVERSARY AUTOMATIC|S 550 ANNIVERSARY MANUAL|S AUTOMATIC|S MANUAL,SPYDER,28,classic.com
PORSCHE,CARRERA GT,,,,1,classic.com
PORSCHE,CAYENNE,1ST GEN|2ND GEN|3RD GEN,32|36|955|957|9581|9582|DIESEL|E HYBRID|GTS|S|S E HYBRID|S HYBRID|S TRANSSYBERIA|TURBO|TURBO E HYBRID|TURBO GT|TURBO S|TURBO S E HYBRID,,40,classic.com
PORSCHE,CAYMAN,981|DE1|GT4,9871|9872|BASE MODEL AUTOMATIC|BASE MODEL MANUAL|CLUBSPORT PACKAGE|GT4 CLUBSPORT|GTS|R AUTOMATIC|R MANUAL|S|S AUTOMATIC|S MANUAL,,23,classic.com
PORSCHE,MACAN,1ST GEN|2ND GEN,4 ELECTRIC|4S ELECTRIC|GTS|GTS ELECTRIC|S|S DIESEL|T|TURBO|TURBO ELECTRIC,,11,classic.com
PORSCHE,PANAMERA,1ST GEN|2ND GEN|3RD GEN,4|4 E HYBRID|4S|4S DIESEL|4S E HYBRID|GTS|S|S E HYBRID|S HYBRID|TURBO|TURBO E HYBRID|TURBO S|TURBO S E HYBRID,,30,classic.com
PORSCHE,REPLICAS,904|906|910|917|962,356 REPLICA|550 SPYDER|718 RSK,,9,classic.com
PORSCHE,RS SPYDER,,,,1,classic.com
PORSCHE,TAYCAN,,4|4 CROSS TURISMO|4S|4S CROSS TURISMO|CROSS TURISMO|GTS|GTS SPORT TURISMO|TURBO|TURBO CROSS TURISMO|TURBO GT|TURBO S|TURBO S CROSS TURISMO,,14,classic.com
PORSCHE,TRACTORS,,,,1,classic.com
QVALE,MANGUSTA,,,,1,classic.com
RADICAL,1100 CLUBSPORT,,,,1,classic.com
RADICAL,PROSPORT,,,,1,classic.com
RADICAL,RAPTURE,,,,1,classic.com
RADICAL,RXC,,,,1,classic.com
RADICAL,SR1,,,,1,classic.com
RADICAL,SR10,,,,1,classic.com
RADICAL,SR3,,,,1,classic.com
RADICAL,SR4,,,,1,classic.com
RADICAL,SR5,,,,1,classic.com
RADICAL,SR8,,,,1,classic.com
RAMBLER,AMBASSADOR,,,,1,classic.com
RAMBLER,AMERICAN,1ST GEN|2ND GEN|3RD GEN,,,4,classic.com
RAMBLER,CLASSIC,,,,1,classic.com
RAMBLER,SIX V8,,,,1,classic.com
RELIANT,BOND BUG,,,,1,classic.com
RELIANT,REGAL,,,,1,classic.com
RELIANT,REGENT,,,,1,classic.com
RELIANT,RIALTO,,,,1,classic.com
RELIANT,ROBIN,,,,1,classic.com
RELIANT,SCIMITAR,,GT|GTC|GTE|SABRE,,5,classic.com
RENAULT,10,,,,1,classic.com
RENAULT,1000 KG,,,,1,classic.com
RENAULT,12,,,,1,classic.com
RENAULT,15 17,,,,1,classic.com
RENAULT,16,,,,1,classic.com
RENAULT,18,,,,1,classic.com
RENAULT,19,,,,1,classic.com
RENAULT,2030,,,,1,classic.com
RENAULT,21,,,,1,classic.com
RENAULT,25,,,,1,classic.com
RENAULT,4,,,,1,classic.com
RENAULT,40CV,,,,1,classic.com
RENAULT,4CV,,JOLLY|SPORT,CONVERTIBLE,5,classic.com
RENAULT,5,,GT TURBO|TURBO 1|TURBO 2,,6,classic.com
RENAULT,6,,,,1,classic.com
RENAULT,8,,GORDINI,,3,classic.com
RENAULT,9 11,,,,1,classic.com
RENAULT,ALLIANCE,,,,1,classic.com
RENAULT,ALPINE A442,,,,1,classic.com
RENAULT,AVANTIME,,,,1,classic.com
RENAULT,CARAVELLE,,,,1,classic.com
RENAULT,CLIO,1ST GEN|2ND GEN,PHASE 1|PHASE 2|TROPHY|V6 RENAULT SPORT|WILLIAMS,,10,classic.com
RENAULT,COLORALE,,,,1,classic.com
RENAULT,CONCEPT CARS,,,,1,classic.com
RENAULT,DAUPHINE,,,,1,classic.com
RENAULT,ESPACE,,,,1,classic.com
RENAULT,ESTAFETTE,,,,1,classic.com
RENAULT,FORMULA 1,,,,1,classic.com
RENAULT,FORMULA RENAULT,,,,1,classic.com
RENAULT,FREGATE,,,,1,classic.com
RENAULT,FUEGO,,,,1,classic.com
RENAULT,JUVAQUATRE,,,,1,classic.com
RENAULT,KZ,,,,1,classic.com
RENAULT,MASTER,,,,1,classic.com
RENAULT,MEGANE,,,,1,classic.com
RENAULT,MODUS,,,,1,classic.com
RENAULT,MONAQUATRE,,,,1,classic.com
RENAULT,MONASIX,,,,1,classic.com
RENAULT,NN,,,,1,classic.com
RENAULT,NOVAQUATRE,,,,1,classic.com
RENAULT,PRIMAQUATRE,,,,1,classic.com
RENAULT,PRIMASTELLA,,,,1,classic.com
RENAULT,RIFFARD RENAULT TANK,,,,1,classic.com
RENAULT,SAFRANE,,,,1,classic.com
RENAULT,SCENIC,,,,1,classic.com
RENAULT,SPORT SPIDER,,,,1,classic.com
RENAULT,TN,,,,1,classic.com
RENAULT,TWINGO,,,,1,classic.com
RENAULT,TYPE A REPLIQUE,,,,1,classic.com
RENAULT,TYPE AG,,,,1,classic.com
RENAULT,TYPE AI,,,,1,classic.com
RENAULT,TYPE AX,,,,1,classic.com
RENAULT,TYPE BH,,,,1,classic.com
RENAULT,TYPE BK,,,,1,classic.com
RENAULT,TYPE BZ,,,,1,classic.com
RENAULT,TYPE CB,,,,1,classic.com
RENAULT,TYPE CC,,,,1,classic.com
RENAULT,TYPE CG,,,,1,classic.com
RENAULT,TYPE DG,,,,1,classic.com
RENAULT,TYPE DJ,,,,1,classic.com
RENAULT,TYPE DP,,,,1,classic.com
RENAULT,TYPE EE,,,,1,classic.com
RENAULT,TYPE EK,,,,1,classic.com
RENAULT,TYPE EU,,,,1,classic.com
RENAULT,TYPE GR,,,,1,classic.com
RENAULT,TYPE GS,,,,1,classic.com
RENAULT,TYPE JM,,,,1,classic.com
RENAULT,TYPE KJ,,,,1,classic.com
RENAULT,TYPE MT,,,,1,classic.com
RENAULT,TYPE PI,,,,1,classic.com
RENAULT,TYPE T,,,,1,classic.com
RENAULT,TYPE V,,,,1,classic.com
RENAULT,TYPE VS,,,,1,classic.com
RENAULT,VEL SATIS,,,,1,classic.com
RENAULT,VIVA GRAND SPORT,,,,1,classic.com
RENAULT,VIVAQUATRE,,,,1,classic.com
RENAULT,VIVASIX,,,,1,classic.com
RENAULT,VIVASTELLA,,,,1,classic.com
RENAULT,VOITURETTE,,,,1,classic.com
RENAULT,XB,,,,1,classic.com
REO,FLYING CLOUD,,,,1,classic.com
REO,FOUR,,,,1,classic.com
REO,M35 SERIES,,,,1,classic.com
REO,MODEL M,,,,1,classic.com
REO,ROYALE,,,,1,classic.com
REO,SINGLE,,,,1,classic.com
REO,SPEED WAGON,,,,1,classic.com
REO,T 6,,,,1,classic.com
REO,THE FIFTH,,,,1,classic.com
REO,TWIN,,,,1,classic.com
REZVANI,BEAST,,,,1,classic.com
REZVANI,HERCULES,,,,1,classic.com
REZVANI,TANK,,,,1,classic.com
REZVANI,VENGEANCE,,,,1,classic.com
RILEY,124,,,,1,classic.com
RILEY,146,,,,1,classic.com
RILEY,156,,,,1,classic.com
RILEY,26,,,,1,classic.com
RILEY,ELF,,,,1,classic.com
RILEY,NINE,,,,1,classic.com
RILEY,RILEY KESTREL,,,,1,classic.com
RILEY,RILEY ONE POINT FIVE,,,,1,classic.com
RILEY,RM,,RMA|RMB|RMC|RMD|RME|RMF|RMH,,8,classic.com
RIMAC,NEVERA,,,,1,classic.com
RIVIAN,R1S,,,,1,classic.com
RIVIAN,R1T,,,,1,classic.com
RIVIAN,R2,,,,1,classic.com
ROLLS-ROYCE,2025,,,,1,classic.com
ROLLS-ROYCE,2530,,,,1,classic.com
ROLLS-ROYCE,CAMARGUE,,,,1,classic.com
ROLLS-ROYCE,CORNICHE,,I|II|III|IV|V,,6,classic.com
ROLLS-ROYCE,CULLINAN,,BLACK BADGE|SERIES I|SERIES II,,7,classic.com
ROLLS-ROYCE,DAWN,,,,1,classic.com
ROLLS-ROYCE,GHOST,1ST GEN|2ND GEN,,,3,classic.com
ROLLS-ROYCE,PHANTOM,,I|II|III|IV|V|VI|VII|VIII,,9,classic.com
ROLLS-ROYCE,SILVER CLOUD,,I|II|III,,4,classic.com
ROLLS-ROYCE,SILVER DAWN,,,,1,classic.com
ROLLS-ROYCE,SILVER GHOST,,,,1,classic.com
ROLLS-ROYCE,SILVER SERAPH,,,,1,classic.com
ROLLS-ROYCE,SILVER SHADOW,,I|II,,3,classic.com
ROLLS-ROYCE,SILVER SPUR SPIRIT,,FLYING SPUR|SILVER DAWN|SILVER SPIRIT|SILVER SPUR,,5,classic.com
ROLLS-ROYCE,SILVER WRAITH,,I|II,,3,classic.com
ROLLS-ROYCE,SPECTRE,,,,1,classic.com
ROLLS-ROYCE,TWENTY,,,,1,classic.com
ROLLS-ROYCE,WRAITH,1ST GEN|2ND GEN,,,2,classic.com
ROSSION,Q1,,,,1,classic.com
ROVER,10,,,,1,classic.com
ROVER,12,,,,1,classic.com
ROVER,14,,,,1,classic.com
ROVER,200,,,,1,classic.com
ROVER,6,,,,1,classic.com
ROVER,8,,,,1,classic.com
ROVER,800,,,,1,classic.com
ROVER,METRO,,,,1,classic.com
ROVER,P2,,,,1,classic.com
ROVER,P3,,,,1,classic.com
ROVER,P4,,,,1,classic.com
ROVER,P5,,,,1,classic.com
ROVER,P6,,,,1,classic.com
ROVER,SD1,,,,1,classic.com
ROVER,TWO LITER,,,,1,classic.com
RUF,BTR,,,,1,classic.com
RUF,BTR 38,,,,1,classic.com
RUF,BTR2,,,,1,classic.com
RUF,CARRERA 32,,,,1,classic.com
RUF,CTR ANNIVERSARY,,,,1,classic.com
RUF,CTR YELLOWBIRD,,,,1,classic.com
RUF,CTR2,,SPORT,,3,classic.com
RUF,CTR3,,,,1,classic.com
RUF,RCT,,,,1,classic.com
RUF,RGT,,,,1,classic.com
RUF,RT 12,,,,1,classic.com
RUF,RT35,,,,1,classic.com
RUF,RTURBO,,,,1,classic.com
RUF,SCR,,,,1,classic.com
RUF,SCR 40,,,,1,classic.com
RUF,TURBO FLORIO,,,,1,classic.com
RUF,TURBO R,,LIMITED,,3,classic.com
SAAB,9 2X,,,,1,classic.com
SAAB,9 3,1ST GEN|2ND GEN,BASE|VIGGEN,CONVERTIBLE|COUPE|SEDAN,8,classic.com
SAAB,9 4X,,,,1,classic.com
SAAB,9 5,1ST GEN|2ND GEN,,,3,classic.com
SAAB,9 7X,,,,1,classic.com
SAAB,90,,,,1,classic.com
SAAB,900,1ST GEN|2ND GEN,BASE|CARLSSON|COMMEMORATIVE EDITION|SPG|TURBO,,8,classic.com
SAAB,9000,,,,1,classic.com
SAAB,92,,,,1,classic.com
SAAB,93,,,,1,classic.com
SAAB,95,,,,1,classic.com
SAAB,96,,,,1,classic.com
SAAB,99,,,,1,classic.com
SAAB,SONETT,,I|II V4|III,,4,classic.com
SAAB,SPORT,,,,1,classic.com
SALEEN,S1,,,,1,classic.com
SALEEN,S7,,R|ROAD CARS,,3,classic.com
SATURN,ION,,,,1,classic.com
SATURN,L SERIES,,,,1,classic.com
SATURN,S SERIES,,,,1,classic.com
SATURN,SKY,,,,1,classic.com
SCION,FR S,,,,1,classic.com
SCION,TC,,,,1,classic.com
SHELBY,COBRA,260|289|427,AC 289 COBRA|AC 427 SC CONTINUATION|BASE|COMPETITION|CONTINUATION|CSX1000|CSX10000|CSX2000|CSX4000|CSX6000|CSX7000|CSX8000|DRAGONSNAKE|DRAGONSNAKE CONTINUATION|REPLICA|SEBRING EDITION CONTINUATION|SEMI COMPETITION|SUPER SNAKE,,22,classic.com
SHELBY,CSX,,,,1,classic.com
SHELBY,DAYTONA,,CSX2000|CSX2469|CSX9000 CONTINUATION SERIES|DAYTONA RACE CAR|REPLICA,,6,classic.com
SHELBY,SERIES 1,,,,1,classic.com
SHELBY,SERIES 2,,,,1,classic.com
SIATA,208,,,,1,classic.com
SIATA,300BC,,,,1,classic.com
SIATA,AMICA,,,,1,classic.com
SIATA,DAINA,,,,1,classic.com
SIATA,SPRING,,,,1,classic.com
SIMCA,1000,,,,1,classic.com
SIMCA,1100,,,,1,classic.com
SIMCA,1200,,,,1,classic.com
SIMCA,1500,,,,1,classic.com
SIMCA,5,,,,1,classic.com
SIMCA,8,,,,1,classic.com
SIMCA,ARONDE,,,,1,classic.com
SIMCA,VEDETTE,,,,1,classic.com
SMART,CROSSBLADE,,,,1,classic.com
SMART,FORFOUR,,,,1,classic.com
SMART,FORTWO,,,,1,classic.com
SMART,ROADSTER,,,,1,classic.com
SPYKER,C8,,,,1,classic.com
SS AUTOMOBILES,EXCALIBUR,,SERIES I|SERIES II|SERIES III|SERIES IV|SERIES V|SERIES VI,,7,classic.com
STUDEBAKER,AVANTI,R1|R2|R3,,,4,classic.com
STUDEBAKER,BIG SIX,,,,1,classic.com
STUDEBAKER,CHAMP,,,,1,classic.com
STUDEBAKER,CHAMPION,1ST GEN|2ND GEN|3RD GEN|4TH GEN|5TH GEN,,,6,classic.com
STUDEBAKER,COMMANDER,1ST GEN|2ND GEN|3RD GEN|4TH GEN|5TH GEN|6TH GEN,,,7,classic.com
STUDEBAKER,COUPE EXPRESS,,,,1,classic.com
STUDEBAKER,DICTATOR,,,,1,classic.com
STUDEBAKER,E SERIES,,,,1,classic.com
STUDEBAKER,EB SERIES,,,,1,classic.com
STUDEBAKER,HAWK SERIES,,FLIGHT HAWK|GOLDEN HAWK|GRAN TURISMO HAWK|HAWK|POWER HAWK|SILVER HAWK|SKY HAWK,,8,classic.com
STUDEBAKER,J SERIES,,,,1,classic.com
STUDEBAKER,K SERIES,,,,1,classic.com
STUDEBAKER,LARK,1ST GEN|2ND GEN|3RD GEN,,,4,classic.com
STUDEBAKER,LIGHT SIX,,,,1,classic.com
STUDEBAKER,M SERIES,,,,1,classic.com
STUDEBAKER,MODEL G,,,,1,classic.com
STUDEBAKER,MODEL SD,,,,1,classic.com
STUDEBAKER,MODEL SF,,,,1,classic.com
STUDEBAKER,PRESIDENT,1ST GEN|2ND GEN|3RD GEN|4TH GEN,,SPEEDSTER,7,classic.com
STUDEBAKER,R SERIES,,,,1,classic.com
STUDEBAKER,SCOTSMAN,,,,1,classic.com
STUDEBAKER,SIX,,,,1,classic.com
STUDEBAKER,SPECIAL SIX,,,,1,classic.com
STUDEBAKER,STANDARD SIX,,,,1,classic.com
STUTZ,BEARCAT,,,,1,classic.com
STUTZ,BLACKHAWK,1ST GEN|2ND GEN,,,2,classic.com
STUTZ,IV PORTE,,,,1,classic.com
STUTZ,MODEL 4,,,,1,classic.com
STUTZ,MODEL G,,,,1,classic.com
STUTZ,MODEL H,,,,1,classic.com
STUTZ,MODEL K,,,,1,classic.com
STUTZ,SPEEDWAY,,,,1,classic.com
STUTZ,VERTICAL EIGHT,,DV 32|SV 16,,4,classic.com
SUBARU,360,,,,1,classic.com
SUBARU,BAJA,,,,1,classic.com
SUBARU,BRAT,,,,1,classic.com
SUBARU,BRZ,,,,1,classic.com
SUBARU,FORESTER,,,,1,classic.com
SUBARU,IMPREZA,1ST GEN|2ND GEN|3RD GEN|GB270|P1|RB320|RB5,22B STI|25RS|SERIES MCRAE|WRX|WRX STI,,21,classic.com
SUBARU,JUSTY,,,,1,classic.com
SUBARU,LEGACY,,,,1,classic.com
SUBARU,LEONE,,,,1,classic.com
SUBARU,LEVORG,,,,1,classic.com
SUBARU,OUTBACK,,,,1,classic.com
SUBARU,REX,,,,1,classic.com
SUBARU,SAMBAR,,,,1,classic.com
SUBARU,SUMO,,,,1,classic.com
SUBARU,SVX,,,,1,classic.com
SUBARU,VIVIO,,,,1,classic.com
SUBARU,WRX,S209,EJ25 FINAL EDITION|HYPER BLUE|LAUNCH EDITION|STI|TYPE RA|TYPE UK FINAL EDITION|VA 1ST GEN|VB 2ND GEN,,12,classic.com
SUBARU,XT,,,,1,classic.com
SUNBEAM,1216HP,,,,1,classic.com
SUNBEAM,1440HP,,,,1,classic.com
SUNBEAM,1640HP,,,,1,classic.com
SUNBEAM,169HP,,,,1,classic.com
SUNBEAM,16HP,,,,1,classic.com
SUNBEAM,2060HP,,,,1,classic.com
SUNBEAM,209HP,,,,1,classic.com
SUNBEAM,238HP,,,,1,classic.com
SUNBEAM,2460HP,,,,1,classic.com
SUNBEAM,2470HP,,,,1,classic.com
SUNBEAM,2530HP,,,,1,classic.com
SUNBEAM,25HP,,,,1,classic.com
SUNBEAM,3 LITRE,,,,1,classic.com
SUNBEAM,30HP,,,,1,classic.com
SUNBEAM,ALPINE,1ST GEN|2ND GEN,GT|HARRINGTON,FASTBACK,7,classic.com
SUNBEAM,DAWN,,,,1,classic.com
SUNBEAM,IMP,,,,1,classic.com
SUNBEAM,MK III,,,,1,classic.com
SUNBEAM,RAPIER,,,,1,classic.com
SUNBEAM,SIXTEEN,,,,1,classic.com
SUNBEAM,STILETTO,,,,1,classic.com
SUNBEAM,TIGER,,MARK I|MARK II,,4,classic.com
SUNBEAM,TWENTY FIVE,,,,1,classic.com
SUNBEAM,VENEZIA,,,,1,classic.com
SUNBEAM TALBOT,2 LITRE,,,,1,classic.com
SUNBEAM TALBOT,3 LITRE,,,,1,classic.com
SUNBEAM TALBOT,80,,,,1,classic.com
SUNBEAM TALBOT,90,,,,1,classic.com
SUNBEAM TALBOT,TEN,,,,1,classic.com
SUPERLITE,AERO,,,,1,classic.com
SUPERLITE,GT R,,,,1,classic.com
SUPERLITE,SLC,,,,1,classic.com
SUZUKI,ALTO,,,,1,classic.com
SUZUKI,ATV,,,,1,classic.com
SUZUKI,CAPPUCCINO,,,,1,classic.com
SUZUKI,CARA,,,,1,classic.com
SUZUKI,CARRY EVERY,,,,1,classic.com
SUZUKI,CERVO,,,,1,classic.com
SUZUKI,CULTUS,,,,1,classic.com
SUZUKI,CULTUS CRESCENT,,,,1,classic.com
SUZUKI,EQUATOR,,,,1,classic.com
SUZUKI,IGNIS,,,,1,classic.com
SUZUKI,JIMNY,1ST GEN|2ND GEN|3RD GEN|4TH GEN,,,5,classic.com
SUZUKI,KEI,,,,1,classic.com
SUZUKI,MIGHTY BOY,,,,1,classic.com
SUZUKI,MOTORCYCLES,FA50|FZ50|GR650|JR50|LS650|MT50|RE5|RF900R|S32|TU250|VX800|XN85|XR69,A SERIES|ALT50|B SERIES|BOULEVARD|BURGMAN|COLLEDA|DIAMOND FREE|DL SERIES|DR|DR Z|DS SERIES|F SERIES|GN SERIES|GP RACERS SERIES|GP SERIES|GS|GSF|GSX|GSX R|GSX S|GT SERIES|GV1400 CAVALCADE|GZ SERIES|INTRUDER|K SERIES|M SERIES|MADURA|PE SERIES|POWER FREE|RG SERIES|RGV250|RL SERIES|RM SERIES|RM Z SERIES|RV SERIES|SB SERIES|SP SERIES|SUZUKI RB50 GAG|T SERIES|TC SERIES|TL|TM SERIES|TR SERIES|TR50 STREET MAGIC|TS SERIES,,59,classic.com
SUZUKI,VITARA,,,,1,classic.com
SUZUKI,WAGON R,,,,1,classic.com
SUZUKI,X 90,,,,1,classic.com
TALBOT,10,,,,1,classic.com
TALBOT,10 23,,,,1,classic.com
TALBOT,105,,,,1,classic.com
TALBOT,110,,,,1,classic.com
TALBOT,14 45,,,,1,classic.com
TALBOT,15 20,,,,1,classic.com
TALBOT,15HP,,,,1,classic.com
TALBOT,20 24,,,,1,classic.com
TALBOT,25 50,,,,1,classic.com
TALBOT,75,,,,1,classic.com
TALBOT,8 18,,,,1,classic.com
TALBOT,90,,,,1,classic.com
TALBOT,SAMBA,,,,1,classic.com
TALBOT,SUNBEAM,,,,1,classic.com
TALBOT LAGO,T11,,,,1,classic.com
TALBOT LAGO,T120,,,,1,classic.com
TALBOT LAGO,T14,,,,1,classic.com
TALBOT LAGO,T15,,,,1,classic.com
TALBOT LAGO,T150,,,,1,classic.com
TALBOT LAGO,T23,,,,1,classic.com
TALBOT LAGO,T26,,,,1,classic.com
TALBOT LAGO,T26 COURSE,,,,1,classic.com
TALBOT LAGO,T4,,,,1,classic.com
TERRADYNE,GURKHA,,,,1,classic.com
TESLA,CYBERTRUCK,,,,1,classic.com
TESLA,MODEL S,,,,1,classic.com
TESLA,MODEL X,,,,1,classic.com
TESLA,ROADSTER,1ST GEN,,,2,classic.com
TITAN MOTORCYCLE COMPANY,SHELBY,,,,1,classic.com
TOYOTA,2000GT,,,,1,classic.com
TOYOTA,4RUNNER,1ST GEN|2ND GEN|3RD GEN|4TH GEN|5TH GEN|6TH GEN,TRD PRO,,9,classic.com
TOYOTA,86,1ST GEN|2ND GEN,,,3,classic.com
TOYOTA,ALTEZZA,,,,1,classic.com
TOYOTA,ARISTO,S140|S160,,,3,classic.com
TOYOTA,AVALON,,,,1,classic.com
TOYOTA,BLIZZARD,,,,1,classic.com
TOYOTA,CALDINA,,,,1,classic.com
TOYOTA,CAMRY,V10|V20|XV10|XV20|XV30,,,6,classic.com
TOYOTA,CARINA,,,,1,classic.com
TOYOTA,CELICA,1ST GEN|2ND GEN|3RD GEN|4TH GEN|5TH GEN|6TH GEN|7TH GEN,GT|GT FOUR|GTS|SS II|SS III|ST|SX|TURBO ALL TRAC|VVT I|XT,,37,classic.com
TOYOTA,CELSIOR,,,,1,classic.com
TOYOTA,CENTURY,1ST GEN|2ND GEN,,,3,classic.com
TOYOTA,CHASER,,,,1,classic.com
TOYOTA,CLASSIC,,,,1,classic.com
TOYOTA,COASTER,,,,1,classic.com
TOYOTA,COROLLA,,1ST GEN E10|2ND GEN E20|3RD GEN E3050|4TH GEN E70|5TH GEN E80|6TH GEN E90|7TH GEN E100|8TH GEN E110|9TH GEN E120E130|FX16 GT S|GT S|LEVIN SPRINTER TRUENO|LEVINTRUENOGT|SPORT SR5,,17,classic.com
TOYOTA,COROLLA II,,,,1,classic.com
TOYOTA,CORONA,,3RD GEN T4050|4TH GEN T8090|5TH GEN T100120|6TH GEN T130|7TH GEN T140150|8TH GEN T170|9TH GEN T190200,,8,classic.com
TOYOTA,CRESSIDA,,X3040 1ST GEN|X5060 2ND GEN|X70 3RD GEN|X80 4TH GEN,,5,classic.com
TOYOTA,CRESTA,,,,1,classic.com
TOYOTA,CROWN,S110|S120|S130|S140|S150|S170|S40|S6070,S8090100,,10,classic.com
TOYOTA,CROWN MAJESTA,,,,1,classic.com
TOYOTA,DYNA,,,,1,classic.com
TOYOTA,ESTIMA,,,,1,classic.com
TOYOTA,FJ CRUISER,,TRAIL TEAMS|TRD SPECIAL EDITION|ULTIMATE EDITION,,5,classic.com
TOYOTA,GR COROLLA,,,,1,classic.com
TOYOTA,HARRIER,,,,1,classic.com
TOYOTA,HIACE,1ST GEN|2ND GEN|3RD GEN|45TH GEN|4TH GEN,,,6,classic.com
TOYOTA,HIGHLANDER,,,,1,classic.com
TOYOTA,HILUX,1ST GEN|2ND GEN|3RD GEN|4TH GEN|5TH GEN|6TH GEN,,,7,classic.com
TOYOTA,HILUX SURF,1ST GEN|2ND GEN|3RD GEN,,,4,classic.com
TOYOTA,IPSUM,,,,1,classic.com
TOYOTA,IQ,,,,1,classic.com
TOYOTA,LAND CRUISER,FJ25|FJ28|FJ40|FJ43|FJ45|FJ55|FJ60|FJ62|FJ80|HJ45|HJ47,100 SERIES|20 SERIES|200 SERIES|250 SERIES|40 SERIES|60 SERIES|70 SERIES|80 SERIES|90 SERIES|BANDEIRANTE|BJ40 TO BJ42|BJ43 TO BJ46|FZJ80|HJ60 TO HJ61|HXJ8081|JDM VARIANTS RHD|LV|POST FACELIFT|PRE FACELIFT|ROW LHD|TROOPY|UZJ100,PICKUP,35,classic.com
TOYOTA,LITEACE TOWNACE,,,,1,classic.com
TOYOTA,MARK II,,1ST GEN T60T70|2ND GEN X10X20|6TH GEN X80|7TH GEN X90|8TH GEN X100|9TH GEN X110,,7,classic.com
TOYOTA,MARK X,,,,1,classic.com
TOYOTA,MEGA CRUISER,,,,1,classic.com
TOYOTA,MR2,,BASE MODEL AUTOMATIC|BASE MODEL MANUAL|G LIMITED|GT GT S|GT I|SUPERCHARGED|TURBO|W10 1ST GEN|W20 2ND GEN|W30 3RD GEN,SPIDER,14,classic.com
TOYOTA,NASCAR,,,,1,classic.com
TOYOTA,ORIGIN,,,,1,classic.com
TOYOTA,PICKUP,2ND GEN|3RD GEN|4TH GEN|5TH GEN,4WD|RWD,,9,classic.com
TOYOTA,PREVIA,,,,1,classic.com
TOYOTA,PUBLICA,,,,1,classic.com
TOYOTA,RAV4,,XA10 1ST GEN|XA20 2ND GEN|XA30 3RD GEN,,4,classic.com
TOYOTA,SEQUOIA,1ST GEN|2ND GEN,,,3,classic.com
TOYOTA,SERA,,,,1,classic.com
TOYOTA,SIENNA,,,,1,classic.com
TOYOTA,SOARER,Z20|Z30|Z40,,,4,classic.com
TOYOTA,SOLARA,1ST GEN|2ND GEN,,,3,classic.com
TOYOTA,SPORTS 800,,,,1,classic.com
TOYOTA,SPRINTER CARIB,,,,1,classic.com
TOYOTA,STARLET,,,,1,classic.com
TOYOTA,STOUT,,,,1,classic.com
TOYOTA,SUPRA,1ST GEN|2ND GEN|3RD GEN|4TH GEN|5TH GEN,20|30|45TH ANNIVERSARY EDITION|A91 SPECIAL EDITION|FINAL EDITION|LAUNCH EDITION|PREMIUM|RZ|SZ SZ R|TURBO|TURBO R|TWIN TURBO,,23,classic.com
TOYOTA,T100,,,,1,classic.com
TOYOTA,TACOMA,1ST GEN|2ND GEN|3RD GEN|4TH GEN,TRD PRO,,7,classic.com
TOYOTA,TERCEL,,,,1,classic.com
TOYOTA,TOYOACE,,,,1,classic.com
TOYOTA,TREKKER,,,,1,classic.com
TOYOTA,TUNDRA,1ST GEN|2ND GEN|3RD GEN,,,4,classic.com
TOYOTA,VITZ,,,,1,classic.com
TOYOTA,WILL,,,,1,classic.com
TOYOTA,YARIS,,,,1,classic.com
TRITAN,A2,,,,1,classic.com
TRIUMPH,2000,,,,1,classic.com
TRIUMPH,ACCLAIM,,,,1,classic.com
TRIUMPH,DOLOMITE,1ST GEN|2ND GEN,,,3,classic.com
TRIUMPH,GLORIA,,,,1,classic.com
TRIUMPH,GT6,,,,3,classic.com
TRIUMPH,HERALD,,,,1,classic.com
TRIUMPH,ITALIA,,,,1,classic.com
TRIUMPH,MAYFLOWER,,,,1,classic.com
TRIUMPH,RENOWN,,,,1,classic.com
TRIUMPH,SPITFIRE,,,,1,classic.com
TRIUMPH,STAG,,,,1,classic.com
TRIUMPH,TR2,,,,1,classic.com
TRIUMPH,TR2 EX WORKS LE MANS,,,,1,classic.com
TRIUMPH,TR3,,A|B|TR3 BASE MODEL,,5,classic.com
TRIUMPH,TR4,,IRS,,4,classic.com
TRIUMPH,TR5,,,,1,classic.com
TRIUMPH,TR6,,,,3,classic.com
TRIUMPH,TR7,,,COUPE|ROADSTER,4,classic.com
TRIUMPH,TR8,,,COUPE|ROADSTER,3,classic.com
TRIUMPH,TRIUMPH ROADSTER,,TRIUMPH 1800 ROADSTER|TRIUMPH 2000 ROADSTER,,3,classic.com
TRIUMPH,VITESSE,,,,1,classic.com
TRIUMPH MOTORCYCLES,312HP,,,,1,classic.com
TRIUMPH MOTORCYCLES,BONNEVILLE,1ST GEN|2ND GEN|3RD GEN|T120|T140,,,6,classic.com
TRIUMPH MOTORCYCLES,DAYTONA,,,,1,classic.com
TRIUMPH MOTORCYCLES,HURRICANE,,,,1,classic.com
TRIUMPH MOTORCYCLES,JUNIOR,,,,1,classic.com
TRIUMPH MOTORCYCLES,MODEL H,,,,1,classic.com
TRIUMPH MOTORCYCLES,MODEL N,,,,1,classic.com
TRIUMPH MOTORCYCLES,MODEL P,,,,1,classic.com
TRIUMPH MOTORCYCLES,MODEL R,,,,1,classic.com
TRIUMPH MOTORCYCLES,MODEL TT,,,,1,classic.com
TRIUMPH MOTORCYCLES,MODEL W,,,,1,classic.com
TRIUMPH MOTORCYCLES,ROCKET III,,,,1,classic.com
TRIUMPH MOTORCYCLES,SCRAMBLER,,,,1,classic.com
TRIUMPH MOTORCYCLES,SPEED,,,,1,classic.com
TRIUMPH MOTORCYCLES,SPRINT,,,,1,classic.com
TRIUMPH MOTORCYCLES,STREET TRIPLE,,,,1,classic.com
TRIUMPH MOTORCYCLES,TERRIER,,,,1,classic.com
TRIUMPH MOTORCYCLES,THRUXTON,,,,1,classic.com
TRIUMPH MOTORCYCLES,THUNDERBIRD,,,,1,classic.com
TRIUMPH MOTORCYCLES,TIGER,,,,1,classic.com
TRIUMPH MOTORCYCLES,TIGRESS,,,,1,classic.com
TRIUMPH MOTORCYCLES,TRIDENT,,,,1,classic.com
TRIUMPH MOTORCYCLES,TRITON,,,,1,classic.com
TRIUMPH MOTORCYCLES,TROPHY,,,,1,classic.com
TRIUMPH MOTORCYCLES,TRW 500,,,,1,classic.com
TRIUMPH MOTORCYCLES,TWENTY ONE,,,,1,classic.com
TVR,350I,,,,1,classic.com
TVR,390SE,,,,1,classic.com
TVR,400SE,,,,1,classic.com
TVR,430SE,,,,1,classic.com
TVR,450 SEAC,,,,1,classic.com
TVR,CERBERA,,,,1,classic.com
TVR,CHIMAERA,,,,1,classic.com
TVR,GRANTURA,,,,1,classic.com
TVR,GRIFFITH,,GRIFFITH 200|GRIFFITH 400|GRIFFITH 500|GRIFFITH 600,,5,classic.com
TVR,M SERIES,,,,1,classic.com
TVR,S SERIES,,,,1,classic.com
TVR,SAGARIS,,,,1,classic.com
TVR,SPEED 12,,,,1,classic.com
TVR,T350,,,,1,classic.com
TVR,TAMORA,,,,1,classic.com
TVR,TASMIN,200,280I,,3,classic.com
TVR,TUSCAN,T440R,CHALLENGE|SPEED SIX|V6 V8,,5,classic.com
TVR,VIXEN,,,,1,classic.com
ULTIMA,EVOLUTION,,,,1,classic.com
ULTIMA,GTR,,,,1,classic.com
ULTIMA,MK3,,,,1,classic.com
ULTIMA,RS,,,,1,classic.com
ULTIMA,SPORT,,,,1,classic.com
URAL,CT,,,,1,classic.com
URAL,GEAR UP,,,,1,classic.com
URAL,M63,,,,1,classic.com
URAL,M70,,,,1,classic.com
URAL,PATROL,,,,1,classic.com
URAL,RED STAR,,,,1,classic.com
URAL,RETRO CLASSIC,,,,1,classic.com
URAL,T,,,,1,classic.com
URAL,TOURIST,,,,1,classic.com
URAL,TROYKA,,,,1,classic.com
VANDERHALL,BRAWLEY,,,,1,classic.com
VANDERHALL,CARMEL,,,,1,classic.com
VANDERHALL,VENICE,,,,1,classic.com
VAUXHALL,10 4,,,,1,classic.com
VAUXHALL,12 4,,,,1,classic.com
VAUXHALL,12 6,,,,1,classic.com
VAUXHALL,14 40,,,,1,classic.com
VAUXHALL,14 6,,,,1,classic.com
VAUXHALL,20 60,,,,1,classic.com
VAUXHALL,23 60,,,,1,classic.com
VAUXHALL,30 98,,,,1,classic.com
VAUXHALL,ASTRA,,,,1,classic.com
VAUXHALL,BIX SIX,,,,1,classic.com
VAUXHALL,CADET,,,,1,classic.com
VAUXHALL,CALIBRA,,,,1,classic.com
VAUXHALL,CARLTON,,,,1,classic.com
VAUXHALL,CAVALIER,,,,1,classic.com
VAUXHALL,CHEVETTE,,,,1,classic.com
VAUXHALL,CORSA,,,,1,classic.com
VAUXHALL,CRESTA,,,,1,classic.com
VAUXHALL,D TYPE,,,,1,classic.com
VAUXHALL,MONARO,,,,1,classic.com
VAUXHALL,NOVA,,,,1,classic.com
VAUXHALL,PRINCE HENRY,,,,1,classic.com
VAUXHALL,ROYALE,,,,1,classic.com
VAUXHALL,SENATOR,,,,1,classic.com
VAUXHALL,VECTRA,,,,1,classic.com
VAUXHALL,VELOX,,,,1,classic.com
VAUXHALL,VICTOR,,,,1,classic.com
VAUXHALL,VIVA,,,,1,classic.com
VAUXHALL,VX220,,,,1,classic.com
VAUXHALL,VXR8,,,,1,classic.com
VAUXHALL,WYVERN,,,,1,classic.com
VECTOR,AVTECH WX 3,,,,1,classic.com
VECTOR,M12,,,,1,classic.com
VECTOR,SRV8,,,,1,classic.com
VECTOR,W8,,,,1,classic.com
VENTURI,111,,,,1,classic.com
VENTURI,200,,,,1,classic.com
VENTURI,221,,,,1,classic.com
VENTURI,260,,,,1,classic.com
VENTURI,300,,,,1,classic.com
VENTURI,400,,,,1,classic.com
VENTURI,600,,,,1,classic.com
VOLKSWAGEN,BEETLE,,BEETLE A5|NEW BEETLE|RSI|SUPER BEETLE|TURBO|TYPE 1,CONVERTIBLE|COUPE,13,classic.com
VOLKSWAGEN,BRASILIA,,,,1,classic.com
VOLKSWAGEN,CABRIOLET,MK1|MK3|MK6,,,4,classic.com
VOLKSWAGEN,CADDY,,,,1,classic.com
VOLKSWAGEN,CC,,,,1,classic.com
VOLKSWAGEN,CORRADO,G60|MK1|MK2|VR6,BASE|G60 SGS DESIGN STUDY|VR6 CAMPAIGN|VR6 STORM,,10,classic.com
VOLKSWAGEN,CRAFTER,,,,1,classic.com
VOLKSWAGEN,EA489,,,,1,classic.com
VOLKSWAGEN,EOS,,,,1,classic.com
VOLKSWAGEN,GOLF,MK1|MK2|MK3|MK4|MK5|MK6|MK7|MK8|R32,GOLF BASE|GOLF COUNTRY|GOLF GTD|GOLF GTI|GOLF GTI VR6|GOLF GTI VR6 SYNCRO|GOLF LIMITED|GOLF RALLYE|GTI VR6|R|SPORTWAGEN,,37,classic.com
VOLKSWAGEN,ID4,,,,1,classic.com
VOLKSWAGEN,IDBUZZ,,,,1,classic.com
VOLKSWAGEN,JETTA,A1|A2|A3|A4|A5|A6|A7,A4 WAGON,,9,classic.com
VOLKSWAGEN,K70,,,,1,classic.com
VOLKSWAGEN,KARMANN GHIA,,TC|TYPE 14|TYPE 14 CONVERTIBLE|TYPE 14 COUPE|TYPE 34,,6,classic.com
VOLKSWAGEN,LT,,,,1,classic.com
VOLKSWAGEN,PASSAT,B1|B2|B3|B4|B5|B6,,,7,classic.com
VOLKSWAGEN,PHAETON,,,,1,classic.com
VOLKSWAGEN,SAVEIRO,,,,1,classic.com
VOLKSWAGEN,SCIROCCO,,TYPE 1|TYPE 2|TYPE 3,,4,classic.com
VOLKSWAGEN,SP2,,,,1,classic.com
VOLKSWAGEN,THING,,,,1,classic.com
VOLKSWAGEN,TOUAREG,1ST GEN|2ND GEN|3RD GEN|R50|V10,BASE,,7,classic.com
VOLKSWAGEN,TYPE 147,,,,1,classic.com
VOLKSWAGEN,TYPE 166,,,,1,classic.com
VOLKSWAGEN,TYPE 183,,,,1,classic.com
VOLKSWAGEN,TYPE 2,T1|T2|T3|T4|T5|T6|T7,BILBO|COMPASS|DEHLER|DELUX MICROBUS|DOKA|DOKA SYNCRO|EUROVAN|EUROVAN MV|EUROVAN SYNCRO|MICROBUS|PANEL VAN|PASSENGER VAN|PASSENGER VAN SYNCRO|RIVIERA CAMPER|SAMBA|SAMBA RE CREATION|SINGLE CAB|SINGLE CAB SYNCRO|UTILITY VEHICLES|WESTFALIA|WESTFALIACAMPER|WESTFALIACAMPER SYNCRO|WINNEBAGOCAMPER,,41,classic.com
VOLKSWAGEN,TYPE 3,,,,1,classic.com
VOLKSWAGEN,TYPE 4,411|412,,,3,classic.com
VOLKSWAGEN,TYPE 82,,,,1,classic.com
VOLKSWAGEN,TYPE 82 REPLICA,,,,1,classic.com
VOLKSWAGEN,XL1,,,,1,classic.com
VOLVO,140 SERIES,,,,1,classic.com
VOLVO,164,,,,1,classic.com
VOLVO,1800,P1800,1800E|1800ES|1800S,,5,classic.com
VOLVO,200 SERIES,242|244|245|262|264,262C,,7,classic.com
VOLVO,340,,,,1,classic.com
VOLVO,440,,,,1,classic.com
VOLVO,460,,,,1,classic.com
VOLVO,480,,,,1,classic.com
VOLVO,66,,,,1,classic.com
VOLVO,700 SERIES,740|760|780,,,4,classic.com
VOLVO,850,,R|T 5R|TURBO,SEDAN|WAGON,9,classic.com
VOLVO,900 SERIES,,,,1,classic.com
VOLVO,AMAZON,121|130|220,122S|123GT,,7,classic.com
VOLVO,C202,,,,1,classic.com
VOLVO,C30,,C30 POLESTAR LIMITED EDITION|R DESIGN,,4,classic.com
VOLVO,C303,,,,1,classic.com
VOLVO,C70,1ST GEN|2ND GEN,,,3,classic.com
VOLVO,DUETT,,,,1,classic.com
VOLVO,L3314,,,,1,classic.com
VOLVO,P1900,,,,1,classic.com
VOLVO,PV 56,,,,1,classic.com
VOLVO,PV444,,,,1,classic.com
VOLVO,PV544,,,,1,classic.com
VOLVO,PV800,,,,1,classic.com
VOLVO,S40,,,,1,classic.com
VOLVO,S60,1ST GEN|2ND GEN|3RD GEN,CROSS COUNTRY|POLESTAR|R DESIGN|S60 R DESIGN,,11,classic.com
VOLVO,S70,,,,1,classic.com
VOLVO,S80,1ST GEN|2ND GEN,,,3,classic.com
VOLVO,TP21,,,,1,classic.com
VOLVO,V60,1ST GEN|2ND GEN,POLESTAR|POLESTAR ENGINEERED,,5,classic.com
VOLVO,V70,1ST GEN|2ND GEN|3RD GEN,AUTOMATIC|BASE|MANUAL|R|R DESIGN|XC,,15,classic.com
WANDERER,MOTORCYCLES,,,,1,classic.com
WD DENZEL,1300,,,,1,classic.com
WELLS,VERTIGE,,,,1,classic.com
WHITE,COMMERCIAL VEHICLES,,,,1,classic.com
WHITE,HALF TRACK,,,,1,classic.com
WHITE,MODEL 30,,,,1,classic.com
WHITE,MODEL 40,,,,1,classic.com
WHITE,SCOUT CAR,,,,1,classic.com
WHITE,STEAMER,,,,1,classic.com
WIESMANN,MF3,,,,1,classic.com
WIESMANN,MF4,,,,1,classic.com
WIESMANN,MF5,,,,1,classic.com
WILLYS OVERLAND,77,,,,1,classic.com
WILLYS OVERLAND,AERO,,,,1,classic.com
WILLYS OVERLAND,AMERICAR,,,,1,classic.com
WILLYS OVERLAND,INTERLAGOS,,,,1,classic.com
WILLYS OVERLAND,JEEPSTER,,,,1,classic.com
WILLYS OVERLAND,M38,,,,1,classic.com
WILLYS OVERLAND,M38A1,,,,1,classic.com
WILLYS OVERLAND,MB,,,,1,classic.com
WILLYS OVERLAND,MODEL 83,,,,1,classic.com
WILLYS OVERLAND,MODEL 91,,,,1,classic.com
WILLYS OVERLAND,WILLYS KNIGHT,,,,1,classic.com
WOLSELEY,11001300,,,,1,classic.com
WOLSELEY,1456,,,,1,classic.com
WOLSELEY,1500,,MK III|MKI|MKII,,4,classic.com
WOLSELEY,1550,,,,1,classic.com
WOLSELEY,1660,,,,1,classic.com
WOLSELEY,680,,,,1,classic.com
WOLSELEY,HORNET,,MK I|MK II|MK III,,4,classic.com
WOLSELEY,HORNET SIX,,,,1,classic.com
WOLSELEY,OXFORD TAXI,,,,1,classic.com
WOLSELEY,SUPER SIX,,,,1,classic.com
WOODILL,BRUSHFIRE,,,,1,classic.com
WOODILL,WILDFIRE,,,,1,classic.com
ZASTAVA,750,,,,1,classic.com
ZIMMER,GOLDEN SPIRIT,,,,1,classic.com
ZIMMER,QUICKSILVER,,,,1,classic.com
